Topic_Folder,Source_File,Sentence,Extracted_Aspects,Sentiment,Confidence_Score
Algorithms,V1B21E_algorithms.txt,"It felt like there were, I think, maybe twice where I was with a group, but then it was a computer suggested song and that was just kind of sad because I felt like a waste of an opportunity.","it, i, i, a group, it, a computer, that, i, a waste, an opportunity",Negative,0.899
Algorithms,V1B21E_algorithms.txt,The computer suggested songs made sense given the other songs that I had heard.,"the computer, songs, sense, the other songs, that, i",Positive,0.5057
Algorithms,V1B21E_algorithms.txt,"They were kind of just like, here's a guitar and people singing.","they, a guitar, people",Neutral,0.7709
Algorithms,V1B21E_algorithms.txt,"So I was like, it makes sense, but it wasn't as good as the other songs.","i, it, sense, it, the other songs",Negative,0.7225
Algorithms,V1B21E_algorithms.txt,It was definitely the same genre.,"it, the same genre",Neutral,0.808
Algorithms,V1B21E_algorithms.txt,Okay.,No clear aspect,Neutral,0.5844
Algorithms,V1B21E_algorithms.txt,But like the other spectrum of the genre where like I don't really listen to that side of it that much.,"the other spectrum, the genre, i, that side, it",Neutral,0.4949
Algorithms,V1B21E_algorithms.txt,"So I don't know how to really describe that, just as not quite the same.","i, that",Negative,0.8073
Algorithms,V1B21E_algorithms.txt,"Yeah, I felt, so the genre overhaul I think would be kind of described as like folk, but that one led more into I don't know if I would describe it as like Country Sorrow, but I don't remember if it was actually like a happy or sad song, but it had more of that like, you would hear it on the radio and it would just kind of be on.","i, the genre overhaul, i, folk, that one, i, i, it, country sorrow, i, it, a happy or sad song, it, that, you, it, the radio, it",Neutral,0.7107
Algorithms,V1B21E_algorithms.txt,Yeah.,No clear aspect,Neutral,0.5491
Algorithms,V1B21E_algorithms.txt,I don't really know.,i,Neutral,0.6497
Algorithms,V1B21E_algorithms.txt,"Okay, yeah.",No clear aspect,Neutral,0.6096
Algorithms,V1B21E_algorithms.txt,A lot less involved in like musically diverse.,No clear aspect,Neutral,0.5959
Algorithms,V1B21E_algorithms.txt,"It was more generic, I suppose.","it, i",Neutral,0.5549
Algorithms,V1B21E_algorithms.txt,So I think like people find the more interesting songs and better than the computer tends to.,"i, people, the more interesting songs, the computer",Positive,0.7805
Algorithms,V1B21E_algorithms.txt,"Because I can't listen to it, it's just kind of making assumptions.","i, it, it, assumptions",Negative,0.9416
Algorithms,V1B21E_algorithms.txt,"But with the computer ones, it was kind of just like the passing by tune.","the computer ones, it, the passing, tune",Neutral,0.8264
Algorithms,V1B21E_algorithms.txt,Like I would never go listen to it again forcefully.,"i, it",Negative,0.9299
Algorithms,V1B21E_algorithms.txt,So Sometimes I'll try algorithms.,"i, algorithms",Neutral,0.7813
Algorithms,V1B21E_algorithms.txt,"I use Amazon Music, but their AI sucks.","i, amazon music, their ai",Negative,0.9576
Algorithms,V1B21E_algorithms.txt,"So I have Spotify specifically to like find songs occasionally when I'm in the mood, because it has ads and I like that.","i, songs, i, the mood, it, ads, i, that",Positive,0.8696
Algorithms,V1B21E_algorithms.txt,"I find the most success by whenever I'm hanging out with my friends and they're playing music, which is not super often, but when it happens, usually there's a song that I really like","i, the most success, i, my friends, they, music, which, it, a song, that, i",Positive,0.9762
Algorithms,V1B21E_algorithms.txt,and then I'll just kind of dive through the artist and explore their stuff.,"i, the artist, their stuff",Neutral,0.6727
Algorithms,V1B21E_algorithms.txt,And then you can see what playlists and usually that and other stuff.,"you, what",Neutral,0.8711
Algorithms,V1B21E_algorithms.txt,I kind of just like follow trails of what people find interesting.,"i, trails, what, people",Positive,0.8157
Algorithms,PUN5JW_algorithms.txt,Spotify does like the the like day lists or makes playlists for you.,"the the like day lists, playlists, you",Positive,0.7656
Algorithms,PUN5JW_algorithms.txt,So probably that too.,No clear aspect,Neutral,0.7801
Algorithms,VD1PLG_algorithms.txt,"Usually I would like just whatever song I like, I'll go to the artist and go through it.","i, just whatever song, i, i, the artist, it",Positive,0.5029
Algorithms,VD1PLG_algorithms.txt,"But recently I've been trying like just telling the, I use Spotify and they have the AI DJ.","i, the, i, spotify, they, the ai dj",Neutral,0.7261
Algorithms,VD1PLG_algorithms.txt,"So I've been just telling it, like I've been into Pharrell's like production, like with the band Nerd.","i, it, i, pharrell, production, the band nerd",Neutral,0.829
Algorithms,VD1PLG_algorithms.txt,"So I just asked them, I'm like, hey, like I want, I want to hear something like produced by Pharrell or Nerd.","i, them, i, i, i, something, pharrell, nerd",Neutral,0.7395
Algorithms,VD1PLG_algorithms.txt,And I'll like find some really cool songs that way.,"i, some really cool songs",Positive,0.9402
Algorithms,VD1PLG_algorithms.txt,"And I was like, I've been just using the, I've been trying to test out the like DJ AI thing","i, i, the, i, the like dj ai thing",Neutral,0.8685
Algorithms,VD1PLG_algorithms.txt,"and it's been pretty, pretty good.",it,Positive,0.9752
Algorithms,VD1PLG_algorithms.txt,I've been finding really cool songs.,"i, really cool songs",Positive,0.979
Algorithms,IQLWA6_algorithms.txt,Yeah.,No clear aspect,Neutral,0.5491
Algorithms,IQLWA6_algorithms.txt,"if they had come up on my music recommendations, I probably would have stayed to listen.","they, my music recommendations, i",Positive,0.6255
Algorithms,IQLWA6_algorithms.txt,"Yeah, definitely.",No clear aspect,Positive,0.5906
Algorithms,IQLWA6_algorithms.txt,"And so they'll give me something, but it is kind of hard to find new music.","they, me, something, it, new music",Neutral,0.5181
Algorithms,IQLWA6_algorithms.txt,"I think, because I don't use YouTube, I use Spotify A lot.","i, i, youtube, i",Neutral,0.5765
Algorithms,IQLWA6_algorithms.txt,And the only way to really get new music is to search something up and then let it be random.,"the only way, new music, something, it",Neutral,0.5802
Algorithms,IQLWA6_algorithms.txt,"But even then, sometimes I feel like it doesn't give me what I want, so I just give up and listen to it, I know.","i, it, me, what, i, i, it, i",Negative,0.5907
Algorithms,W5T7LB_algorithms.txt,"For the computer ones, I didn't really like them.","the computer ones, i, them",Negative,0.9106
Algorithms,W5T7LB_algorithms.txt,"Like it was like close though, I was like, I could see how like maybe an algorithm would think that like I would like this or like if I'm comparing it to like the other songs that I heard from like the other participants and like I could see how it could be like recommended, I guess.","it, i, i, an algorithm, i, this, i, it, the other songs, that, i, the other participants, i, it, i",Neutral,0.8269
Algorithms,W5T7LB_algorithms.txt,"But it was like, something was like off, and it just wasn't something that I like would naturally gravitate towards right now.","it, something, it, something, that, i",Negative,0.6749
Algorithms,W5T7LB_algorithms.txt,"But I kind of also realized during it that like context is really important for me, I like to know like what else the artist does, how long they've been making music, when the song came out, like all those kinds of things kind of play a role in like my enjoyment of a song.","i, it, context, me, i, what, the artist, they, music, the song, all those kinds, things, a role, my enjoyment, a song",Neutral,0.6542
Algorithms,W5T7LB_algorithms.txt,"I really, realized during that.","i, that",Neutral,0.6157
Algorithms,W5T7LB_algorithms.txt,"so maybe if I knew more about the artist or heard other songs by the artist, then I would enjoy those ones more.","i, the artist, other songs, the artist, i, those ones",Positive,0.6763
Algorithms,W5T7LB_algorithms.txt,"But for just listening to it, I wasn't a huge fan of the ones that were like recommended.","it, i, a huge fan, the ones, that",Negative,0.7854
Algorithms,W5T7LB_algorithms.txt,"I'm like, the Spotify algorithm always gets me too, you know, like I'm always getting like, I listen to the day list, I listen to like, I don't know, I'll do the thing where I like search a song and click on it, and then it'll just play like whatever's recommended after that.","i, the spotify algorithm, me, you, i, i, the day list, i, i, i, the thing, i, a song, it, it, whatever, that",Neutral,0.5587
Algorithms,W5T7LB_algorithms.txt,"Those are ways that I tend to like find new artists, I guess.","those, ways, that, i, new artists, i",Positive,0.7509
Algorithms,QNJQ2F_algorithms.txt,"I think the ones suggested by the computer were more accurate to what I would listen to than I thought it would be, if that was what the goal was.","i, the ones, the computer, what, i, i, it, that, what, the goal",Neutral,0.6094
Algorithms,QNJQ2F_algorithms.txt,"I didn't know any of them, but they were, I liked them.","i, any, them, they, i, them",Positive,0.8526
Algorithms,MH2DWX_algorithms.txt,"I guess sort of like at random, if that makes sense.","i, that, sense",Neutral,0.8405
Algorithms,MH2DWX_algorithms.txt,Some of my favorite songs are just ones that I found purely by chance.,"some, my favorite songs, just ones, that, i, chance",Positive,0.9508
Algorithms,MH2DWX_algorithms.txt,Like I think one of them I found just like scrolling YouTube,"i, them, i, youtube",Neutral,0.7728
Algorithms,MH2DWX_algorithms.txt,"and I was like, oh, that music video looks really good.","i, that music video",Positive,0.9877
Algorithms,MH2DWX_algorithms.txt,Became one of my favorite songs.,my favorite songs,Positive,0.9695
Algorithms,MH2DWX_algorithms.txt,Some of them are like suggestions.,"some, them, suggestions",Neutral,0.7269
Algorithms,MH2DWX_algorithms.txt,"Usually my like favorite, favorite ones are stuff I found like on my own that weren't necessarily recommended to me.","my like favorite, favorite ones, stuff, i, that, me",Positive,0.4929
Algorithms,MH2DWX_algorithms.txt,I guess it feels more personal.,"i, it",Neutral,0.7433
Algorithms,MH2DWX_algorithms.txt,Not really.,No clear aspect,Neutral,0.5599
Algorithms,MH2DWX_algorithms.txt,I'm not like actively searching out recommended songs usually.,"i, recommended songs",Neutral,0.5149
Algorithms,MH2DWX_algorithms.txt,Yeah.,No clear aspect,Neutral,0.5491
Algorithms,MH2DWX_algorithms.txt,I've only done that like once or twice.,"i, that",Neutral,0.8155
Algorithms,MH2DWX_algorithms.txt,"I'm just like, I feel like new music, but I want something like familiar or something.","i, i, new music, i, something",Neutral,0.6301
Algorithms,MH2DWX_algorithms.txt,But usually it just sort of pops up by chance.,"it, chance",Neutral,0.757
Algorithms,MH2DWX_algorithms.txt,"Like I'm not looking for new songs, I guess.","i, new songs, i",Neutral,0.6183
Algorithms,1JVZTM_algorithms.txt,Either from.,No clear aspect,Neutral,0.7075
Algorithms,1JVZTM_algorithms.txt,I use the.,"i, the",Neutral,0.7872
Algorithms,1JVZTM_algorithms.txt,I used to use the Spotify like DJ thing a lot.,"i, the spotify, dj thing",Neutral,0.8116
Algorithms,1JVZTM_algorithms.txt,But then it would like sometimes just gives you a bunch of stuff that I don't want to listen to.,"it, you, a bunch, stuff, that, i",Negative,0.9295
Algorithms,1JVZTM_algorithms.txt,"So I was like, So a lot of the times I'll go like, if there's like an artist, I'll like, on Spotify, there's like a tab that's like, other listeners like listen to these bands too, so I'll do that.","i, a lot, the times, i, an artist, i, spotify, a tab, that, other listeners, these bands, i, that",Neutral,0.5135
Algorithms,6R5ITB_algorithms.txt,And so I feel like I get a lot of new music that way because it'll like recommend stuff based on what me and the other person like.,"i, i, a lot, new music, it, stuff, what, me, the other person",Positive,0.8232
Algorithms,6R5ITB_algorithms.txt,"I sometimes like to do, like Spotify has this like AI DJ.","i, spotify, this, ai dj",Positive,0.5919
Algorithms,6R5ITB_algorithms.txt,Yeah.,No clear aspect,Neutral,0.5491
Algorithms,6R5ITB_algorithms.txt,Sometimes it's good,it,Positive,0.8852
Algorithms,6R5ITB_algorithms.txt,and then sometimes it just isn't quite the vibe.,"it, quite the vibe",Negative,0.7041
Algorithms,6R5ITB_algorithms.txt,"But sometimes it'll like, or like it does like the daily, like the daily mixes or something.","it, it, the daily mixes, something",Neutral,0.7946
Algorithms,6R5ITB_algorithms.txt,I'll play those sometimes and sometimes there's some new songs in there.,"i, those, some new songs",Neutral,0.6129
Algorithms,6R5ITB_algorithms.txt,"I also think I get a lot of my music recommendations from social media, like TikTok.","i, i, a lot, my music recommendations, social media, tiktok",Neutral,0.5502
Algorithms,6R5ITB_algorithms.txt,Yeah.,No clear aspect,Neutral,0.5491
Algorithms,6R5ITB_algorithms.txt,"Because I'll hear something on there and I'm like, oh, that's really cool.","i, something, i, that",Positive,0.964
Algorithms,6R5ITB_algorithms.txt,Or I'll hear like a artist like promoting that they're going on tour,"i, a artist, they",Neutral,0.8495
Algorithms,6R5ITB_algorithms.txt,and I'll hear like their music,"i, their music",Positive,0.5359
Algorithms,6R5ITB_algorithms.txt,"and I'm like, oh, that's a really good song.","i, that, a really good song",Positive,0.9779
Algorithms,62U759_algorithms.txt,I listen to my Spotify Discover weekly every week.,"i, my spotify discover weekly",Neutral,0.5061
Algorithms,62U759_algorithms.txt,I like just looking at my suggested that pops up through the computer for that as well.,"i, my, the computer, that",Positive,0.6897
Algorithms,62U759_algorithms.txt,"I think in terms of volume, the Discover Weekly is able to put a lot more songs at me.","i, terms, volume, the discover weekly, a lot more songs, me",Positive,0.8701
Algorithms,62U759_algorithms.txt,Because sometimes I like a song on Discover Weekly and I just don't revisit it.,"i, a song, discover weekly, i, it",Neutral,0.5525
Algorithms,62U759_algorithms.txt,"Like I don't come back to whatever, if that makes sense.","i, whatever, that, sense",Neutral,0.6921
Algorithms,62U759_algorithms.txt,Like I liked it in the moment and then.,"i, it, the moment",Positive,0.7557
Algorithms,62U759_algorithms.txt,"Like I would listen to music, but I would listen to only like the music that I knew.","i, music, i, the music, that, i",Neutral,0.6315
Algorithms,62U759_algorithms.txt,And I would like listen to the same few songs.,"i, the same few songs",Neutral,0.5703
Algorithms,62U759_algorithms.txt,"And like I started listening to the Discover Weekly, I think it was, and I would be like, whoa, like there's something to this.","i, the discover weekly, i, it, i, something, this",Neutral,0.7384
Algorithms,62U759_algorithms.txt,"And I would like start to pay attention more once that sort of got put on my radar and it kind of just exploded into having like, I want to listen to everything ever kind of deal.","i, attention, that sort, my radar, it, i, everything, ever kind of deal",Neutral,0.6094
Algorithms,B4A6KD_algorithms.txt,I think so.,i,Neutral,0.547
Algorithms,B4A6KD_algorithms.txt,Or like the computer [suggested] songs.,"the computer, songs",Neutral,0.8082
Algorithms,B4A6KD_algorithms.txt,"I just like... there was one I was like, “I hate this.”","i, i, i, this",Negative,0.9248
Algorithms,B4A6KD_algorithms.txt,I do algorithm stuff.,"i, algorithm stuff",Neutral,0.7784
Algorithms,B4A6KD_algorithms.txt,I follow artists that I already know.,"i, artists, that, i",Neutral,0.7582
Algorithms,B4A6KD_algorithms.txt,"And then like Spotify has like a, “you may know this artist.”","spotify, a, you, this artist",Neutral,0.7594
Algorithms,B4A6KD_algorithms.txt,And then typically I like when my friends send me songs,"i, my friends, me, songs",Positive,0.8241
Algorithms,B4A6KD_algorithms.txt,and I'll like go through that artist and then find things related.,"i, that artist, things",Neutral,0.6147
Algorithms,B4A6KD_algorithms.txt,"So like, through friends and then algorithms step 2 type of thing.","friends, step, 2 type, thing",Neutral,0.9011
Algorithms,B4A6KD_algorithms.txt,A lot of my favorite songs have been things that people have shown me as well.,"a lot, my favorite songs, things, that, people, me",Positive,0.955
Algorithms,B4A6KD_algorithms.txt,"Were the computer [suggested] songs, were those real?","the computer, songs",Neutral,0.8658
Algorithms,B4A6KD_algorithms.txt,That's my only question.,"that, my only question",Neutral,0.803
Algorithms,B4A6KD_algorithms.txt,Like they're not like AI generated?,"they, ai",Neutral,0.5042
Algorithms,9SZ2DJ_algorithms.txt,"I think, like in the past, I've like tried to like find like playlists based on what I'm trying to listen to.","i, the past, i, playlists, what, i",Neutral,0.8647
Algorithms,9SZ2DJ_algorithms.txt,"Like, I think sometimes like I remember this summer, I was thinking songs that are just the vibes of a road trip.","i, i, i, songs, that, just the vibes, a road trip",Neutral,0.7759
Algorithms,9SZ2DJ_algorithms.txt,"And we were driving to Miami and more songs like that, you know, I feel like Miami is kind of a genre, So, things like that, I look up, I look up playlists and just look at random people's playlists and look at stuff, or if it's like heartbreak music, like I'll just look at other people's playlists, see like what other people are listening to.","we, miami, that, you, i, miami, a genre, that, i, i, playlists, random people's playlists, stuff, it, heartbreak music, i, other people's playlists, what, other people",Neutral,0.747
Algorithms,9SZ2DJ_algorithms.txt,"But I feel like recently it's been like, But definitely, I feel like the ones that I stick to the most are the ones my friends tell me about because it's like, they know what you listen to and they, but then they also want to introduce you to their music taste.","i, it, i, the ones, that, i, the ones, my friends, me, it, they, what, you, they, they, you, their music taste",Positive,0.6124
Algorithms,9SZ2DJ_algorithms.txt,"So it's like cool to listen to your friends' music and then be like, oh, I like this too, Yeah.","it, your friends' music, i, this",Positive,0.9647
Algorithms,V47GRV_algorithms.txt,"The computer songs sounded pretty much how I thought they would, because I figured it would be pretty similar to what I had submitted.","the computer songs, i, they, i, it, what, i",Positive,0.6679
Algorithms,V47GRV_algorithms.txt,"But like I said, I expected the other people's favorite songs to be a more diverse set of genres.","i, i, the other people's favorite songs, a more diverse set, genres",Neutral,0.6829
Algorithms,V47GRV_algorithms.txt,"I pick up music very slowly and I've only had a Spotify account for the like, since I got into college, so about two years.","i, music, i, a spotify account, i, college",Neutral,0.5784
Algorithms,V47GRV_algorithms.txt,"now occasionally, because I have more of a defined playlist of adding things that I do enjoy, occasionally I will put use the Spotify algorithms to see what it suggests.","i, a defined playlist, things, that, i, i, the spotify algorithms, what, it",Positive,0.7103
Algorithms,V47GRV_algorithms.txt,"And then sometimes if I really like it, or if it's a song that feels nostalgic that I haven't heard in a while, then I'll throw it in my playlist.","i, it, it, a song, that, i, a while, i, it, my playlist",Positive,0.7452
Algorithms,V47GRV_algorithms.txt,"Other than that, I don't know where I get my music.","that, i, i, my music",Negative,0.4944
Algorithms,V47GRV_algorithms.txt,Sometimes it just occurs and it just appears.,"it, it",Neutral,0.7498
Algorithms,V47GRV_algorithms.txt,I went to my playlist on Spotify.,"i, my playlist, spotify",Positive,0.6119
Algorithms,V47GRV_algorithms.txt,"I scrolled kind of more towards the bottom, towards the songs I've added more recently, because that's more consistent with my current taste.","i, the bottom, the songs, i, that, my current taste",Neutral,0.6144
Algorithms,V47GRV_algorithms.txt,I mostly sorted it probably by bands and artists that I enjoy more and listen to more often.,"i, it, bands, artists, that, i",Positive,0.8936
Algorithms,V47GRV_algorithms.txt,"And then just pick the ones that were, that I like, I guess.","the ones, that, i, i",Positive,0.5287
Algorithms,2MDJD4_algorithms.txt,"Like sometimes I will get it from a curated playlist, but it's usually like a mix on Spotify that's already like 90% of the songs that I already have liked and they just kind of put them together.","i, it, a curated playlist, it, a mix, spotify, that, 90%, the songs, that, i, they, them",Positive,0.5626
Algorithms,2MDJD4_algorithms.txt,"Yeah, like if it goes off of like strictly, I guess, like if it chooses stuff from like artists you've already like listened to or it sees that you listen to frequently, you've way higher a chance of being like, okay, I like this.","it, i, it, stuff, artists, you, it, you, you, a chance, i, this",Positive,0.8085
Algorithms,2MDJD4_algorithms.txt,"Then if it's just like a random artist you've never heard and you're just like, oh, okay.","it, a random artist, you, you",Neutral,0.7243
Algorithms,JAC6MU_algorithms.txt,"I don't like to engage with like internet music discourse that much, but sometimes I'll like watch a video about somebody talking about music and then they'll mention this song","i, internet music, i, a video, somebody, music, they, this song",Neutral,0.5578
Algorithms,JAC6MU_algorithms.txt,"and I'll be like, okay, I'll check it out.","i, i, it",Positive,0.5114
Algorithms,JAC6MU_algorithms.txt,"Like, I don't know.",i,Neutral,0.502
Algorithms,JAC6MU_algorithms.txt,But it's never from an algorithm.,"it, an algorithm",Neutral,0.6587
Algorithms,JAC6MU_algorithms.txt,Or that's not entirely true because like YouTube algorithm and like other stuff like that.,"that, youtube algorithm, other stuff, that",Neutral,0.5777
Algorithms,JAC6MU_algorithms.txt,"But like never from like, I use Spotify, never from like Discover Weekly or stuff like that.","i, spotify, discover weekly, that",Neutral,0.6265
Algorithms,JAC6MU_algorithms.txt,"Or it's usually like related bands maybe, or like bands on like the same label, like that type of stuff.","it, related bands, bands, the same label, that type, stuff",Neutral,0.8958
Algorithms,JAC6MU_algorithms.txt,I feel like I've really been developing my personal taste like exponentially over the past like maybe half decade.,"i, i, my personal taste, the past, maybe half decade",Positive,0.6921
Algorithms,JAC6MU_algorithms.txt,"Part of that was getting Spotify Premium, which I hate to say.","part, that, spotify premium, which, i",Negative,0.5021
Algorithms,JAC6MU_algorithms.txt,"I'm very like, screw Spotify and all these streaming services, but also, God, it's showing me so much good stuff.","i, it, me, so much good stuff",Positive,0.4867
Algorithms,JAC6MU_algorithms.txt,It's like just the realm of possibilities is so open.,"it, just the realm, possibilities",Positive,0.7019
Algorithms,L0CULX_algorithms.txt,I love like listening to new music.,"i, new music",Positive,0.9886
Algorithms,L0CULX_algorithms.txt,So I usually like Spotify is the streaming platform I use.,"i, the streaming platform, i",Positive,0.7145
Algorithms,L0CULX_algorithms.txt,So I usually just like it gives you the like top hits every week.,"i, it, you, the like top hits",Neutral,0.5361
Algorithms,L0CULX_algorithms.txt,"And then it also gives you the, your suggested topics.","it, you, the, your suggested topics",Neutral,0.862
Algorithms,L0CULX_algorithms.txt,"So weekly, I'll just go and be like, listen through it.","i, it",Neutral,0.8325
Algorithms,Y1I6D6_algorithms.txt,"Like Spotify gives me the Discover Weekly and then I'll kind of go down like rabbit holes of like, if I find a song I like, I'll go to the radio and listen to all those songs.","spotify, me, the discover weekly, i, rabbit holes, i, a song, i, i, the radio, all those songs",Positive,0.5764
Algorithms,Y1I6D6_algorithms.txt,"And then if I like another song, do that again and again, and then kind of just keep finding songs I like.","i, another song, that, songs, i",Positive,0.7136
Algorithms,IAFS52_algorithms.txt,"I don't know, just algorithms, a much game.","i, a much game",Neutral,0.5601
Algorithms,IAFS52_algorithms.txt,"I listened to like, it's also just like, for context, I think it was like 2017.","i, it, context, i, it",Neutral,0.8357
Algorithms,IAFS52_algorithms.txt,"So it was like still somewhat relevant in like mainstream, if that makes sense.","it, mainstream, that, sense",Neutral,0.5505
Algorithms,IAFS52_algorithms.txt,"Cause it's like, it's around the time when like MCR and like, especially Fallout Boy, like Fallout Boy was like in main media.","it, it, the time, mcr, especially fallout boy, fallout boy, main media",Neutral,0.8916
Algorithms,IAFS52_algorithms.txt,"And I was like, okay, I like Fall Out Boy.","i, i",Positive,0.8601
Algorithms,IAFS52_algorithms.txt,And then algorithms kept on just recommending me stuff like that.,"algorithms, me, stuff, that",Negative,0.5491
Algorithms,IAFS52_algorithms.txt,"And I was like, this is kind of interesting.","i, this",Positive,0.9578
Algorithms,IAFS52_algorithms.txt,And I kind of like this.,"and i, this",Positive,0.8641
Algorithms,Z01ABO_algorithms.txt,I do sometimes.,i,Neutral,0.6906
Algorithms,Z01ABO_algorithms.txt,"Like, because I think it also depends on my mood.","i, it, my mood",Neutral,0.8355
Algorithms,Z01ABO_algorithms.txt,"Because like sometimes I'll be like, I just want some noise.","i, i, some noise",Neutral,0.5986
Algorithms,Z01ABO_algorithms.txt,And I'll like listen to like new stuff.,"i, new stuff",Positive,0.8996
Algorithms,0M3LDX_algorithms.txt,"A part of me, I guess, is like a little bit surprised at the computer-selected songs.","a part, me, i, the computer-selected songs",Neutral,0.5754
Algorithms,0M3LDX_algorithms.txt,I'm not sure why.,i,Neutral,0.531
Algorithms,0M3LDX_algorithms.txt,"It's just like, they felt very like, I guess relevant and like popular.","it, they, i",Positive,0.7481
Algorithms,0M3LDX_algorithms.txt,I'm not sure what I was expecting.,"i, what, i",Negative,0.6175
Algorithms,0M3LDX_algorithms.txt,"I guess just like, I don't know.","i, i",Neutral,0.5463
Algorithms,0M3LDX_algorithms.txt,It's hard to explain.,it,Negative,0.5752
Algorithms,0M3LDX_algorithms.txt,It just caught me by surprise for some reason.,"it, me, surprise, some reason",Neutral,0.5835
Algorithms,0M3LDX_algorithms.txt,"Oh, I remember why it was surprising to me.","i, it, me",Neutral,0.6298
Algorithms,0M3LDX_algorithms.txt,"Sorry, but that does answer your question.","that, your question",Neutral,0.5886
Algorithms,0M3LDX_algorithms.txt,"So what was surprising to me was how sort of accurate it was, like what I typically enjoy, which is also similar to what I experience when I get algorithm suggested playlists and whatnot.","what, me, it, what, i, which, what, i, i, algorithm, playlists",Positive,0.6443
Algorithms,0M3LDX_algorithms.txt,"Like it includes stuff that I enjoy, not that the computer ones did, but similar genres.","it, stuff, that, i, the computer ones",Positive,0.8897
Algorithms,0M3LDX_algorithms.txt,"And it plays music that I know and have already listened to and enjoy, but also new, similar things that I probably will enjoy.","it, music, that, i, new, similar things, that, i",Positive,0.9288
Algorithms,0M3LDX_algorithms.txt,So that is my experience with that.,"that, my experience, that",Neutral,0.7922
Algorithms,0M3LDX_algorithms.txt,Usually I don't use those algorithms just because sometimes I'm a little bit nervous about listening to new things.,"i, those algorithms, i, new things",Negative,0.6626
Algorithms,0M3LDX_algorithms.txt,"But yeah, that's my limited experience with them.","that, my limited experience, them",Neutral,0.6292
Algorithms,0M3LDX_algorithms.txt,They're very cool.,they,Positive,0.9787
Algorithms,0M3LDX_algorithms.txt,And I just sort of remember that band's name or that artist's name.,"i, that band's name, that artist's name",Neutral,0.87
Algorithms,0M3LDX_algorithms.txt,And then when they inevitably pop up I give them a listen.,"they, i, them, a listen",Neutral,0.8205
Algorithms,0M3LDX_algorithms.txt,"And then sometimes, you know, the Spotify explore feature where you can just choose a genre and then swipe up on songs and like hear like 30 second snippets of them.","you, you, a genre, songs, 30 second snippets, them",Neutral,0.7236
Algorithms,0M3LDX_algorithms.txt,I also use that sometimes when I'm bored.,"i, that, i",Neutral,0.6388
Algorithms,0M3LDX_algorithms.txt,"And yeah, it's pretty cool.",it,Positive,0.977
Algorithms,0M3LDX_algorithms.txt,With the computer,the computer,Neutral,0.7031
Algorithms,0M3LDX_algorithms.txt,"[suggested] ones, it's like, okay, it's based off of someone's-- I don't know how the algorithm works exactly, so I'm just going off of how I'm guessing it works.","ones, it, it, someone's--, i, the algorithm, i, i, it",Neutral,0.7288
Algorithms,0M3LDX_algorithms.txt,"But the algorithm, it picks songs based off what it thinks the listener will like, which I know, I tend to humanize computers, as a computer science major, a little bit.","it, songs, what, it, the listener, which, i, i, computers, a computer science major, a little bit",Neutral,0.6851
Algorithms,0M3LDX_algorithms.txt,"But I can see the “effort” or “thought” put into it and be like, that's, you made an “effort” and sometimes it works, sometimes it doesn't, but it doesn't feel as human.","i, the “effort, it, that, you, an “effort, it, it, it",Negative,0.58
Algorithms,0M3LDX_algorithms.txt,Like the connection isn't really there.,the connection,Negative,0.5746
Algorithms,0M3LDX_algorithms.txt,"For the human selected ones, a human actually went through that, has some sort of connection to it.","the human selected ones, a human, that, some sort, connection, it",Neutral,0.8806
Algorithms,0M3LDX_algorithms.txt,"But the computer ones, it's, connection isn't there.","the computer ones, it, connection",Negative,0.5907
Algorithms,0M3LDX_algorithms.txt,It's just an algorithm spitting out what it thinks is most optimal.,"it, an algorithm, what, it",Neutral,0.7254
Algorithms,X1QQ4F__algorithms.txt,I was going to ask you about the last song that I heard because I really liked it.,"i, you, the last song, that, i, i, it",Positive,0.9224
Algorithms,X1QQ4F__algorithms.txt,Probably after this I'll try to find it anyways.,"this, i, it",Neutral,0.8112
Algorithms,X1QQ4F__algorithms.txt,"Yeah, and actually I liked the first one too.",i,Positive,0.9293
Algorithms,X1QQ4F__algorithms.txt,"I thought the algorithm was, I don't want to say tender","i, the algorithm, i, tender",Negative,0.4891
Algorithms,X1QQ4F__algorithms.txt,"[catered?] to what I kind of like, but in a sense it almost felt like it.","what, i, a sense, it, it",Neutral,0.6954
Algorithms,X1QQ4F__algorithms.txt,"The other people's music was definitely different, but it wasn't as different as I was expecting.","the other people's music, it, i",Neutral,0.6318
Algorithms,X1QQ4F__algorithms.txt,I was expecting something very different.,"i, something",Neutral,0.6031
Algorithms,X1QQ4F__algorithms.txt,I don't really know why.,i,Neutral,0.5487
Algorithms,X1QQ4F__algorithms.txt,Probably just because of where they live.,they,Neutral,0.6205
Algorithms,PYIPEW_algorithms.txt,"Yeah, a lot of times I'll like put on a song or two that I like and then just have Spotify like shuffle or I'll do I've been trying out the DJ lately.","times, i, a song, that, i, shuffle, i, i, the dj",Positive,0.6499
Algorithms,PYIPEW_algorithms.txt,I don't know how I feel about it.,"i, i, it",Negative,0.7091
Algorithms,PYIPEW_algorithms.txt,Sometimes it's good.,it,Positive,0.8462
Algorithms,PYIPEW_algorithms.txt,"Sometimes I'm like, But I definitely do like just hearing things that are like similar to what I'm listening to, but, you know, new to me still.","i, i, things, that, what, i, you, me",Positive,0.7985
Algorithms,PYIPEW_algorithms.txt,"So, yeah.",No clear aspect,Neutral,0.6129
Algorithms,OSF8B7_algorithms.txt,"TikTok, I found a lot of small artists that I really like because they'll pop up and then I follow them.","i, a lot, small artists, that, i, they, i, them",Positive,0.9644
Algorithms,OSF8B7_algorithms.txt,They do like the Discover mix.,"they, the discover mix",Neutral,0.5153
Algorithms,OSF8B7_algorithms.txt,They'll renew it every week.,"they, it",Neutral,0.8747
Algorithms,OSF8B7_algorithms.txt,I used to listen to it a lot more.,"i, it",Positive,0.4956
Algorithms,OSF8B7_algorithms.txt,I've never really found anything I loved off of it.,"i, anything, i, it",Negative,0.5004
Algorithms,OSF8B7_algorithms.txt,Like the only thing I've ever found was it would take bands I already listened to.,"the only thing, i, it, bands, i",Neutral,0.7271
Algorithms,OSF8B7_algorithms.txt,"And sometimes if they had newer music I hadn't listened to yet, it would be on there and I'd like that.","they, newer music, i, it, i, that",Positive,0.6138
Algorithms,OSF8B7_algorithms.txt,But most of the straight out recommendations I did not enjoy.,"the straight out recommendations, i",Negative,0.9036
Algorithms,OSF8B7_algorithms.txt,"Sure, yeah.",No clear aspect,Positive,0.5765
Algorithms,OSF8B7_algorithms.txt,Or it was just really indifferent too.,it,Negative,0.6505
Algorithms,OSF8B7_algorithms.txt,Especially modern rap.,especially modern rap,Neutral,0.7834
Algorithms,OSF8B7_algorithms.txt,I hate modern rap.,"i, modern rap",Negative,0.9696
Algorithms,OSF8B7_algorithms.txt,And it kept trying to recommend that to me.,"it, that, me",Neutral,0.6411
Algorithms,OSF8B7_algorithms.txt,So I kept thumbs downing it.,"i, thumbs, it",Negative,0.6369
Algorithms,OSF8B7_algorithms.txt,And finally it stopped giving me rap songs.,"it, me, rap songs",Negative,0.749
Algorithms,OSF8B7_algorithms.txt,"But then the other ones, a lot of the time it","but then the other ones, a lot, the time, it",Neutral,0.725
Algorithms,OSF8B7_algorithms.txt,"But then the other ones, a lot of the time it would just be like bland.","but then the other ones, a lot, the time, it",Negative,0.7023
Algorithms,OSF8B7_algorithms.txt,"Weird term for music, but just be like, I would listen to it if it was on, but I wouldn't go out of the way to put it on.","music, i, it, it, i, the way, it",Neutral,0.4826
Algorithms,OSF8B7_algorithms.txt,Sure.,No clear aspect,Neutral,0.4753
Algorithms,OSF8B7_algorithms.txt,Like background music-ish.,background music-ish,Neutral,0.8195
Algorithms,OA8J4N_algorithms.txt,But sometimes I do like the generated ones.,"i, the generated ones",Positive,0.5425
Algorithms,OA8J4N_algorithms.txt,Like sometimes my Apple Music will be playing songs I hear all the time.,"my apple music, songs, i",Neutral,0.4952
Algorithms,OA8J4N_algorithms.txt,So I'll do like a random playlist that's like in a genre that I like.,"i, a random playlist, that, a genre, that, i",Positive,0.5986
Algorithms,OA8J4N_algorithms.txt,So there's already auto-generated songs like curated and a mix together.,auto-generated songs,Neutral,0.855
Algorithms,9772KI_algorithms.txt,"Yeah, I like, I use Spotify, so I like sometimes just listening to like what is recommended for me.","i, i, spotify, i, what, me",Positive,0.8627
Algorithms,J0QRGC_algorithms.txt,"I listen to a lot of music on Spotify, so sometimes I just like search for a genre and like look through some playlists.","i, a lot, music, spotify, i, a genre, some playlists",Positive,0.5106
Algorithms,J0QRGC_algorithms.txt,"But I also use also like social media, sometimes I find these songs that way.","i, social media, i, these songs",Neutral,0.7874
Algorithms,J0QRGC_algorithms.txt,"Just by coincidence, I guess.","coincidence, i",Neutral,0.7488
Algorithms,J0QRGC_algorithms.txt,"But I also, sometimes when I'm, I know that I'm trying to get into a specific genre, I go to a website, I don't know if you've heard of it, it's called every noise.com.","i, i, i, i, a specific genre, i, a website, i, you, it, it",Neutral,0.8283
Algorithms,J0QRGC_algorithms.txt,"And it has, like, I think it uses, whatever like data from Spotify, but it kind of just like, it's kind of just a giant list of every genre that you could possibly think of.","it, i, it, whatever, data, spotify, it, it, just a giant list, every genre, that, you",Neutral,0.7386
Algorithms,IIW3F8_algorithms.txt,I feel like it depends.,"i, it",Neutral,0.8109
Algorithms,IIW3F8_algorithms.txt,Sometimes I'm A Spotify girl.,"i, a spotify girl",Neutral,0.7683
Algorithms,IIW3F8_algorithms.txt,"So like I'll hit shuffle on my playlist or whatever, but then I'll let it play into the like suggested songs.","i, shuffle, my playlist, whatever, i, it, the like suggested songs",Neutral,0.7438
Algorithms,IIW3F8_algorithms.txt,"And sometimes I will just, like I'll look up one song that I want","i, i, one song, that, i",Neutral,0.6196
Algorithms,IIW3F8_algorithms.txt,and then it'll play songs that are similar to that.,"it, songs, that, that",Neutral,0.8782
Algorithms,IIW3F8_algorithms.txt,"So that's usually how I find new music, but it's also like my friends have similar music tastes and sometimes I'll hear a song","that, i, new music, it, my friends, i, a song",Positive,0.7471
Algorithms,IIW3F8_algorithms.txt,"and I'm like, whoa, what is that?","i, what, that",Neutral,0.6187
Algorithms,IIW3F8_algorithms.txt,And then I'll like look at it on my own.,"i, it",Neutral,0.7199
Algorithms,IIW3F8_algorithms.txt,"But a lot of it is just like, This is a playlist that I like, but I want to get new music, so I'll hit the very last song and then let it give me suggested songs.","a lot, it, this, a playlist, that, i, i, new music, i, the very last song, it, me, suggested songs",Positive,0.6922
Algorithms,IIW3F8_algorithms.txt,Yeah.,No clear aspect,Neutral,0.5491
Algorithms,IIW3F8_algorithms.txt,"So, yeah.",No clear aspect,Neutral,0.6129
Algorithms,V4HSKU_algorithms.txt,"when it came to the computer algorithm, I felt myself not wanting to like pay as much attention to the song or not wanting to enjoy it, or like not needing to enjoy it as much because I didn't have any like personal connection to anyone at least that was in the room.","it, the computer algorithm, i, myself, as much attention, the song, it, it, i, any, personal connection, anyone, that, the room",Negative,0.6744
Algorithms,V4HSKU_algorithms.txt,"Yeah, that's a good question because sometimes I just, I don't really know.","that, a good question, i, i",Neutral,0.4704
Algorithms,V4HSKU_algorithms.txt,Sometimes I just kind of pick my favorite music and just have that match the vibe of whatever I'm feeling.,"i, my favorite music, that, the vibe, whatever, i",Positive,0.6727
Algorithms,V4HSKU_algorithms.txt,Yeah.,No clear aspect,Neutral,0.5491
Algorithms,V4HSKU_algorithms.txt,"But a lot of times I, don't know actually, I think it's kind of random just maybe what I haven't listened to in a while between all my playlists or I use Spotify and I have the Discover Weekly playlist that comes out with like 20 new songs that you never listened to on your Spotify account based on what you might listen to.","a lot, times, i, i, it, what, i, a while, all my playlists, i, spotify, i, the discover weekly playlist, that, 20 new songs, that, you, your spotify account, what, you",Neutral,0.6006
Algorithms,V4HSKU_algorithms.txt,"So I use that a lot, like just at the beginning of the week to listen to some new songs and then incorporate that into my playlist.","i, that, a lot, the beginning, the week, some new songs, my playlist",Positive,0.5027
Algorithms,V4HSKU_algorithms.txt,So I feel like I always resort to that when I don't feel a specific vibe or what I want to listen to.,"i, i, that, i, a specific vibe, what, i",Negative,0.587
Algorithms,V4HSKU_algorithms.txt,"Yes, I do.",i,Positive,0.5486
Algorithms,V4HSKU_algorithms.txt,I used to Discover Weekly A lot.,"i, discover weekly",Neutral,0.8827
Algorithms,V4HSKU_algorithms.txt,"And then, through other people too, and through specifically that one friend who I know that, we listen to a lot of bluegrass, that's the music I was kind of referring to, is that we have similar tastes in that.","other people, who, i, we, a lot, bluegrass, that, the music, i, we, similar tastes, that",Positive,0.5982
Algorithms,V4HSKU_algorithms.txt,"And I love finding new bluegrass music, so I get it from her a lot.","i, new bluegrass music, i, it, her",Positive,0.9852
Algorithms,V4HSKU_algorithms.txt,"My parents too, we all have kind of similar music tastes, but I think on a day-to-day basis, the Discover Weekly, or like the, I guess it's like Spotify generated playlist that they put on your homepage based on what you listen to.","we, all, kind of similar music tastes, i, day, the, i, it, generated playlist, they, your homepage, what, you",Neutral,0.6565
Algorithms,V4HSKU_algorithms.txt,just to see if something new is good.,something,Neutral,0.754
Algorithms,V4HSKU_algorithms.txt,And obviously the algorithm knows what I like to listen to.,"the algorithm, what, i",Neutral,0.6149
Algorithms,PF65TG_algorithms.txt,I use the radio.,"i, the radio",Neutral,0.7904
Algorithms,PF65TG_algorithms.txt,I have my own CDs I put in my car.,"i, my own cds, i, my car",Neutral,0.8401
Algorithms,PF65TG_algorithms.txt,"And then, well, I don't have Spotify Premium, but I'll listen to like the daily mix they'll make or like some of those other kind of like other playlists that they make, which I like.","i, premium, i, the daily mix, they, some, those other kind, other playlists, that, they, which, i",Positive,0.8608
Algorithms,PF65TG_algorithms.txt,I think most of the time they play like music that I've heard of before.,"i, the time, they, music, that, i",Neutral,0.7666
Algorithms,PF65TG_algorithms.txt,So sometimes I get a little frustrated that it's like no new song.,"i, it, no new song",Negative,0.9202
Algorithms,NX3IYL_algorithms.txt,"Yeah, I use, that's how I've found like a couple of my favorite bands were just through some Spotify algorithms.","i, that, i, a couple, my favorite bands, some spotify algorithms",Positive,0.8268
Algorithms,NX3IYL_algorithms.txt,"But mainly the Spotify algorithm, because I do like a pretty specific type of music.","but mainly the spotify algorithm, i, a pretty specific type, music",Positive,0.6866
Algorithms,7D8BPD_algorithms.txt,So I really stick to what I know in my playlist.,"i, what, i, my playlist",Neutral,0.7272
Algorithms,7D8BPD_algorithms.txt,"And then once those playlists like get run through, my own like music platform will start suggesting music to me and I'll be like, oh, that's cool.","those playlists, my own like music platform, music, me, i, that",Positive,0.8179
Algorithms,5F2WAZ_algorithms.txt,"No, I don't really like to use those because I feel like they always just give you like, it'll be like the same songs.","i, those, i, they, you, it, the same songs",Negative,0.7287
Algorithms,5F2WAZ_algorithms.txt,Like I've had the conversation like with my friends,"i, the conversation, my friends",Neutral,0.8589
Algorithms,5F2WAZ_algorithms.txt,"And then they're like, does this song always come on like randomly in your algorithm?","they, this song, your algorithm",Neutral,0.7499
Algorithms,5F2WAZ_algorithms.txt,"I'm like, yeah.",i,Neutral,0.6307
Algorithms,5F2WAZ_algorithms.txt,"So I think it's just like, it's not really catered to me if they were trying to give me like a curated playlist, you know, even if they say it's like, based off of this, you might like this, they're probably showing that same playlist or like very similar to other people.","i, it, it, me, they, me, a curated playlist, you, they, it, this, you, this, they, that same playlist, other people",Neutral,0.7066
Algorithms,R5EXRJ_algorithms.txt,I guess I just noticed that like the computer algorithm was kind of weird.,"i, i, the computer algorithm",Negative,0.8183
Algorithms,R5EXRJ_algorithms.txt,"I liked the first one, cbut it definitely had a weird start to it","i, it, a weird start, it",Positive,0.5494
Algorithms,R5EXRJ_algorithms.txt,and then I really did not like the second one.,i,Negative,0.939
Algorithms,R5EXRJ_algorithms.txt,So I don't know.,i,Neutral,0.6297
Algorithms,R5EXRJ_algorithms.txt,It was interesting to see how it varied to my tastes.,"it, it, my tastes",Positive,0.823
Algorithms,R5EXRJ_algorithms.txt,"Was just really... for me, it was like the genre, like I don't like country music.","me, it, the genre, i, country music",Negative,0.8844
Algorithms,R5EXRJ_algorithms.txt,And so I heard a country song,"i, a country song",Neutral,0.7412
Algorithms,R5EXRJ_algorithms.txt,"and I automatically was like, no, absolutely not.",i,Negative,0.5263
Algorithms,R5EXRJ_algorithms.txt,"And the first one, I guess like when I first started listening to it, I was like, this is really weird.","i, i, it, i, this",Negative,0.7008
Algorithms,R5EXRJ_algorithms.txt,Like weird.,No clear aspect,Negative,0.7047
Algorithms,R5EXRJ_algorithms.txt,It was like really techy.,it,Neutral,0.6125
Algorithms,R5EXRJ_algorithms.txt,music.,music,Neutral,0.6817
Algorithms,R5EXRJ_algorithms.txt,And then it got more into the song and I started to really like it.,"it, the song, i, it",Positive,0.9628
Algorithms,R5EXRJ_algorithms.txt,And then I looked at it,"i, it",Neutral,0.7144
Algorithms,R5EXRJ_algorithms.txt,"and I was like, it's computer generated.","i, it, computer",Neutral,0.5372
Algorithms,R5EXRJ_algorithms.txt,"So then I guess that throws in like another bias of like, oh, well, it's the computer.","i, another bias, it, the computer",Negative,0.5162
Algorithms,R5EXRJ_algorithms.txt,So it's going to be weird.,it,Neutral,0.5178
Algorithms,R5EXRJ_algorithms.txt,Like it's not going to be like personal.,it,Neutral,0.5643
Algorithms,R5EXRJ_algorithms.txt,"Like on Spotify, they have the DJ and they'll like to, they'll be like, we'll play some music from your likes list.","spotify, they, the dj, they, they, we, some music, your likes list",Neutral,0.5917
Algorithms,R5EXRJ_algorithms.txt,And then I'll just throw a couple of different ones out there for you.,"i, a couple, different ones, you",Neutral,0.8422
Algorithms,R5EXRJ_algorithms.txt,"And like the different ones, like some, like they really vary.","the different ones, some, they",Neutral,0.8174
Algorithms,R5EXRJ_algorithms.txt,"Like sometimes I'm like, okay, like I can get into this.","i, i, this",Positive,0.7139
Algorithms,R5EXRJ_algorithms.txt,"But for me personally, it's really hard to get into new music because I just, I don't know, it's hard for me to like stay and listen.","me, it, new music, i, i, it, me",Negative,0.7489
Algorithms,R5EXRJ_algorithms.txt,"for this, it was good for me because I actually had to sit down and listen to the whole song, not just skip every 30 seconds.","this, it, me, i, the whole song, every 30 seconds",Positive,0.9498
Algorithms,R5EXRJ_algorithms.txt,"So, yeah.",No clear aspect,Neutral,0.6129
Algorithms,1MM3K9_algorithms.txt,I think most of it comes from the suggestions from Spotify.,"i, it, the suggestions, spotify",Neutral,0.6528
Algorithms,1MM3K9_algorithms.txt,It's like I get a lot from the day list or whatever it's suggesting for me.,"it, i, a lot, the day list, whatever, it, me",Neutral,0.7161
Algorithms,1MM3K9_algorithms.txt,That's where I get a lot of my new stuff.,"that, i, a lot, my new stuff",Neutral,0.6898
Algorithms,1MM3K9_algorithms.txt,But then also if like one of my favorite artists is releasing a new album.,"my favorite artists, a new album",Positive,0.8254
Algorithms,1MM3K9_algorithms.txt,I will stay up till midnight to listen to it and then do that.,"i, midnight, it, that",Neutral,0.6911
Algorithms,1MM3K9_algorithms.txt,But most of it is probably from just the algorithm.,"it, just the algorithm",Neutral,0.659
Algorithms,WXA3LM_algorithms.txt,I felt like the two I got were kind of generic poppy.,"i, i, kind of generic poppy",Negative,0.6571
Algorithms,WXA3LM_algorithms.txt,I don't know if it quite it didn't quite seem similar to like the songs I put.,"i, if it, it, the songs, i",Negative,0.586
Algorithms,WXA3LM_algorithms.txt,And I don't know if it quite seemed like overly similar to some of the other people's songs.,"i, it, some, the other people's songs",Neutral,0.529
Algorithms,WXA3LM_algorithms.txt,"I think that was just like, it was nice, but it was a little bit generic in a way.","i, that, it, it, a way",Neutral,0.5467
Algorithms,WXA3LM_algorithms.txt,Maybe it felt generic also because it was computer generated like suggestion.,"it, it, computer, suggestion",Negative,0.601
Algorithms,WXA3LM_algorithms.txt,"But I think there wasn't like, because it was like, not only do I not necessarily care about the song, I also don't care about it being someone's favorite or something, like a reason behind it being there other than just the computer outgo?","i, it, i, the song, i, it, a reason, it, just the computer outgo",Negative,0.5115
Algorithms,WXA3LM_algorithms.txt,"No, I definitely use the Spotify like generation system, like the playlist of the day or I definitely use those A lot.","i, the spotify, generation system, the playlist, the day, i, those a lot",Positive,0.6153
Algorithms,WXA3LM_algorithms.txt,And then either that or just from TikToks or videos online,"tiktoks, videos",Neutral,0.8435
Algorithms,WXA3LM_algorithms.txt,or maybe I'll just hear like a snippet of the song,"i, a snippet, the song",Neutral,0.8482
Algorithms,WXA3LM_algorithms.txt,and I just like that one snippet,i,Positive,0.811
Algorithms,WXA3LM_algorithms.txt,so I'll find it.,"i, it",Neutral,0.6603
Algorithms,WXA3LM_algorithms.txt,"But then I also like do a lot of like, because with the Spotify song, you can generate like the radio based on that song or like or again, the one of the day, of the whatever it is.","i, a lot, the spotify song, you, the radio, that song, the day, the whatever, it",Positive,0.6087
Algorithms,WXA3LM_algorithms.txt,But a lot of it just comes from just randomly finding them.,"a lot, it, them",Neutral,0.7347
Algorithms,WXA3LM_algorithms.txt,"Honestly, I feel like I've always been pretty attached to music.","i, i, music",Positive,0.9159
Algorithms,WXA3LM_algorithms.txt,"Like At some point, I think my parents got an iPad","some point, i, my parents, an ipad",Neutral,0.5988
Algorithms,WXA3LM_algorithms.txt,"and then they didn't actually use it, so they just gave it down to me.","they, it, they, it, me",Neutral,0.6915
Algorithms,WXA3LM_algorithms.txt,And I think I probably found music through YouTube or something.,"i, i, music, youtube, something",Neutral,0.6089
Algorithms,WXA3LM_algorithms.txt,I can't remember that exactly.,"i, that",Neutral,0.6531
Algorithms,WXA3LM_algorithms.txt,Yeah.,No clear aspect,Neutral,0.5491
Algorithms,WXA3LM_algorithms.txt,"But I remember just the, I have a lot of songs from just the Apple Music when I used to use Apple Music.","i, just the, i, a lot, songs, just the apple music, i, apple music",Positive,0.7735
Algorithms,WXA3LM_algorithms.txt,"I think probably between like, especially like TikTok stuff with like animation's always like connected to songs, because it just makes it more catchy.","i, tiktok stuff, animation, songs, it, it",Positive,0.8849
Algorithms,WXA3LM_algorithms.txt,"There's probably been some that I like found through just like, oh, I can't, again, I can't quite remember the list, because some of them don't really come to that, like the Bulgarian one, or like, I don't, there's one from like this European Song Contest.","some, that, i, i, i, the list, some, them, that, i, this european song contest",Neutral,0.6984
Algorithms,WXA3LM_algorithms.txt,"I don't know if I, because it is used a lot, incidentally, in like other medias.","i, it, other medias",Neutral,0.7178
Algorithms,WXA3LM_algorithms.txt,But I don't know if I found it through that or if I just found it through the song contest.,"i, i, it, that, i, it, the song contest",Neutral,0.6902
Algorithms,WXA3LM_algorithms.txt,Gotcha.,gotcha,Neutral,0.4895
Algorithms,WXA3LM_algorithms.txt,"But a lot of it does tend to, again, it's like all kind of catchy and like upbeat and like some of the stuff that you would use in like fandom stuff anyway.","a lot, it, it, all kind, catchy, some, the stuff, that, you, fandom stuff",Positive,0.8402
Algorithms,WXA3LM_algorithms.txt,And I think one of them is also from like a concept musical.,"i, them, a concept",Neutral,0.8574
Algorithms,WXA3LM_algorithms.txt,"So like, I think it's also just the connection between like music and like visual stuff that also kind of ties in or like the music and like storyline or music and like plot stuff that also just exists as like a other thing.","i, it, just the connection, music, visual stuff, that, ties, the music, storyline, music, plot stuff, that, a other thing",Neutral,0.8337
Algorithms,X6YZK0__algorithms.txt,"Honestly, I didn't enjoy them all that much.","i, them",Negative,0.8944
Algorithms,X6YZK0__algorithms.txt,"I don't know if it was, I felt like the genre that they were picking was like mainly pop","i, it, i, the genre, that, they",Neutral,0.776
Algorithms,X6YZK0__algorithms.txt,"and I don't like, I'm not like solely pop.","i, i",Negative,0.8981
Algorithms,X6YZK0__algorithms.txt,"Like if a song's just pop, I don't really like it.","if a song's just pop, i, it",Negative,0.9244
Algorithms,X6YZK0__algorithms.txt,"And like, I remember two out of the three songs were like about breakups.","i, the three songs, breakups",Neutral,0.7732
Algorithms,X6YZK0__algorithms.txt,"And I just like, in general, one of my songs on there like alludes to a breakup, but in general songs that are just like solely like, I broke up with someone.","i, my songs, alludes, a breakup, general songs, that, i, someone",Neutral,0.5854
Algorithms,X6YZK0__algorithms.txt,"Like I just don't gravitate towards those because I feel like it's such like a reused genre, I guess, or like plot point in music.","i, those, i, it, a reused genre, i, plot point, music",Negative,0.5047
Algorithms,X6YZK0__algorithms.txt,"Interesting, yeah.",interesting,Positive,0.78
Algorithms,X6YZK0__algorithms.txt,So like they were okay.,they,Neutral,0.5867
Algorithms,X6YZK0__algorithms.txt,"Like a lot of them, like I was like,","a lot, them, i",Neutral,0.7291
Algorithms,X6YZK0__algorithms.txt,"oh yeah, that was like a good song, but I'm not going to go home and like search it up and like try to find it.","that, a good song, i, it, it",Neutral,0.4459
Algorithms,X6YZK0__algorithms.txt,So,No clear aspect,Neutral,0.5788
Algorithms,X6YZK0__algorithms.txt,"yeah, the butterfly one, I might try to find that one.",i,Neutral,0.6393
Algorithms,X6YZK0__algorithms.txt,"I was like, I'm not going to hurt a computer's feelings.","i, i, a computer's feelings",Neutral,0.5183
Algorithms,X6YZK0__algorithms.txt,Not that I could hurt their feelings either.,"i, their feelings",Neutral,0.5714
Algorithms,X6YZK0__algorithms.txt,They don't know what I'm putting down.,"they, what, i",Negative,0.6339
Algorithms,X6YZK0__algorithms.txt,But yeah.,No clear aspect,Neutral,0.6504
Algorithms,X8MNUK_algorithms.txt,﻿,﻿,Neutral,0.6798
Algorithms,6759KU_algorithms.txt,"Yeah, I mainly use Spotify.","i, spotify",Neutral,0.7162
Algorithms,6759KU_algorithms.txt,"And so they have like, a lot of the playlists that either come from random people or are like computer, I think, generated or whatever.","they, a lot, the playlists, that, random people, computer, i",Neutral,0.8539
Algorithms,6759KU_algorithms.txt,Like they can add songs that are kind of similar.,"they, songs, that",Neutral,0.5065
Algorithms,6759KU_algorithms.txt,So I will end up using that a lot.,i,Neutral,0.6591
Algorithms,IOEYMP_algorithms.txt,"If they are recommending me like an artist, then I'll just go to the artist profile and then hit play because it'll play like their most popular songs.","they, me, an artist, i, the artist profile, play, it, their most popular songs",Neutral,0.5158
Algorithms,IOEYMP_algorithms.txt,"And then from there, if I do continue to like them, then I'll like add their songs on my playlists and I'll like listen to their song radios and artist radios.","i, them, i, their songs, my playlists, i, their song radios, artist radios",Positive,0.7565
Algorithms,IOEYMP_algorithms.txt,"And then, yeah.",No clear aspect,Neutral,0.6284
Algorithms,IOEYMP_algorithms.txt,Cool.,No clear aspect,Positive,0.842
Algorithms,Y9N2G1_algorithms.txt,So most of it comes from Instagram.,"it, instagram",Neutral,0.7561
Algorithms,Y9N2G1_algorithms.txt,"The Instagram recommended, I mean the songs which play in the reels.","the instagram, i, the songs, which, the reels",Neutral,0.825
Algorithms,Y9N2G1_algorithms.txt,"And again, Spotify does recommend some songs.",some songs,Positive,0.826
Algorithms,Y9N2G1_algorithms.txt,"I think, again, it does a very good job because it knows what kind of songs I like and then it gives me, it recommends me this, I mean, similar kind of songs.","i, it, a very good job, it, what kind, songs, i, it, me, it, me, this, i, songs",Positive,0.9536
Algorithms,XWM6DC_algorithms.txt,"You know, click on something that looks interesting one day.","you, something, that",Positive,0.896
Algorithms,XWM6DC_algorithms.txt,"my music taste and the things I listen to is a lot of just randomly discovered stuff, I feel like.","my music taste, the things, i, a lot, just randomly discovered stuff, i",Neutral,0.6621
Algorithms,XWM6DC_algorithms.txt,"I mean, maybe to some extent, whatever algorithmic recommendations, but I'm honestly racking my brain trying to think of like, when the last time I found something new was, because I do feel now that I'm thinking about it more, that like I tend to stick with the same music that I know quite a bit.","i, some extent, i, my brain, i, something, i, i, it, i, the same music, that, i",Neutral,0.7507
Algorithms,XWM6DC_algorithms.txt,"I mean, as I said, just finding random things or hearing something mentioned online or like it comes up in YouTube recommended or whatever.","i, i, random things, something, it, youtube",Neutral,0.8281
Algorithms,XWM6DC_algorithms.txt,"So like the, I guess like what you were saying, the algorithmically suggested to an extent sometimes, but I don't really know.","the, i, what, you, the, an extent, i",Neutral,0.7716
Algorithms,IF5UTV_algorithms.txt,Yeah.,No clear aspect,Neutral,0.5491
Algorithms,IF5UTV_algorithms.txt,it's.,it,Neutral,0.5829
Algorithms,IF5UTV_algorithms.txt,"It's harder for me to go into someone's playlist and pick out things that I like because it's very, it's only when I really care about a person will I like sit down and listen to their playlist and not do anything else and like listen to the music and be like, oh my God, that song hit me so hard about that song.","it, me, someone's playlist, things, that, i, it, it, i, a person, i, their playlist, anything, the music, that song, me, that song",Neutral,0.4543
Algorithms,IF5UTV_algorithms.txt,"And, but usually what I do is I do like the, when I have a song that I really like","what, i, i, the, i, a song, that, i",Positive,0.7451
Algorithms,IF5UTV_algorithms.txt,"and I love the vibe, I just do the like go to radio thing in Spotify.","i, the vibe, i, the, radio thing, spotify",Positive,0.9763
Algorithms,IF5UTV_algorithms.txt,"And I don't like, some of the Spotify mixes like funky mix or like Brazilian mix.","i, the spotify mixes, funky mix, brazilian mix",Negative,0.9571
Algorithms,IF5UTV_algorithms.txt,"It's like, I find them really repetitive.","it, i, them",Negative,0.903
Algorithms,IF5UTV_algorithms.txt,"So when I'm trying to look for new music, I usually go to the radio of the song that I'm using too.","i, new music, i, the radio, the song, that, i",Neutral,0.8335
Algorithms,J4J4VY_algorithms.txt,"Generally, I use Apple Music.","i, apple music",Positive,0.6978
Algorithms,J4J4VY_algorithms.txt,So I sometimes will find new music from like their autoplay suggestions.,"i, new music, their autoplay suggestions",Neutral,0.5434
Algorithms,J4J4VY_algorithms.txt,I don't typically listen to the curated playlists from Apple Music.,"i, the curated playlists, apple music",Neutral,0.6198
Algorithms,J4J4VY_algorithms.txt,I'm honestly not sure if they have them.,"i, they, them",Neutral,0.5163
Algorithms,J4J4VY_algorithms.txt,"And if they are, I don't think they're, I don't think their suggestions are generally that good for me.","they, i, they, i, their suggestions, me",Negative,0.6785
Algorithms,J4J4VY_algorithms.txt,And I feel like I hear the same ones often.,"i, i, the same ones",Negative,0.5405
Algorithms,J4J4VY_algorithms.txt,And I feel like they're kind of like generic compared to the typical music I listen to.,"i, they, the typical music, i",Negative,0.6826
Algorithms,J4J4VY_algorithms.txt,"I will there's a website, I think it's called Spotalike, that you like input a song or two","i, a website, i, it, spotalike, you, a song",Neutral,0.7192
Algorithms,J4J4VY_algorithms.txt,and then it recommends more based on that.,"it, that",Neutral,0.8685
Algorithms,J4J4VY_algorithms.txt,And I think that algorithm finds things that I enjoy more than the Apple Music suggestions.,"i, algorithm, things, that, i, the apple music suggestions",Positive,0.8423
Algorithms,WOGMXV__algorithms.txt,I thought it was interesting when I was like listening to the computer algorithm songs.,"i, it, i, the computer algorithm songs",Positive,0.9253
Algorithms,WOGMXV__algorithms.txt,"especially when there was no one else in the room, I feel like it was way less interesting for me.","no one, the room, i, it, me",Negative,0.8733
Algorithms,WOGMXV__algorithms.txt,But I felt my mind wandering A lot.,"i, my mind, a lot",Neutral,0.6206
Algorithms,WOGMXV__algorithms.txt,"And I had to keep going back and be like, okay, focus, think about the song.","i, focus, the song",Neutral,0.7647
Algorithms,WOGMXV__algorithms.txt,"But then also, I thought it was kind of cool when I was in a room with multiple people","i, it, i, a room, multiple people",Positive,0.9398
Algorithms,WOGMXV__algorithms.txt,and I was listening to someone else's song.,"i, someone else's song",Neutral,0.6997
Algorithms,WOGMXV__algorithms.txt,And I was like trying to figure out like who it would be.,"i, who, it",Neutral,0.7508
Algorithms,WOGMXV__algorithms.txt,"I was like, whose favorite song is this?","i, whose favorite song, this",Neutral,0.6678
Algorithms,WOGMXV__algorithms.txt,"But I don't, I just thought like those were some things that I noticed I was doing while I was listening.","i, i, those, some things, that, i, i, i",Neutral,0.8079
Algorithms,WOGMXV__algorithms.txt,So.,No clear aspect,Neutral,0.617
Algorithms,WOGMXV__algorithms.txt,"Whereas with the computer songs, it was very much like, oh, this was just suggested by technology as opposed to like a real human being.","the computer songs, it, this, technology, a real human being",Neutral,0.4862
Algorithms,WOGMXV__algorithms.txt,"So it has like no connection to that technology that recommended the song to me, you know, as opposed to like the participants' favorite songs or personal favorites where like something that they specifically chose and they actually have like a strong connection with.","it, no connection, that technology, that, the song, me, you, the participants' favorite songs, personal favorites, something, that, they, they, a strong connection",Neutral,0.7153
Algorithms,WOGMXV__algorithms.txt,I think that was the main reason why.,"i, that, the main reason",Neutral,0.7858
Algorithms,WOGMXV__algorithms.txt,"Yeah, sometimes I'll listen to like the day lists.","i, the day lists",Neutral,0.7958
Algorithms,WOGMXV__algorithms.txt,"But I feel like a lot of the time, because I'm a dance teacher, so I listen to a lot of music while I'm teaching.","i, a lot, the time, i, a dance teacher, i, a lot, music, i",Neutral,0.5207
Algorithms,WOGMXV__algorithms.txt,And a lot of the times my day lists are based off of those.,"a lot, the times, my day lists, those",Neutral,0.8151
Algorithms,WOGMXV__algorithms.txt,And I don't necessarily want to like listen to all my teaching music in my free time.,"i, all my teaching music, my free time",Neutral,0.4855
Algorithms,WOGMXV__algorithms.txt,"So sometimes it's like, accurate.",it,Positive,0.5871
Algorithms,WOGMXV__algorithms.txt,Sometimes it's not.,it,Neutral,0.5386
Algorithms,WOGMXV__algorithms.txt,I feel like it just kind of depends on the day.,"i, it, the day",Neutral,0.7973
Algorithms,WOGMXV__algorithms.txt,"But I tried the DJ thing once also, and I, it was, I just thought it was strange how there was like a person talking and everything.","i, the dj thing, i, it, i, it, a person, everything",Neutral,0.5686
Algorithms,WOGMXV__algorithms.txt,Like I'd rather just have the music playing back-to-back.,"i, the music, back",Neutral,0.6748
Algorithms,WOGMXV__algorithms.txt,But I have like tried those things.,"i, those things",Neutral,0.7178
Algorithms,WOGMXV__algorithms.txt,But usually I do go back to my preset playlist or I just like I play a song,"i, my preset playlist, i, i, a song",Neutral,0.7613
Algorithms,WOGMXV__algorithms.txt,and then it like Spotify automatically plays like recommended songs kind of similar to that like first song that played.,"it, recommended songs, that, first song, that",Neutral,0.7137
Algorithms,WOGMXV__algorithms.txt,So sometimes I just like let that go and see if I find new songs.,"i, that, i, new songs",Neutral,0.7583
Algorithms,WOGMXV__algorithms.txt,But I'm always like looking for new stuff.,"i, new stuff",Positive,0.5464
Algorithms,WOGMXV__algorithms.txt,"So I would say that the like AI and like computer generated stuff is helpful sometimes, but other times it's like questionable.","i, the like ai and like computer generated stuff, it",Neutral,0.5605
Algorithms,WOGMXV__algorithms.txt,But yeah.,No clear aspect,Neutral,0.6504
Algorithms,79TSTS_algorithms.txt,Right now it's like through the suggestions that Spotify makes usually.,"it, the suggestions, that",Neutral,0.7849
Algorithms,79TSTS_algorithms.txt,So Spotify has a smart shuffle kind of feature where it adds its own songs.,"a smart shuffle, feature, it, its own songs",Neutral,0.5214
Algorithms,79TSTS_algorithms.txt,And I think Spotify does a good job with that thing where the songs that it suggests usually resonates with my playlist of the songs I'm currently listening to.,"i, a good job, that thing, the songs, that, it, my playlist, the songs, i",Positive,0.9695
Algorithms,79TSTS_algorithms.txt,"And that's, I come up with new songs","that, i, new songs",Neutral,0.5089
Algorithms,79TSTS_algorithms.txt,and I feel good about it.,"i, it",Positive,0.9123
Algorithms,33BW0G_algorithms.txt,"Because sometimes when I'm listening to doing something important, I don't like listening to my favorite songs.","i, something, i, my favorite songs",Negative,0.7891
Algorithms,33BW0G_algorithms.txt,I just let like my Spotify like play whatever.,"i, whatever",Neutral,0.7369
Algorithms,33BW0G_algorithms.txt,And these songs are something that we have in the background.,"these songs, something, that, we, the background",Neutral,0.7294
Algorithms,33BW0G_algorithms.txt,So.,No clear aspect,Neutral,0.617
Algorithms,4TPXHQ_algorithms.txt,"I'll sometimes do like the, you know, on Spotify, the like play Station or like make more about this one.","i, the, you, spotify, the like play station, this one",Neutral,0.675
Algorithms,4TPXHQ_algorithms.txt,I don't find that that's ever particularly accurate.,"i, that",Negative,0.8065
Algorithms,4TPXHQ_algorithms.txt,or if like I'm looking for a song with this vibe,"i, a song, this vibe",Neutral,0.7085
Algorithms,4TPXHQ_algorithms.txt,and I say play Station just plays other ones by that artist.,"i, station, other ones, that artist",Neutral,0.8557
Algorithms,4TPXHQ_algorithms.txt,But I wanted ones with the vibe.,"i, ones, the vibe",Neutral,0.649
Algorithms,4TPXHQ_algorithms.txt,"So it's like, it's a hit or miss.","it, it, a hit",Neutral,0.6045
Algorithms,4TPXHQ_algorithms.txt,But there have definitely been some that hit.,"some, that",Neutral,0.735
Algorithms,7V6SPY_algorithms.txt,"And then like on Instagram or TikTok or something like that, if someone plays a song and I'm like, I really like that song, let me go look at it.","instagram, tiktok, that, someone, a song, i, i, that song, me, it",Positive,0.7824
Algorithms,7V6SPY_algorithms.txt,I use Apple Music and very briefly.,"i, apple music",Positive,0.8216
Algorithms,7V6SPY_algorithms.txt,I find sometimes it does like the continuing playing similar music.,"i, it, the continuing playing similar music",Positive,0.5882
Algorithms,7V6SPY_algorithms.txt,"And a lot of the times it's either very, very bad, in my opinion, or there's songs I've already heard and I listen to a lot.","a lot, the times, it, my opinion, songs, i, i, a lot",Negative,0.8704
Algorithms,7V6SPY_algorithms.txt,Every once in a while I stumble on a song that I really like that I haven't heard.,"a while, i, a song, that, i, i",Neutral,0.5458
Algorithms,7V6SPY_algorithms.txt,And then the curated playlists aren't really my favorite either for that same reason.,"the curated playlists, that same reason",Negative,0.8149
Algorithms,7V6SPY_algorithms.txt,"And I think with computer generations, it's hard because they try and fit all the songs into like labels.","i, computer generations, it, they, all the songs, labels",Negative,0.5763
Algorithms,7V6SPY_algorithms.txt,But in my kind of music's very different across the board.,"my kind, music, the board",Neutral,0.847
Algorithms,7V6SPY_algorithms.txt,"So if I'm looking on the internet for something, I already know what I'm intending to looking for.","i, the internet, something, i, what, i",Neutral,0.7741
Algorithms,7V6SPY_algorithms.txt,"I'm fitting that specific, not need, but that want to listen to that type of music.","i, that, that type, music",Positive,0.6246
Algorithms,7V6SPY_algorithms.txt,"Whereas with Apple Music, it's more the computer filling it out for you and it's not as well as like figuring out what you want to listen to, in my opinion.","apple music, it, the computer, it, you, it, what, you, my opinion",Negative,0.5537
Algorithms,TU93WC_algorithms.txt,"there was one song that the computer suggested that I was like, oh, I don't like this at all.","one song, that, the computer, i, i, this",Negative,0.956
Algorithms,TU93WC_algorithms.txt,"And I can understand where like it got it from, like how it thought I might like something like that.","i, it, it, it, i, something, that",Neutral,0.7635
Algorithms,TU93WC_algorithms.txt,"But I was like, I didn't care for it.","i, i, it",Negative,0.7438
Algorithms,TU93WC_algorithms.txt,But that was the only song that I didn't like that I heard.,"that, the only song, that, i, that, i",Negative,0.9128
Algorithms,TU93WC_algorithms.txt,So.,No clear aspect,Neutral,0.617
Algorithms,TU93WC_algorithms.txt,"And with the computer, I think it was kind of similar because I was thinking like, what about this song makes it","the computer, i, it, i, this song, it",Neutral,0.7213
Algorithms,TU93WC_algorithms.txt,"so it's being recommended, what is the key component of it?","it, what, the key component, it",Neutral,0.8886
Algorithms,TU93WC_algorithms.txt,"Like, is it going to be the beat over the lyrics in that situation or whatever?","it, the beat, the lyrics, that situation, whatever",Neutral,0.8417
Algorithms,TU93WC_algorithms.txt,"So I think those are the things I was looking for the most, I would say.","i, those, the things, i, i",Neutral,0.7474
Algorithms,Q71QCH_algorithms.txt,"I usually rely on algorithms I do,","i, algorithms, i",Neutral,0.8263
Algorithms,XV0S8C_algorithms.txt,Spotify.,No clear aspect,Neutral,0.6583
Algorithms,XV0S8C_algorithms.txt,"Just like, you know, like the suggested tracks.","you, the suggested tracks",Neutral,0.8591
Algorithms,XV0S8C_algorithms.txt,Yeah.,No clear aspect,Neutral,0.5491
Algorithms,XV0S8C_algorithms.txt,"So like, I don't like seek it.","i, it",Negative,0.9039
Algorithms,XV0S8C_algorithms.txt,"It's kind of just like, if it comes to me, it comes.","it, it, me, it",Neutral,0.7596
Algorithms,XV0S8C_algorithms.txt,but I'm not huge into finding new music.,"i, new music",Neutral,0.5677
Algorithms,XV0S8C_algorithms.txt,Like every now,every,Neutral,0.6587
Algorithms,XV0S8C_algorithms.txt,"and then I am, but I like what's what I know.","i, i, what, what, i",Neutral,0.5038
Algorithms,YP35AR_algorithms.txt,I use Spotify Discover A lot.,"i, spotify discover",Positive,0.6116
Algorithms,YP35AR_algorithms.txt,And sometimes it will find like a gem.,"it, a gem",Positive,0.5454
Algorithms,YP35AR_algorithms.txt,"It's like usually one out of the playlist, but I'm like, that's a good song.","it, the playlist, i, that, a good song",Positive,0.9495
Algorithms,YP35AR_algorithms.txt,"It's usually not like most of them, but I do, you know, sometimes it does a good job.","it, them, i, you, it, a good job",Positive,0.7046
Algorithms,YP35AR_algorithms.txt,I think it's the genre of music that it usually picks out that it gives to me.,"i, it, the genre, music, that, it, it, me",Neutral,0.7323
Algorithms,YP35AR_algorithms.txt,"But then sometimes, like it's not always the style of music that I like about the song.","it, the style, music, that, i, the song",Neutral,0.6321
Algorithms,YP35AR_algorithms.txt,"Although I do notice that I do like a lot of, you know, guitar music.","i, i, a lot, you, guitar music",Positive,0.7036
Algorithms,YP35AR_algorithms.txt,"But I just feel like, because that's the backdrop of a lot of music that I like that has the lyrics that I like.","i, that, the backdrop, a lot, music, that, i, that, the lyrics, that, i",Positive,0.8015
Algorithms,YP35AR_algorithms.txt,"It's not specific to the genre, but more like the content of the song.","it, the genre, the content, the song",Neutral,0.8649
Algorithms,YP35AR_algorithms.txt,"But sometimes again, like Spotify, Discover sometimes has like a gem in there.","spotify, discover, a gem",Positive,0.7125
Algorithms,YP35AR_algorithms.txt,"I'm like, now it's my favorite song.","i, it, my favorite song",Positive,0.9641
Algorithms,XRONEG_algorithms.txt,"Spotify, like when you're queuing songs, they try to like auto suggest","you, songs, they, auto suggest",Neutral,0.7755
Algorithms,XRONEG_algorithms.txt,"and it's like, it just ruins the vibe and everyone's like, what?","it, it, the vibe, everyone",Negative,0.94
Algorithms,XRONEG_algorithms.txt,"Usually, since I use Spotify to like stream a lot of my music, like, and I listen to music often, they'll create like albums and they'll like put like suggested songs and sometimes it'll really like resonate with me.","i, a lot, my music, i, music, they, albums, they, suggested songs, it, me",Positive,0.7947
Algorithms,XRONEG_algorithms.txt,Other times it doesn't.,it,Neutral,0.5996
Algorithms,XRONEG_algorithms.txt,And I just not interested or hide the song or whatever it is.,"i, the song, whatever, it",Negative,0.9338
Algorithms,V6UZPS_algorithms.txt,I think I only heard one that was from one other person.,"i, i, that, one other person",Neutral,0.7629
Algorithms,V6UZPS_algorithms.txt,"The rest were just computer suggestions, and I liked the one that was...","the rest, computer suggestions, i, the one, that",Positive,0.8368
Algorithms,V6UZPS_algorithms.txt,"actually, I think maybe 2.... I liked the two that were like, user suggestions.","i, i, that, user suggestions",Positive,0.8674
Algorithms,V6UZPS_algorithms.txt,I felt like the algorithm the computer chose maybe was...,"i, the algorithm, the computer",Neutral,0.7313
Algorithms,V6UZPS_algorithms.txt,"it didn't really have a lot of feeling to it, like songs that meant anything.","it, a lot, feeling, it, songs, that, anything",Neutral,0.5121
Algorithms,V6UZPS_algorithms.txt,I was super excited.,i,Positive,0.9888
Algorithms,V6UZPS_algorithms.txt,I was kind of bummed when I realized nobody else was in the room when “What Does The Fox Say” was playing because I thought that would be a fun turn of events for whoever was in the music study.,"i, i, nobody, the room, what, the fox say, i, that, a fun turn, events, whoever, the music study",Neutral,0.4769
Algorithms,V6UZPS_algorithms.txt,"But after they played two One Direction songs, I noticed that there was the same person in like Michigan.","they, two one direction songs, i, the same person, michigan",Neutral,0.8048
Algorithms,V6UZPS_algorithms.txt,"I was like, “ooh, I hope they know that it's the same person doing this.”","i, i, they, it, the same person, this",Neutral,0.5438
Algorithms,V6UZPS_algorithms.txt,"Or even better if they don't know, and then like, just bring One Direction back.","they, one direction",Neutral,0.5092
Algorithms,V6UZPS_algorithms.txt,"I was kind of hoping that somebody would be like, “oh, this is a really good song I should add it to my playlist.”","i, somebody, this, a really good song, i, it, my playlist",Positive,0.9316
Algorithms,V6UZPS_algorithms.txt,"But I don't know if anyone's actually done that, I guess I won’t know.","i, anyone, i, i",Neutral,0.5356
Algorithms,V6UZPS_algorithms.txt,Yeah.,No clear aspect,Neutral,0.5491
Algorithms,V6UZPS_algorithms.txt,And Spotify did these little “message in a bottle” things.,"these little “message, a bottle” things",Neutral,0.6641
Algorithms,V6UZPS_algorithms.txt,"And I opened mine actually on the way coming here, and I shared two of those songs on my Snapchat Story.","i, mine, the way, i, those songs, my snapchat story",Neutral,0.6233
Algorithms,V6UZPS_algorithms.txt,One was “a song that would be hard to explain to your great grandkids.”,"a song, that, your great grandkids",Negative,0.4609
Algorithms,V6UZPS_algorithms.txt,And I did like a Minecraft parody for that one.,"i, a minecraft parody",Positive,0.6556
Algorithms,V6UZPS_algorithms.txt,And I thought I was being hilarious.,"i, i",Positive,0.4935
Algorithms,V6UZPS_algorithms.txt,I posted it on my story because I opened it,"i, it, my story, i, it",Neutral,0.7859
Algorithms,V6UZPS_algorithms.txt,and I posted...,i,Neutral,0.8127
Algorithms,V6UZPS_algorithms.txt,"I made it a year ago, and I was like, “look how funny I am, guys!”","i, it, i, i",Positive,0.9286
Algorithms,1ZWUFF_algorithms.txt,Just through like Spotify suggested songs.,suggested songs,Neutral,0.7576
Algorithms,1ZWUFF_algorithms.txt,"I usually like, I play my life songs","i, i, my life songs",Neutral,0.6889
Algorithms,1ZWUFF_algorithms.txt,and then I have a shuffle set so it has some AI suggestions in there.,"i, a shuffle, it, some ai suggestions",Neutral,0.8281
Algorithms,06ECDB_algorithms.txt,"Or I do like a, on Spotify since I have that, search up a song and just kind of play whatever comes next, not necessarily from my playlist, but just kind of hearing a couple different songs similar to what I already like or enjoy and just just finding other songs in that genre.","i, a, spotify, i, that, a song, whatever, my playlist, a couple different songs, what, i, other songs, that genre",Positive,0.5895
Algorithms,06ECDB_algorithms.txt,Typically if I'm doing like Spotify on my phone and doing like a CarPlay or something like that would do that.,"i, my phone, a carplay, something, that, that",Neutral,0.7689
Algorithms,06ECDB_algorithms.txt,Give me something a little bit more upbeat or fun or happy to kind of be listening to.,"me, something",Positive,0.9113
Music Sharing,XWM6DC.txt,Probably not recommendations from friends so much.,"probably not recommendations, friends",Neutral,0.6381
Music Sharing,XWM6DC.txt,"Depends on the person probably, but sometimes I'd say.","the person, i",Neutral,0.8471
Music Sharing,XWM6DC.txt,"Definitely my siblings, I'd say.",i,Neutral,0.7827
Music Sharing,XWM6DC.txt,"I'll find a cool song, be like, hey, check this out.","i, a cool song, this",Positive,0.9393
Music Sharing,XWM6DC.txt,"But beyond that, I don't really know.","that, i",Neutral,0.7347
Music Sharing,XWM6DC.txt,I might be inclined to send a song to someone if it's something we've like discussed in the past.,"i, a song, someone, it, something, we, the past",Neutral,0.6835
Music Sharing,XWM6DC.txt,"Like we got to talking about, whatever artist",we,Neutral,0.8693
Music Sharing,XWM6DC.txt,and then I see they put out a new song.,"i, they, a new song",Neutral,0.7736
Music Sharing,XWM6DC.txt,"I'm like, hey, check this out.","i, this",Neutral,0.756
Music Sharing,XWM6DC.txt,You mentioned liking them.,"you, them",Neutral,0.6851
Music Sharing,XWM6DC.txt,"But other than that, or as I said, you know, occasionally sharing things with siblings, I don't know how much music sharing I really do.","that, i, you, things, siblings, i, i",Neutral,0.6499
Music Sharing,XWM6DC.txt,Not at present very much,No clear aspect,Neutral,0.5512
Music Sharing,B4A6KD_music_sharing.txt,I think it depends on the person that's sending me the music.,"i, it, the person, that, me, the music",Neutral,0.8784
Music Sharing,B4A6KD_music_sharing.txt,Like I have a friend and she'll always send me songs that she thinks that I'll really like.,"i, a friend, she, me, songs, she, i",Positive,0.9071
Music Sharing,B4A6KD_music_sharing.txt,"And I have another friend that says like, “I really love this lyric.”","i, another friend, that, i, this lyric",Positive,0.9144
Music Sharing,B4A6KD_music_sharing.txt,And he'll send me that song because I think he really likes it.,"he, me, that song, i, he, it",Positive,0.908
Music Sharing,B4A6KD_music_sharing.txt,He wants to share it.,"he, it",Neutral,0.7716
Music Sharing,B4A6KD_music_sharing.txt,But it depends.,it,Neutral,0.7273
Music Sharing,B4A6KD_music_sharing.txt,"I think I probably tend to like the music that people are like, “you'll really like this” more.","i, i, the music, that, people, you, this",Positive,0.749
Music Sharing,B4A6KD_music_sharing.txt,"Well, I'm busy recently.",i,Negative,0.4807
Music Sharing,B4A6KD_music_sharing.txt,"I'm like, “oh, I got to find the time to like really listen to this.”","i, i, the time, this",Neutral,0.5571
Music Sharing,B4A6KD_music_sharing.txt,Yeah.,No clear aspect,Neutral,0.5491
Music Sharing,B4A6KD_music_sharing.txt,But it makes me feel happy.,"it, me",Positive,0.9457
Music Sharing,B4A6KD_music_sharing.txt,"I'm like, “oh, you're thinking about me” or “something about this song made you think about me,” which I like.","i, you, me, “something, this song, you, me, which, i",Positive,0.8015
Music Sharing,B4A6KD_music_sharing.txt,And it'll remind me to send a song to them if I think about them.,"it, me, a song, them, i, them",Neutral,0.5989
Music Sharing,B4A6KD_music_sharing.txt,It's a good sharing experience.,"it, a good sharing experience",Positive,0.9695
Music Sharing,B4A6KD_music_sharing.txt,To my friends and stuff.,"my friends, stuff",Neutral,0.8379
Music Sharing,B4A6KD_music_sharing.txt,It's definitely like more where I have more people send me music than like the other way.,"it, i, more people, me, music, the other way",Positive,0.5129
Music Sharing,B4A6KD_music_sharing.txt,"Cause I think that my taste in music's a little like, a little weirder.","i, my taste",Negative,0.7044
Music Sharing,B4A6KD_music_sharing.txt,"So it's hard to find songs that like, “oh yeah, this is totally a normal thing to send you on a Wednesday.”","it, songs, that, this, a normal thing, you, a wednesday",Neutral,0.4667
Music Sharing,B4A6KD_music_sharing.txt,I don't know.,i,Neutral,0.5667
Music Sharing,B4A6KD_music_sharing.txt,I think a lot of my taste in music comes from my mom and my dad.,"i, a lot, my taste, music, my mom, my dad",Neutral,0.642
Music Sharing,B4A6KD_music_sharing.txt,Like we have very similar taste in music.,"we, very similar taste, music",Positive,0.716
Music Sharing,B4A6KD_music_sharing.txt,"So it's really nice to go home and like, they have speakers in the house.","it, they, speakers, the house",Positive,0.9722
Music Sharing,B4A6KD_music_sharing.txt,And so I'll like play music while me and my mom are cooking.,"i, music, me, my mom",Positive,0.5476
Music Sharing,B4A6KD_music_sharing.txt,"So it's definitely like, fill the silence and like also connect on something.","it, the silence, something",Positive,0.5439
Music Sharing,B4A6KD_music_sharing.txt,Same thing with my dad.,"same thing, my dad",Neutral,0.6598
Music Sharing,B4A6KD_music_sharing.txt,"So it's really, it brings my family really close together.","it, it, my family",Positive,0.9208
Music Sharing,B4A6KD_music_sharing.txt,"And like me and my brother, we're always going to like music events.","me, my brother, we, music events",Positive,0.888
Music Sharing,B4A6KD_music_sharing.txt,"He loves like house music events, things like that.","he, house music events, things, that",Positive,0.9308
Music Sharing,B4A6KD_music_sharing.txt,And I'll always go to those with him.,"i, those, him",Positive,0.5467
Music Sharing,B4A6KD_music_sharing.txt,"With my friends, I think it plays less of a role in my actual friendships.","my friends, i, it, a role, my actual friendships",Neutral,0.5705
Music Sharing,B4A6KD_music_sharing.txt,just because we're not listening to music too often together.,"we, music",Neutral,0.5371
Music Sharing,B4A6KD_music_sharing.txt,And I don't go to as many concerts usually.,"i, as many concerts",Neutral,0.5099
Music Sharing,B4A6KD_music_sharing.txt,I go to more concerts with my family members than I do with my friends.,"i, more concerts, my family members, i, my friends",Neutral,0.693
Music Sharing,B4A6KD_music_sharing.txt,"And then my boyfriend, I don't listen to much, like we don't have very much music in common.","i, we, very much music",Negative,0.6277
Music Sharing,B4A6KD_music_sharing.txt,He doesn't care for the music I play and I don't care for the music he plays.,"he, the music, i, i, the music, he",Negative,0.8499
Music Sharing,B4A6KD_music_sharing.txt,"So really important to my family, like less so on my friendships and relationship.","my family, my friendships, relationship",Positive,0.8681
Music Sharing,P7WEZC_music_sharing.txt,"Yeah, all the time.",No clear aspect,Neutral,0.6354
Music Sharing,P7WEZC_music_sharing.txt,"Any chance I get, if they care about it.","any chance, i, they, it",Neutral,0.7729
Music Sharing,P7WEZC_music_sharing.txt,I'll go on for days about it.,"i, days, it",Neutral,0.5992
Music Sharing,P7WEZC_music_sharing.txt,I'll show them anything.,"i, them, anything",Neutral,0.6914
Music Sharing,P7WEZC_music_sharing.txt,I like to convey to these other people what I'm feeling through this song.,"i, these other people, what, i, this song",Positive,0.6991
Music Sharing,P7WEZC_music_sharing.txt,"Like a Frank Ocean song, for example.","a frank ocean song, example",Neutral,0.8394
Music Sharing,P7WEZC_music_sharing.txt,That's one of my favorite artists ever.,"that, my favorite artists",Positive,0.9881
Music Sharing,P7WEZC_music_sharing.txt,"And sometimes, if I play this song and they're just like, “you know, it's good,” or something, I feel like, “how do you not understand this?","i, this song, they, you, it, i, you, this",Neutral,0.4903
Music Sharing,P7WEZC_music_sharing.txt,You need to know.”,you,Neutral,0.7345
Music Sharing,P7WEZC_music_sharing.txt,"It’s like, what is going on here?","it, what",Negative,0.5995
Music Sharing,P7WEZC_music_sharing.txt,How is this not making you feel the way I feel right now?,"this, you, the way, i",Negative,0.5606
Music Sharing,P7WEZC_music_sharing.txt,So that's just what I like to do.,"that, just what, i",Positive,0.8084
Music Sharing,P7WEZC_music_sharing.txt,I share that music with them to hopefully make them feel the way I feel whenever I listen to that song and to relate to them and continue talking.,"i, that music, them, them, i, i, that song, them",Positive,0.8509
Music Sharing,PUN5JW_music_sharing.txt,"I like, outside of this, I like to show people my music.","i, this, i, people, my music",Positive,0.8252
Music Sharing,PUN5JW_music_sharing.txt,"So a little bit of both, I would say.","both, i",Neutral,0.8451
Music Sharing,PUN5JW_music_sharing.txt,"Well, me and my roommates are always listening to music if we're like studying, cleaning, getting ready.","me, my roommates, music, we, cleaning",Positive,0.6661
Music Sharing,PUN5JW_music_sharing.txt,"And obviously at parties, in the car.","parties, the car",Neutral,0.7034
Music Sharing,PUN5JW_music_sharing.txt,"Yeah, I feel like that's it.","i, that, it",Neutral,0.7273
Music Sharing,PUN5JW_music_sharing.txt,Or if we go to concerts and stuff.,"we, concerts, stuff",Neutral,0.8512
Music Sharing,PUN5JW_music_sharing.txt,"So usually if we're at our apartment, we will like start a jam on Spotify","we, our apartment, we, a jam, spotify",Positive,0.5115
Music Sharing,PUN5JW_music_sharing.txt,and then we'll all play music.,"we, music",Neutral,0.7223
Music Sharing,PUN5JW_music_sharing.txt,"But just depends on like what the mood is, I guess, for like studying, it's usually low tempo stuff.","what, the mood, i, it, low tempo stuff",Neutral,0.8289
Music Sharing,PUN5JW_music_sharing.txt,"And then, it just varies, I guess.","it, i",Neutral,0.74
Music Sharing,PUN5JW_music_sharing.txt,"Either from my friends, I would say","my friends, i",Neutral,0.8786
Music Sharing,XRONEG_music_sharing.txt,"So mostly being here at school, the only time I listen to music with others is like if I'm driving people places, since I like have a car here, since I'm from here.","school, the only time, i, music, others, i, people places, i, a car, i",Neutral,0.6981
Music Sharing,XRONEG_music_sharing.txt,"But usually I typically just listen to music by myself, which is hard, but I listen to a lot of different types of music so that when I am around other people, depending on what kind of music they like, I can tailor my music tastes with their music tastes","i, music, myself, which, i, a lot, different types, music, i, other people, what kind, music, they, i, my music, their music",Neutral,0.6866
Music Sharing,XRONEG_music_sharing.txt,and we can all just like listen to music collectively.,"we, music",Positive,0.619
Music Sharing,XRONEG_music_sharing.txt,I have a very like established group of friends.,"i, a very like established group, friends",Positive,0.8692
Music Sharing,XRONEG_music_sharing.txt,And so we like hang out a lot.,we,Positive,0.705
Music Sharing,XRONEG_music_sharing.txt,I've met them like freshman year.,"i, them, freshman year",Neutral,0.8659
Music Sharing,XRONEG_music_sharing.txt,And so I got to know them and their personalities.,"i, them, their personalities",Neutral,0.7757
Music Sharing,XRONEG_music_sharing.txt,"And especially if we are taking a long drive to go like skiing or something, like I'll take song suggestions, but we pretty much all like listen to like the same music.","we, a long drive, skiing, something, i, song suggestions, we, the same music",Positive,0.7282
Music Sharing,XRONEG_music_sharing.txt,So that like works out just because we all have similar interests.,"that, we, all, similar interests",Positive,0.7654
Music Sharing,XRONEG_music_sharing.txt,And so like listening to music that way just like keeps us like connected.,"music, us",Positive,0.8133
Music Sharing,XRONEG_music_sharing.txt,"Or if like an artist like comes out with like a new song, like we are all already know it or listen to albums that they put out.","an artist, a new song, we, it, albums, they",Neutral,0.8552
Music Sharing,XRONEG_music_sharing.txt,"So a lot of my friends, like even though we have very similar music tastes, there are still like some outliers of like artists and songs.","a lot, my friends, we, very similar music tastes, some outliers, artists, songs",Neutral,0.6881
Music Sharing,XRONEG_music_sharing.txt,And like one of my friends in particular like wanted to go to this concert of this artist I've never heard of.,"my friends, this concert, this artist, i",Neutral,0.6996
Music Sharing,XRONEG_music_sharing.txt,So she like wanted to like introduce me to this artist and their songs.,"she, me, this artist, their songs",Neutral,0.6215
Music Sharing,XRONEG_music_sharing.txt,"And so that was like really meaningful to me just because she's trying to like make another connection with me, like beyond the connection we already have with our music.","that, me, she, another connection, me, the connection, we, our music",Positive,0.9321
Music Sharing,XRONEG_music_sharing.txt,"And again, it's just a concert.","it, just a concert",Neutral,0.6355
Music Sharing,XRONEG_music_sharing.txt,So it's going to be like another experience.,"it, another experience",Positive,0.4935
Music Sharing,XRONEG_music_sharing.txt,So that just is like growing our friendship.,"that, our friendship",Positive,0.4892
Music Sharing,XRONEG_music_sharing.txt,"And so with that, I really do think that I do like connect with others in that way.","that, i, i, others, that way",Positive,0.8759
Music Sharing,XRONEG_music_sharing.txt,"Even if like it is not my music taste, like I want to try because that's again, like very vulnerable to be like, oh, I want you to like listen to the song or like I really like the song.","it, my music taste, i, that, i, you, the song, i, the song",Positive,0.596
Music Sharing,IAFS52_music_sharing.txt,"Sometimes, rarely, but it's just with people that I'm close to.","it, people, i",Neutral,0.5435
Music Sharing,IAFS52_music_sharing.txt,Because I'm scared people judge me for my music tastes.,"i, people, me, my music",Negative,0.6621
Music Sharing,IAFS52_music_sharing.txt,"I mean, sometimes, for me, it's just like, typically like car rides.","i, me, it, car rides",Neutral,0.7415
Music Sharing,IAFS52_music_sharing.txt,"Like if you like, if someone asks like, hey, put on a playlist, that's typically where they get a lot of my music taste.","you, someone, a playlist, that, they, a lot, my music taste",Neutral,0.7371
Music Sharing,IAFS52_music_sharing.txt,"Or if I'm like driving people, I just have my like car playlist and half the time I'm too lazy to like change it and stuff.","i, people, i, my like car playlist, half the time, i, it",Neutral,0.4754
Music Sharing,IAFS52_music_sharing.txt,"And then like, there are a few times, especially with like the people I'm closer to, I'm like, hey, this song kind of reminds me of you","a few times, the people, i, i, this song, me, you",Positive,0.7048
Music Sharing,IAFS52_music_sharing.txt,Yeah.,No clear aspect,Neutral,0.5491
Music Sharing,IAFS52_music_sharing.txt,"I know, I mean, especially with my partner, I share an Apple Music account with them.","i, i, my partner, i, them",Positive,0.7247
Music Sharing,IAFS52_music_sharing.txt,"So effectively, it's just like I can see my music tastes slowly like merging into those playlists.","it, i, my music, those playlists",Neutral,0.5077
Music Sharing,IAFS52_music_sharing.txt,It's kind of great.,it,Positive,0.9749
Music Sharing,V6UZPS_music_sharing.txt,"I like that it felt really real, because I also had a song that basically gave the same kind of vibes and was saying the same thing as their song.","i, that, it, i, a song, that, the same kind, vibes, the same thing, their song",Positive,0.917
Music Sharing,V6UZPS_music_sharing.txt,"So I was wondering if they heard my song, and if they resonated with that one as well.","i, they, my song, they",Neutral,0.7945
Music Sharing,V6UZPS_music_sharing.txt,Definitely.,No clear aspect,Positive,0.5482
Music Sharing,V6UZPS_music_sharing.txt,"If they chose it because they liked the tune, then I can't really resonate, but if they actually listened to the lyrics and felt emotion when listening to that song, like I've been through similar situations","they, it, they, the tune, i, they, the lyrics, emotion, that song, i, similar situations",Neutral,0.6575
Music Sharing,V6UZPS_music_sharing.txt,and I totally know how it feels.,"i, it",Neutral,0.5509
Music Sharing,V6UZPS_music_sharing.txt,And I think if we were classmates or something we’d probably bond over that.,"i, we, classmates, something, we, that",Neutral,0.5203
Music Sharing,V6UZPS_music_sharing.txt,I just play my “liked” playlist in the car.,"i, my “liked” playlist, the car",Neutral,0.5412
Music Sharing,V6UZPS_music_sharing.txt,Once I created a Spotify group playlist and I added it to my Snapchat story,"i, a spotify group playlist, i, it, my snapchat story",Neutral,0.7384
Music Sharing,V6UZPS_music_sharing.txt,and I told everyone to add their favorite songs so I could listen to them.,"i, everyone, their favorite songs, i, them",Positive,0.7039
Music Sharing,V6UZPS_music_sharing.txt,I like doing a lot of group playlists on Spotify.,"i, a lot, group playlists, spotify",Positive,0.9589
Music Sharing,V6UZPS_music_sharing.txt,I've also connected a lot with other people that listen to the same type of music I do.,"i, a lot, other people, that, the same type, music, i",Positive,0.8246
Music Sharing,V6UZPS_music_sharing.txt,"I was a huge fan of One Direction, as I mentioned before.","i, a huge fan, one direction, i",Positive,0.9295
Music Sharing,V6UZPS_music_sharing.txt,I still am.,i,Neutral,0.636
Music Sharing,V6UZPS_music_sharing.txt,"Like when Liam died, I went to a memorial in Denver and I met a lot of new people, and now one of the girls that I met, we’re going to Colorado Springs this weekend to go to like two “One Direction nights,” where they’re just going to play One Direction nonstop.","liam, i, a memorial, denver, i, a lot, new people, the girls, that, i, we, colorado springs, two “one direction nights, they",Neutral,0.6251
Music Sharing,V6UZPS_music_sharing.txt,And we really bonded over that.,"we, that",Positive,0.8831
Music Sharing,V6UZPS_music_sharing.txt,I'm in like five different group chants and we're all just sharing music and laughs.,"i, five different group chants, we, music, laughs",Positive,0.7381
Music Sharing,7D8BPD_music_sharing.txt,"Not really, because I've been told my taste in music is not good.","i, my taste, music",Negative,0.8845
Music Sharing,7D8BPD_music_sharing.txt,"So I also know it's like out there from what a lot of people like, especially like from what's popular right now.","i, it, what, a lot, people, what",Neutral,0.7408
Music Sharing,7D8BPD_music_sharing.txt,"It's a lot of like friends, family, because since I'm so involved in musical stuff, like, I'm a music major.","it, a lot, friends, family, i, musical stuff, i",Positive,0.6508
Music Sharing,7D8BPD_music_sharing.txt,I think that what I'm those two is very different from what they are.,"i, what, i, what, they",Neutral,0.6081
Music Sharing,7D8BPD_music_sharing.txt,"And since I do so much of that, for my career or for school, it's like, I don't listen to music a ton, like outside of that aspect.","i, that, my career, school, it, i, music, that aspect",Negative,0.5618
Music Sharing,7D8BPD_music_sharing.txt,So really my exposure is that.,"my exposure, that",Neutral,0.7667
Music Sharing,7D8BPD_music_sharing.txt,"Or like if things that I hear from my classmates or, you know, stuff like that.","if things, that, i, my classmates, you, stuff, that",Neutral,0.8375
Music Sharing,P7TX2P_music_sharing.txt,Like a disgusting amount.,a disgusting amount,Negative,0.8935
Music Sharing,P7TX2P_music_sharing.txt,"Like I will just be talking to someone, “can I play a song?","i, someone, i, a song",Neutral,0.8252
Music Sharing,P7TX2P_music_sharing.txt,Can I show you a song right now?”,"i, you, a song",Neutral,0.8542
Music Sharing,P7TX2P_music_sharing.txt,Like I filled out the form and it was like “how often do you listen to music weekly?”,"i, the form, it, you, music",Neutral,0.907
Music Sharing,P7TX2P_music_sharing.txt,And I just used my like phone usage thing.,"i, my like phone usage thing",Neutral,0.7765
Music Sharing,P7TX2P_music_sharing.txt,"But I've been listening to music a lot more, it doesn't count other people's phones, and me being like, “can I queue a song?","i, music, it, other people's phones, me, i, a song",Positive,0.7226
Music Sharing,P7TX2P_music_sharing.txt,So I kind of rounded up.,i,Neutral,0.847
Music Sharing,P7TX2P_music_sharing.txt,And it's been going up.,it,Neutral,0.6292
Music Sharing,P7TX2P_music_sharing.txt,I work in the BTU and I like that there's noise.,"i, the btu, i, noise",Positive,0.6529
Music Sharing,P7TX2P_music_sharing.txt,So I'm trying to have more people play music because otherwise it's me playing my music.,"i, more people, music, it, me, my music",Neutral,0.59
Music Sharing,P7TX2P_music_sharing.txt,"I like my music, but I only listen to so many songs.","i, my music, i, so many songs",Positive,0.5302
Music Sharing,P7TX2P_music_sharing.txt,"Sometimes it's a song that I want to listen to, or sometimes it's something related to it.","it, a song, that, i, it, something, it",Positive,0.6399
Music Sharing,P7TX2P_music_sharing.txt,"My roommate studied music and now he teaches music, and we'll do a little back and forth.","my roommate, music, he, music, we",Neutral,0.7254
Music Sharing,P7TX2P_music_sharing.txt,"The other day we were like, “here's songs that daydream to,” type thing.","we, songs, that, type thing",Neutral,0.7677
Music Sharing,P7TX2P_music_sharing.txt,"And then we walk each other through like, “then in this part this would happen,” and it's kind of like how we imagined the soundtrack to it.","we, this part, this, it, we, the soundtrack, it",Neutral,0.802
Music Sharing,P7TX2P_music_sharing.txt,"But other times, sometimes I just wanna look cool in front of someone.","i, front, someone",Positive,0.6412
Music Sharing,Y9N2G1_music_sharing.txt,"And yeah, friends do send a few suggestions.","friends, a few suggestions",Neutral,0.7163
Music Sharing,Y9N2G1_music_sharing.txt,So that does expose me to new songs.,"that, me, new songs",Neutral,0.5297
Music Sharing,Y9N2G1_music_sharing.txt,we do a lot.,"we, a lot",Neutral,0.7735
Music Sharing,Y9N2G1_music_sharing.txt,"So me and my roommates share a lot of songs and there are days where we, all of us listen together.","me, my roommates, a lot, songs, days, we, all, us",Positive,0.6577
Music Sharing,Y9N2G1_music_sharing.txt,"And again, I feel that at least like we are four people and three of our taste in music is kind of same.","i, we, four people, our taste, music",Positive,0.5424
Music Sharing,Y9N2G1_music_sharing.txt,So,No clear aspect,Neutral,0.5788
Music Sharing,Y9N2G1_music_sharing.txt,"yeah,",No clear aspect,Neutral,0.5388
Music Sharing,Y9N2G1_music_sharing.txt,it's We do share a lot of music together.,"it, we, a lot, music",Positive,0.8298
Music Sharing,Y9N2G1_music_sharing.txt,It does make that bond strong.,"it, that bond",Positive,0.7039
Music Sharing,Y9N2G1_music_sharing.txt,"It's like that, it brings in that feeling of, you know, connectedness.","it, that, it, that feeling, you",Positive,0.6358
Music Sharing,Y9N2G1_music_sharing.txt,"Like I said earlier, if someone else also likes the same song as you do, then you tend to gel together.","i, someone, the same song, you, you",Positive,0.7483
Music Sharing,Y9N2G1_music_sharing.txt,"You tend to, know their interests more.","you, their interests",Neutral,0.7875
Music Sharing,Y9N2G1_music_sharing.txt,"So yeah, you feel connected.",you,Positive,0.6847
Music Sharing,1JVZTM_music_sharing.txt,"But most of the music I get, like that isn't some stuff I already listened to, is like suggestions from like friends and stuff.","the music, i, that, some stuff, i, suggestions, friends, stuff",Neutral,0.7081
Music Sharing,1JVZTM_music_sharing.txt,Totally.,No clear aspect,Neutral,0.6382
Music Sharing,1JVZTM_music_sharing.txt,sometimes I'll just like listen to music with my friends and then they'll put on stuff,"i, music, my friends, they, stuff",Positive,0.5957
Music Sharing,1JVZTM_music_sharing.txt,or I'll put on stuff.,"i, stuff",Neutral,0.7902
Music Sharing,1JVZTM_music_sharing.txt,Or if it's like on the radio or kind of like any situation really.,"it, the radio, any situation",Neutral,0.8557
Music Sharing,IOEYMP_music_sharing.txt,I think like every day.,"i, every day",Neutral,0.7487
Music Sharing,IOEYMP_music_sharing.txt,"If it were just like any random like person, I would avoid it.","it, person, i, it",Negative,0.7546
Music Sharing,IOEYMP_music_sharing.txt,"Like I only usually share music with people that I'm like, that like mean a lot to me, I guess, or that I already know I have the same music taste as.","i, music, people, that, i, a lot, me, i, i, i, the same music taste",Positive,0.6927
Music Sharing,IOEYMP_music_sharing.txt,"I guess music, like everybody has their own perception of what a good music taste is.","i, music, everybody, their own perception, what, a good music taste",Neutral,0.7733
Music Sharing,IOEYMP_music_sharing.txt,"So Like there's that bit on top of like, I guess, my own concerns of how other people see me.","top, i, my own concerns, how other people, me",Neutral,0.7192
Music Sharing,IOEYMP_music_sharing.txt,"So it's like, oh, if like people think I have bad music taste, then I'm like not someone that they'd want to be around or something.","it, people, i, bad music taste, i, someone, that, they",Negative,0.8949
Music Sharing,IOEYMP_music_sharing.txt,"But like, Yeah.",No clear aspect,Neutral,0.7265
Music Sharing,IOEYMP_music_sharing.txt,"So it's also just like a very, like some sorts of music can be very intimate to some people.","it, some sorts, music, some people",Neutral,0.6167
Music Sharing,IOEYMP_music_sharing.txt,"So it's just like showing people those parts of me, I guess.","it, people, those parts, me, i",Neutral,0.7425
Music Sharing,X6YZK0_music_sharing.txt,I don't know.,i,Neutral,0.5667
Music Sharing,X6YZK0_music_sharing.txt,"I guess because like, I enjoy it.","i, i, it",Positive,0.8379
Music Sharing,X6YZK0_music_sharing.txt,"And like, I hope that they have like the same experience.","i, they, the same experience",Neutral,0.5252
Music Sharing,X6YZK0_music_sharing.txt,"Especially with like the songs, whatever it's like, that I choose like to dance to, like they're not the most popular songs.","the songs, whatever, it, i, they, the most popular songs",Neutral,0.6036
Music Sharing,X6YZK0_music_sharing.txt,"So like, I'm like, oh, I hope they like it in the same capacity.","i, i, they, it, the same capacity",Positive,0.6253
Music Sharing,X6YZK0_music_sharing.txt,"But yeah, usually only people that I'm really close friends to, I'll like share my music with.","i, close friends, i, my music",Positive,0.824
Music Sharing,X6YZK0_music_sharing.txt,"if anyone offers me like, the aux cable in the car, I'm like, don't give it to me.","anyone, me, the car, i, it, me",Negative,0.6977
Music Sharing,X6YZK0_music_sharing.txt,I don't want it.,"i, it",Negative,0.8988
Music Sharing,X6YZK0_music_sharing.txt,"To be honest, for the most part, pretty good.",the most part,Positive,0.9499
Music Sharing,X6YZK0_music_sharing.txt,"I mean, I feel like just with different groups sometimes, with different people, sometimes not so positive, but it's also not necessarily negative.","i, i, different groups, different people, it",Neutral,0.6065
Music Sharing,X6YZK0_music_sharing.txt,"It's just like a general like,",it,Neutral,0.7242
Music Sharing,X6YZK0_music_sharing.txt,"oh yeah, that one's good.",that one,Positive,0.9589
Music Sharing,X6YZK0_music_sharing.txt,And then that's it.,"that, it",Neutral,0.5649
Music Sharing,X6YZK0_music_sharing.txt,"But even like just a simple like, oh yeah, I liked it.","i, it",Positive,0.9391
Music Sharing,X6YZK0_music_sharing.txt,"But like saying it like that sometimes as well can make me be like, did you really like it?","it, that, me, you, it",Neutral,0.8383
Music Sharing,X6YZK0_music_sharing.txt,Or are you just saying that because you're my friend?,"you, you, my friend",Neutral,0.7435
Music Sharing,X6YZK0_music_sharing.txt,"So really like I only trust them when like they start listening to it themselves, which is kind of crazy.","i, them, they, it, themselves, which",Neutral,0.4815
Music Sharing,X6YZK0_music_sharing.txt,"But that's when I'm like, yes, you did actually really like it.","that, i, you, it",Positive,0.8576
Music Sharing,X6YZK0_music_sharing.txt,Because you're listening to it now.,"you, it",Neutral,0.7977
Music Sharing,X6YZK0_music_sharing.txt,"It makes me feel good, but also just like, yes.","it, me",Positive,0.9581
Music Sharing,X6YZK0_music_sharing.txt,Like that.,that,Neutral,0.6071
Music Sharing,X6YZK0_music_sharing.txt,"If there's any other way to describe it, just like, yes.","any other way, it",Neutral,0.4986
Music Sharing,X6YZK0_music_sharing.txt,Yeah.,No clear aspect,Neutral,0.5491
Music Sharing,X6YZK0_music_sharing.txt,"But I just like it when, you know, other people enjoy like the stuff that I share with them, because it is just very much like you're sharing it with them.","i, it, you, other people, the stuff, that, i, them, it, you, it, them",Positive,0.9192
Music Sharing,X6YZK0_music_sharing.txt,"And even though it's like not something that I like made or anything like that, means something to me, I guess.","it, something, that, i, anything, that, something, me, i",Positive,0.5084
Music Sharing,X6YZK0_music_sharing.txt,So.,No clear aspect,Neutral,0.617
Music Sharing,X6YZK0_music_sharing.txt,"I would say so, especially with the other people's music.","i, the other people's music",Neutral,0.7239
Music Sharing,X6YZK0_music_sharing.txt,"Like think in one of the rooms, I was with other people, I was trying to figure out who was.","the rooms, i, other people, i, who",Neutral,0.8557
Music Sharing,X6YZK0_music_sharing.txt,"And then with the other one, the other person wasn't in there, I don't think.","the other person, i",Neutral,0.7747
Music Sharing,X6YZK0_music_sharing.txt,"I don't quite remember, but Either way, I definitely, I don't know if like this makes sense, but I almost like gave it more attention because I felt like, it's like respectful to actually like listen to it before I pass judgment to it.","i, i, i, this, sense, i, it, more attention, i, it, it, i, judgment, it",Neutral,0.6098
Music Sharing,X6YZK0_music_sharing.txt,"But with they, I was like, I was like, who cares?","they, i, i, who",Neutral,0.552
Music Sharing,X6YZK0_music_sharing.txt,"I definitely still try to listen to it, but definitely not as hard.","i, it",Positive,0.6851
Music Sharing,X6YZK0_music_sharing.txt,"Usually I listen to the same thing over and over again until like one of my music platforms is like, hey, do you want to listen to something else?","i, the same thing, my music platforms, you, something",Neutral,0.7382
Music Sharing,X6YZK0_music_sharing.txt,And then I'll try it,"i, it",Neutral,0.756
Music Sharing,X6YZK0_music_sharing.txt,"and sometimes I love it, sometimes I hate it.","i, it, i, it",Neutral,0.3819
Music Sharing,X6YZK0_music_sharing.txt,And then usually I'll have artists that I continually go back to.,"i, artists, that, i",Neutral,0.5888
Music Sharing,X6YZK0_music_sharing.txt,"So if they release something new, I'll go back to that and see what new stuff they have and if I like it, that kind of thing.","they, something, i, that, what new stuff, they, i, it, that kind, thing",Neutral,0.5061
Music Sharing,X6YZK0_music_sharing.txt,"And then occasionally I'll listen to something else that somebody has and then like I'll take that, but that's honestly pretty rare unless it's like my sister.","i, something, that, somebody, i, that, that, it, my sister",Neutral,0.7102
Music Sharing,X6YZK0_music_sharing.txt,"Like if she suggests a song, like she's the most likely person that I'll be like, oh, I like that song too.","she, a song, she, the most likely person, that, i, i, that song",Positive,0.8755
Music Sharing,X6YZK0_music_sharing.txt,And then I'll add that to my list of songs that I listen to over and over.,"i, that, my list, songs, that, i",Positive,0.5726
Music Sharing,JAC6MU_music_sharing.txt,"Yeah, often.",No clear aspect,Neutral,0.7149
Music Sharing,JAC6MU_music_sharing.txt,It depends.,it,Neutral,0.7105
Music Sharing,JAC6MU_music_sharing.txt,I don't know.,i,Neutral,0.5667
Music Sharing,JAC6MU_music_sharing.txt,"Like with some people, like my girlfriend, for example, I've like tried showing her some stuff","some people, my girlfriend, example, i, her",Neutral,0.8664
Music Sharing,JAC6MU_music_sharing.txt,"and she's like, what the hell?",she,Negative,0.8051
Music Sharing,JAC6MU_music_sharing.txt,"Like, what is this?","what, this",Neutral,0.5259
Music Sharing,JAC6MU_music_sharing.txt,"But for like, I don't know, I have a few friends who are like into like a lot of the similar music I am and like really dissonant, harsher stuff.","i, i, a few friends, who, a lot, the similar music, i, really dissonant, harsher stuff",Neutral,0.7275
Music Sharing,JAC6MU_music_sharing.txt,"So for that, it's never that reaction.","that, it, that reaction",Neutral,0.6349
Music Sharing,JAC6MU_music_sharing.txt,"It's usually pretty, I don't know, a lot more positive of a reaction.","it, i, a reaction",Positive,0.7787
Music Sharing,JAC6MU_music_sharing.txt,Less harsh.,No clear aspect,Neutral,0.6703
Music Sharing,JAC6MU_music_sharing.txt,"We send a lot of stuff back and forth to each other, but also like when we hang out, like in the car, we're like showing each other stuff, or like I don't know, my friend Ahmad loves to like bring me and Alex over to his room.","we, a lot, stuff, we, the car, we, each other stuff, i, my friend, ahmad, me, alex, his room",Positive,0.6167
Music Sharing,JAC6MU_music_sharing.txt,"And he's like, I'm going to show you some stuff.","he, i, you, some stuff",Neutral,0.784
Music Sharing,JAC6MU_music_sharing.txt,"I want to like really, I don't know, get you into some good stuff.","i, i, you, some good stuff",Positive,0.8333
Music Sharing,JAC6MU_music_sharing.txt,He's like our music connoisseur.,"he, our music connoisseur",Neutral,0.6745
Music Sharing,JAC6MU_music_sharing.txt,"I think I'm just more likely to hear other people out, especially like in the past few years, especially my musical, I don't know,","i, i, other people, the past few years, i",Neutral,0.5921
Music Sharing,JAC6MU_music_sharing.txt,"taste has like really, really grown and expanded too.",taste,Positive,0.5685
Music Sharing,JAC6MU_music_sharing.txt,"Like a few years ago, I would not be listening to a lot of the stuff I listen to now.","i, a lot, the stuff, i",Negative,0.7685
Music Sharing,JAC6MU_music_sharing.txt,There's actually like a few examples of me trying out stuff,"a few examples, me, stuff",Neutral,0.7363
Music Sharing,JAC6MU_music_sharing.txt,"I listen to now and being like, And then coming back to it like now I'm being like, this is amazing.","i, it, i, this",Positive,0.9666
Music Sharing,JAC6MU_music_sharing.txt,"And I don't know, part of that is just somebody sends you something","i, part, that, somebody, you, something",Neutral,0.72
Music Sharing,JAC6MU_music_sharing.txt,"and it's like kind of harsh and dissonant, something you've never heard before.","it, you",Neutral,0.4944
Music Sharing,JAC6MU_music_sharing.txt,"I think when it's a friend, you're just more likely to be like, okay, where are you coming from with this?","i, it, a friend, you, you, this",Neutral,0.7445
Music Sharing,JAC6MU_music_sharing.txt,"And oftentimes it leads to like actually hearing them out, being like, whoa, this is great.","it, them, this",Positive,0.9399
Music Sharing,5F2WAZ_music_sharing.txt,"Yeah, for sure.",No clear aspect,Neutral,0.5615
Music Sharing,5F2WAZ_music_sharing.txt,Every day.,every day,Neutral,0.5752
Music Sharing,5F2WAZ_music_sharing.txt,"So if I'm just listening to a song that like reminds me of someone, I'll send that song to them.","i, a song, that, me, someone, i, that song, them",Positive,0.6722
Music Sharing,5F2WAZ_music_sharing.txt,Or if it's a new song and I think it's dope,"it, a new song, i, it, dope",Positive,0.7605
Music Sharing,5F2WAZ_music_sharing.txt,"and I think someone will like it, I'll send it as well.","i, someone, it, i, it",Positive,0.893
Music Sharing,5F2WAZ_music_sharing.txt,"So pretty much it's just like, it's never like a planned thing.","it, it, a planned thing",Neutral,0.573
Music Sharing,5F2WAZ_music_sharing.txt,"It's just like, oh, I need to send this song to someone.","it, i, this song, someone",Positive,0.5044
Music Sharing,5F2WAZ_music_sharing.txt,"It just comes, that comes to me.","it, that, me",Neutral,0.5421
Music Sharing,5F2WAZ_music_sharing.txt,"Yeah, they like it for sure.","they, it",Positive,0.7186
Music Sharing,5F2WAZ_music_sharing.txt,"Like, because like most of the people I talk to like music as well.","the people, i, music",Positive,0.7534
Music Sharing,5F2WAZ_music_sharing.txt,"So it's just like, a way we communicate really.","it, we",Neutral,0.8079
Music Sharing,5F2WAZ_music_sharing.txt,So usually maybe it could start with sending a song,"it, a song",Neutral,0.8436
Music Sharing,5F2WAZ_music_sharing.txt,"and then it could, segue into other things like about that genre, about that artist or even just like about the individual instruments, like, oh, I like the bass on this song or whatever.","it, other things, that genre, that artist, the individual instruments, i, the bass, this song, whatever",Positive,0.6454
Music Sharing,5F2WAZ_music_sharing.txt,Music can convey emotions for sure.,"music, emotions",Neutral,0.6565
Music Sharing,5F2WAZ_music_sharing.txt,"So that's one, you know, whether it's just be like, you know, like romantic songs and stuff you can send to people, or just like, songs, like when I'm hanging out with my friends that we kind of like to, turn out to, I guess you could say.","that, you, it, you, romantic songs, stuff, you, people, i, my friends, that, we, i, you",Neutral,0.5418
Music Sharing,5F2WAZ_music_sharing.txt,"I guess in that way, it's just kind of like, it's just like an expression, because even like if you're playing a song, it's like an expression of you, I feel.","i, that way, it, it, an expression, you, a song, it, an expression, you, i",Neutral,0.7271
Music Sharing,5F2WAZ_music_sharing.txt,Sometimes people get it.,"people, it",Negative,0.5964
Music Sharing,5F2WAZ_music_sharing.txt,"Like if they listen to the song, you know, like they're like, Okay, I get what you're trying to say, I guess it really just depends, if they actually listen to it or not, But I feel like most of the time, people understand, what I'm trying to tell them by sending them a song, Yeah.","they, the song, you, they, i, what, you, i, it, they, it, i, the time, people, what, i, them, them, a song",Neutral,0.517
Music Sharing,5F2WAZ_music_sharing.txt,"Yeah, just people I'm like close with, whether it's like family or friends.","just people, i, it, family, friends",Neutral,0.6575
Music Sharing,5F2WAZ_music_sharing.txt,"I don't really send like songs to strangers or people like, if there's someone here like at school, and we just like text each other about assignments and stuff, I'm not just going to send them a song.","i, songs, strangers, people, someone, school, we, assignments, stuff, i, them, a song",Neutral,0.7321
Music Sharing,YP35AR_music_sharing.txt,"I feel like a lot of time if you listen to music with other people that you're friends with, it's like you play songs the other person is gonna like.","i, a lot, time, you, music, other people, you, friends, it, you, songs, the other person",Neutral,0.5833
Music Sharing,YP35AR_music_sharing.txt,"It's like with really close friends that you listen to, like, you know, it's their favorite song.","it, really close friends, that, you, you, it, their favorite song",Positive,0.7842
Music Sharing,YP35AR_music_sharing.txt,"Yeah, I think it's not fake, obviously, when you're listening to other people like with music that's not their totally favorite songs.","i, it, you, other people, music, that, their totally favorite songs",Neutral,0.5994
Music Sharing,YP35AR_music_sharing.txt,But music is such a large part of who people are and what music they like says a lot about like the things that they've gone through and like their personal experience with the world.,"music, such a large part, who, people, what music, they, a lot, the things, that, they, their personal experience, the world",Neutral,0.761
Music Sharing,YP35AR_music_sharing.txt,And some music that they like or their favorite song is really like you're connecting with the person on a deeper level.,"some music, that, they, their favorite song, you, the person, a deeper level",Positive,0.8841
Music Sharing,YP35AR_music_sharing.txt,"And a lot of people like don't want to share their favorite songs with people, especially if you don't know them really well, just because it is that kind of insecurity.","a lot, people, their favorite songs, people, you, them, it, that kind, insecurity",Negative,0.7443
Music Sharing,YP35AR_music_sharing.txt,"Like you don't want them to hate the song because if they don't like the song, then it feels like they don't like you.","you, them, the song, they, the song, it, they, you",Negative,0.4963
Music Sharing,YP35AR_music_sharing.txt,"I mean, not everyone like really loves music, but a lot of people do.","i, not everyone, music, a lot, people",Neutral,0.5572
Music Sharing,YP35AR_music_sharing.txt,"And the music that people like, it just like, it says a lot about like who they are as a person, especially if they like the lyrics of a song versus like the beat of a song.","that, people, it, it, a lot, who, they, a person, they, the lyrics, a song, the beat, a song",Neutral,0.6284
Music Sharing,YP35AR_music_sharing.txt,"If you connect them with like what the artist is saying, then that means that they feel the same about their life.","you, them, what, the artist, that, they, their life",Neutral,0.6666
Music Sharing,YP35AR_music_sharing.txt,And that articulates to you that they feel something they may not be able to express with their own words.,"that, you, they, something, they, their own words",Neutral,0.612
Music Sharing,YP35AR_music_sharing.txt,"I'm a person who's very bad with words, especially when it comes to feelings and stuff.","i, a person, who, words, it, feelings, stuff",Negative,0.9369
Music Sharing,YP35AR_music_sharing.txt,"So a lot of music that has really powerful lyrics, I'm like, that feels like what I'm feeling.","a lot, music, that, really powerful lyrics, i, that, what, i",Positive,0.7521
Music Sharing,YP35AR_music_sharing.txt,"And hearing someone else's song that's like, this is how they're feeling or how they feel a lot or something they really resonate with, it's like you're touching with them.","someone else's song, that, this, they, they, a lot, something, they, it, you, them",Neutral,0.5217
Music Sharing,YP35AR_music_sharing.txt,"if I'm with some people that I just met, I probably wouldn't play like my all-time favorite, like powerful songs to me, just because it doesn't fit the vibe all the time.","i, some people, that, i, i, powerful songs, me, it, the vibe",Negative,0.5887
Music Sharing,YP35AR_music_sharing.txt,"And just like, you want to pick something you think the other person would like and maybe sing to, and it's more fun, I think.","you, something, you, the other person, it, more fun, i",Positive,0.894
Music Sharing,YP35AR_music_sharing.txt,I do band and stuff like that.,"i, band, stuff, that",Neutral,0.8666
Music Sharing,YP35AR_music_sharing.txt,So I feel like that's a very like big community thing.,"i, that, a very like big community thing",Neutral,0.6617
Music Sharing,YP35AR_music_sharing.txt,I'm a big like community family oriented person.,"i, a big like community family oriented person",Neutral,0.5121
Music Sharing,YP35AR_music_sharing.txt,So I love that kind of like play music with other people and make a piece together.,"i, that kind, music, other people, a piece",Positive,0.9752
Music Sharing,YP35AR_music_sharing.txt,"But like, yeah, also like you'd have a bonfire with your friends and you make a playlist together","you, a bonfire, your friends, you, a playlist",Neutral,0.5106
Music Sharing,YP35AR_music_sharing.txt,and you kind of like play that while you're hanging out.,"you, you",Neutral,0.7386
Music Sharing,YP35AR_music_sharing.txt,There's that aspect of it too.,"that aspect, it",Neutral,0.7557
Music Sharing,J0QRGC_music_sharing.txt,"I mainly listen by myself, but like if I'm driving somewhere with somebody, I'll play my music.","i, myself, i, somebody, i, my music",Neutral,0.6035
Music Sharing,J0QRGC_music_sharing.txt,"Or like I go, well, I guess this doesn't really count, but I go to concerts sometimes.","i, i, this, i, concerts",Neutral,0.7663
Music Sharing,J0QRGC_music_sharing.txt,Yeah.,No clear aspect,Neutral,0.5491
Music Sharing,06ECDB_music_sharing.txt,"Typically listening by myself every now and then, if we have a couple of friends over, something like that, I might put on some, throwback music, 80s, 90s, something like that.","myself, we, a couple, friends, that, i, some, throwback music, 80s, something, that",Neutral,0.6114
Music Sharing,06ECDB_music_sharing.txt,But most of the music I listen to is just by myself.,"the music, i, myself",Neutral,0.6586
Music Sharing,06ECDB_music_sharing.txt,Because I enjoy listening to 80s and 90s as well as everyone else.,"i, 80s, 90s, everyone",Positive,0.8992
Music Sharing,06ECDB_music_sharing.txt,Maybe my friend group doesn't like country as much as I do or don't care for that one.,"my friend group, country, i",Negative,0.7236
Music Sharing,06ECDB_music_sharing.txt,"So for the whole group, try and find music that suits kind of all of us or something like that.","the whole group, music, that, kind of all, us, something, that",Positive,0.5044
Music Sharing,06ECDB_music_sharing.txt,So most of the music I kind of submitted that I listened to was just for me.,"the music, i, i, me",Neutral,0.6382
Music Sharing,06ECDB_music_sharing.txt,"When there's others around, I'll kind of change the style.","others, i, the style",Neutral,0.8916
Music Sharing,V4HSKU_music_sharing.txt,I don't really care about what other people are thinking about during in that room just because it's my favorite and I enjoy it.,"i, what, other people, that room, it, i, it",Positive,0.9427
Music Sharing,V4HSKU_music_sharing.txt,"And then along with the other people, or I guess I'll just stick with that for now, but with the other people in the room with their favorite song, I feel like I was more prone to like wanting to enjoy it for their purposes because it's someone else's favorite song in the room.","the other people, i, i, that, the other people, the room, their favorite song, i, i, it, their purposes, it, someone else's favorite song, the room",Positive,0.6812
Music Sharing,V4HSKU_music_sharing.txt,"Yeah, I feel like if I was by myself","i, i, myself",Neutral,0.712
Music Sharing,V4HSKU_music_sharing.txt,"but it was my own song, I was just kind of vibing out by myself.","it, my own song, i, myself",Positive,0.6004
Music Sharing,V4HSKU_music_sharing.txt,Not much thought into it.,"not much thought, it",Neutral,0.6035
Music Sharing,V4HSKU_music_sharing.txt,Like I didn't really think anything of it.,"i, anything, it",Negative,0.4836
Music Sharing,V4HSKU_music_sharing.txt,And then there's other people in the room.,"other people, the room",Neutral,0.6987
Music Sharing,V4HSKU_music_sharing.txt,I would say I was kind of doing the same thing.,"i, i, the same thing",Neutral,0.8391
Music Sharing,V4HSKU_music_sharing.txt,"Like I wanted other people to enjoy it, but also like it's my favorite song.","i, other people, it, it, my favorite song",Positive,0.9435
Music Sharing,V4HSKU_music_sharing.txt,"So I'm just listening to it for my own good, I guess.","i, it, my own good, i",Neutral,0.5094
Music Sharing,V4HSKU_music_sharing.txt,I feel like I do.,"i, i",Neutral,0.6977
Music Sharing,V4HSKU_music_sharing.txt,"There's a couple people, like my close friends and roommates, and I enjoy doing it too.","a couple people, my close friends, roommates, i, it",Positive,0.9406
Music Sharing,V4HSKU_music_sharing.txt,But it's also just like I just love my music and listening to it myself.,"it, i, my music, it",Positive,0.9649
Music Sharing,V4HSKU_music_sharing.txt,"So I feel like I do enjoy sharing music and listening to it with other people, but I also just love music on my own.","i, i, music, it, other people, i, music",Positive,0.9733
Music Sharing,V4HSKU_music_sharing.txt,"And it's like, I also kind of find it to be like a passive, like personal activity for myself to listen to my own music.","it, i, it, personal activity, myself, my own music",Neutral,0.742
Music Sharing,V4HSKU_music_sharing.txt,"I think especially with my dad, he's a big music guy.","i, my dad, he, a big music guy",Positive,0.7406
Music Sharing,V4HSKU_music_sharing.txt,"I think his nickname, we call him like the Human Shajam.","i, his nickname, we, him, the human shajam",Neutral,0.9106
Music Sharing,V4HSKU_music_sharing.txt,"Or do you remember that app where you can like use the little plus, now you can just use like Siri or whatever.","you, that app, you, the little plus, you, siri, whatever",Neutral,0.7842
Music Sharing,V4HSKU_music_sharing.txt,"But he like actually knows every single song, every single year, every single artist, like when the song has come out.","he, every single song, every single year, every single artist, the song",Neutral,0.7151
Music Sharing,V4HSKU_music_sharing.txt,He's just very well versed in that.,"he, that",Neutral,0.4965
Music Sharing,V4HSKU_music_sharing.txt,So I feel like I get a lot of like my music appreciation from him.,"i, i, a lot, my music appreciation, him",Positive,0.8817
Music Sharing,V4HSKU_music_sharing.txt,"And that is something that we talk about a lot whenever we're together, just like finding out new music or talking about the news with artists and what they're doing and new music they're putting out.","that, something, that, we, we, new music, the news, artists, what, they, new music, they",Neutral,0.5722
Music Sharing,V4HSKU_music_sharing.txt,So I feel like that definitely.,"i, that",Neutral,0.5995
Music Sharing,V4HSKU_music_sharing.txt,plays a big role in our relationship.,"a big role, our relationship",Neutral,0.6869
Music Sharing,V4HSKU_music_sharing.txt,"And then I feel like with friends, it just kind of unites us and we have a fun time together and music is playing and that's just a good time we have when we do that.","i, friends, it, us, we, a fun time, music, that, just a good time, we, we, that",Positive,0.9812
Music Sharing,Q71QCH_music_sharing.txt,"my friends and family do have like this schema in their head of what type of music I like, which I do kind of encourage because it's better that they have like a reductive kind of view of what music I like than that they think that I like a new type of music that I don't like.","my friends, family, this schema, their head, what type, music, i, which, i, it, they, a reductive kind, view, what music, i, they, i, a new type, music, that, i",Neutral,0.5755
Music Sharing,Q71QCH_music_sharing.txt,"I think with my family, they mostly have an acceptable view of the type of music I listen to.","i, my family, they, an acceptable view, the type, music, i",Positive,0.6397
Music Sharing,Q71QCH_music_sharing.txt,"I mean, even my brother, I think, understands why I listen to the music I do.","i, even my brother, i, i, the music, i",Neutral,0.5179
Music Sharing,Q71QCH_music_sharing.txt,"I do think that like other people, like friends, don't really get it because I've, I've like failed, I've not met a single person who can stand countryThat's nice because I don't like it when people have an idea of me that doesn't fit my idea of me.","i, other people, friends, it, i, i, i, a single person, who, countrythat, i, it, people, an idea, me, that, my idea, me",Negative,0.6483
Music Sharing,Q71QCH_music_sharing.txt,It's something I'm pretty conscious about.,"it, something, i",Neutral,0.5121
Music Sharing,Q71QCH_music_sharing.txt,"I'm kind of weird about it too, but like outside of music even, I don't like it when somebody assumes that I think something or that I have, I have one position, so I must have another one.","i, it, music, i, it, somebody, i, something, i, i, one position, i, another one",Negative,0.5562
Music Sharing,Q71QCH_music_sharing.txt,"Unless it's my, unless they're right.","it, my, they",Neutral,0.7241
Music Sharing,Q71QCH_music_sharing.txt,"Like, if they're right, I don't mind if they make an inference on it.","they, i, they, an inference, it",Neutral,0.7618
Music Sharing,Q71QCH_music_sharing.txt,"But like, if they're not right about it, then it's like, well, that's unfair of you.","they, it, it, that, you",Negative,0.7763
Music Sharing,Q71QCH_music_sharing.txt,And so that extends into music.,"that, music",Neutral,0.7753
Music Sharing,Q71QCH_music_sharing.txt,"I want people to have at least a close enough idea as to why I like the music I do, I think.","i, people, at least a close enough idea, i, the music, i, i",Neutral,0.5352
Music Sharing,1ZDS4P_music_sharing.txt,"Yeah, I'd say so, for sure.",i,Neutral,0.641
Music Sharing,1ZDS4P_music_sharing.txt,"Like when I'm driving people around, like I'll always put my music on.","i, people, i, my music",Neutral,0.6099
Music Sharing,1ZDS4P_music_sharing.txt,"At home, like with my roommates, like we'll play music together","home, my roommates, we, music",Positive,0.5391
Music Sharing,1ZDS4P_music_sharing.txt,"We usually, we're all pretty close.","we, we",Positive,0.7374
Music Sharing,1ZDS4P_music_sharing.txt,Like we know like what kind of music we're all into.,"we, what kind, music, we",Neutral,0.8213
Music Sharing,1ZDS4P_music_sharing.txt,We usually make like a Spotify blend.,"we, a spotify blend",Neutral,0.8104
Music Sharing,1ZDS4P_music_sharing.txt,And we just like play that while we're like doing homework and stuff.,"we, we, homework, stuff",Neutral,0.7067
Music Sharing,4TPXHQ_music_sharing.txt,A really good way that I've had within the past three or four years is my a cappella group.,"a really good way, that, i, the past three or four years, my a cappella group",Positive,0.984
Music Sharing,4TPXHQ_music_sharing.txt,We arrange all of our own music.,"we, all, our own music",Neutral,0.8101
Music Sharing,4TPXHQ_music_sharing.txt,So other people that feel very passionately about a song will arrange it for the group.,"other people, that, a song, it, the group",Positive,0.6181
Music Sharing,4TPXHQ_music_sharing.txt,"And then I get to hear, you know, this thing that someone has a vision for and has put hours into arranging.","i, you, this thing, that, someone, a vision, hours",Neutral,0.7554
Music Sharing,4TPXHQ_music_sharing.txt,And there's one member,one member,Neutral,0.795
Music Sharing,4TPXHQ_music_sharing.txt,and she has such good taste.,"she, such good taste",Positive,0.9093
Music Sharing,4TPXHQ_music_sharing.txt,"So we like exchange, you know, like playlists and everything.","we, exchange, you, playlists, everything",Neutral,0.7334
Music Sharing,4TPXHQ_music_sharing.txt,usually it's exchanging playlists and all of my friends are musicians.,"it, playlists, all, my friends, musicians",Positive,0.5811
Music Sharing,4TPXHQ_music_sharing.txt,We all are constantly looking for new music.,"we, all, new music",Positive,0.5664
Music Sharing,VD1PLG_music_sharing.txt,I think it's because I started with my songs.,"i, it, i, my songs",Neutral,0.7404
Music Sharing,VD1PLG_music_sharing.txt,I was a little like worried.,i,Negative,0.5304
Music Sharing,VD1PLG_music_sharing.txt,I was like maybe I went too crazy with like the party like fun songs.,"i, i, the party, fun songs",Neutral,0.5445
Music Sharing,VD1PLG_music_sharing.txt,I feel like a little pushing it.,"i, it",Negative,0.5314
Music Sharing,VD1PLG_music_sharing.txt,But then I felt better towards the end because some people had rap and there was a song about baby mamas,"i, the end, some people, a song, baby mamas",Positive,0.8907
Music Sharing,VD1PLG_music_sharing.txt,"and I was like, everyone's being real.","i, everyone",Neutral,0.5897
Music Sharing,VD1PLG_music_sharing.txt,So that's really all I thought I had.,"that, all, i, i",Neutral,0.6087
Music Sharing,VD1PLG_music_sharing.txt,"Some, like I think like a lot of like the personal songs, like not the like fun ones, are just different.","some, i, a lot, the personal songs, not the like fun ones",Neutral,0.6714
Music Sharing,VD1PLG_music_sharing.txt,Like they're not for me.,"they, me",Negative,0.725
Music Sharing,VD1PLG_music_sharing.txt,I just don't think like I relate to it.,"i, i, it",Negative,0.896
Music Sharing,VD1PLG_music_sharing.txt,"One of the songs, I only see like, remember when it was like moonlight themed?","the songs, i, it, moonlight",Neutral,0.8586
Music Sharing,VD1PLG_music_sharing.txt,It was like by a guy.,"it, a guy",Neutral,0.7403
Music Sharing,VD1PLG_music_sharing.txt,I think it's a bit of both.,"i, it, a bit, both",Neutral,0.8035
Music Sharing,VD1PLG_music_sharing.txt,I think genre is a big one for me.,"i, genre, a big one, me",Positive,0.8095
Music Sharing,VD1PLG_music_sharing.txt,"Like, I don't really know what kind of genre that music is, but I just know I don't like that type of music.","i, what kind, genre, that music, i, i, that type, music",Negative,0.9485
Music Sharing,VD1PLG_music_sharing.txt,"I usually like kind of lean towards like R&B or like a bit more, maybe rap sometimes.","i, r&b, rap",Neutral,0.6546
Music Sharing,VD1PLG_music_sharing.txt,"So there was like one song someone else was like, the song was like a rap song.","one song, someone, the song, a rap song",Neutral,0.8304
Music Sharing,VD1PLG_music_sharing.txt,That one was like pretty cool.,that one,Positive,0.9626
Music Sharing,VD1PLG_music_sharing.txt,I liked it.,"i, it",Positive,0.9483
Music Sharing,VD1PLG_music_sharing.txt,But I don't think I count like songs like that as my favorite because I don't emotionally relate to them.,"i, i, songs, that, i, them",Negative,0.6787
Music Sharing,VD1PLG_music_sharing.txt,"I'm like, I feel like a lot of them are like from the perspective of a man to begin with.","i, i, a lot, them, the perspective, a man",Neutral,0.6556
Music Sharing,VD1PLG_music_sharing.txt,And it's like a lot about like making relationships to women and like having baby moms.,"it, a lot, relationships, women, baby moms",Neutral,0.7355
Music Sharing,VD1PLG_music_sharing.txt,"I'm like, I can't really relate to it, but the lyrics are pretty like smart and witty.","i, i, it, the lyrics",Positive,0.6677
Music Sharing,VD1PLG_music_sharing.txt,So that's like why I like them.,"that, i, them",Positive,0.7987
Music Sharing,VD1PLG_music_sharing.txt,"But I think a lot of the more, I don't think it's country.","i, a lot, i, it, country",Neutral,0.5119
Music Sharing,VD1PLG_music_sharing.txt,I think it's like pop or something.,"i, it, pop, something",Neutral,0.8286
Music Sharing,VD1PLG_music_sharing.txt,"I don't know what it is, the genre, but I just don't think it's just not for me.","i, what, it, the genre, i, it, me",Negative,0.9079
Music Sharing,VD1PLG_music_sharing.txt,And also the lyrics.,and also the lyrics,Neutral,0.752
Music Sharing,VD1PLG_music_sharing.txt,"I was like, it was just like, I don't know.","i, it, i",Neutral,0.5888
Music Sharing,VD1PLG_music_sharing.txt,"I just, I didn't feel it.","i, i, it",Negative,0.8343
Music Sharing,VD1PLG_music_sharing.txt,"Sometimes I feel like I kind of, I have two extremes.","i, i, i, two extremes",Neutral,0.6165
Music Sharing,VD1PLG_music_sharing.txt,"Like sometimes I really, really care about the lyrics.","i, the lyrics",Neutral,0.6454
Music Sharing,VD1PLG_music_sharing.txt,"I like to relate to them, like to feel them.","i, them, them",Positive,0.6526
Music Sharing,VD1PLG_music_sharing.txt,"But I think with my more R&B and fun music, I like when it's funny, like it's like, I will listen to a lot of songs like sometimes like Drake, like he'll have a line about just something like so bizarre and ridiculous.","i, my more r&b and fun music, i, it, it, i, a lot, songs, drake, he, a line, just something",Positive,0.7202
Music Sharing,VD1PLG_music_sharing.txt,"But it's like, how did you come up with that?","it, you, that",Neutral,0.6282
Music Sharing,VD1PLG_music_sharing.txt,That's so witty.,that,Positive,0.9466
Music Sharing,VD1PLG_music_sharing.txt,I love it.,"i, it",Positive,0.9695
Music Sharing,VD1PLG_music_sharing.txt,I do share music frequently.,"i, music",Neutral,0.5018
Music Sharing,VD1PLG_music_sharing.txt,"I do like to, I'm a bit obnoxious about it where it's like, I will play a song and be like, did you guys hear that line?","i, i, it, it, i, a song, you guys, that line",Neutral,0.5687
Music Sharing,VD1PLG_music_sharing.txt,Isn't it so funny?,it,Positive,0.8897
Music Sharing,VD1PLG_music_sharing.txt,"Like pause, no, you guys need to listen.","pause, you guys",Neutral,0.6289
Music Sharing,VD1PLG_music_sharing.txt,Because I think I spend a lot of time just trying to understand like what he referenced like in the song.,"i, i, a lot, time, what, he, the song",Neutral,0.6133
Music Sharing,VD1PLG_music_sharing.txt,"So if it's like celebrity beef or something, I'll do my research or ask or figure it out.","it, celebrity beef, something, i, my research, it",Neutral,0.8407
Music Sharing,VD1PLG_music_sharing.txt,So then I feel so excited to inform the people around me.,"i, the people, me",Positive,0.9844
Music Sharing,VD1PLG_music_sharing.txt,"And if it's like a silly dancing song, like something, I will just share it with my like one of my best friends.","it, a silly dancing song, something, i, it, my best friends",Positive,0.8212
Music Sharing,VD1PLG_music_sharing.txt,So because we have like a similar taste.,"we, a similar taste",Neutral,0.6344
Music Sharing,VD1PLG_music_sharing.txt,And if I think it's like a more like laid back song I always share with my cousin.,"i, it, a more like laid back song, i, my cousin",Positive,0.5037
Music Sharing,VD1PLG_music_sharing.txt,"Like, she's overseas, so it's like, I'll just send her the line I think is cool.","she, it, i, her, the line, i",Positive,0.7722
Music Sharing,VD1PLG_music_sharing.txt,And she'll send one back.,she,Neutral,0.7583
Music Sharing,VD1PLG_music_sharing.txt,Yeah.,No clear aspect,Neutral,0.5491
Music Sharing,VD1PLG_music_sharing.txt,I do definitely share music A lot.,"i, music",Positive,0.8575
Music Sharing,VD1PLG_music_sharing.txt,"Honestly, it depends.",it,Neutral,0.7934
Music Sharing,VD1PLG_music_sharing.txt,It's been some hits and misses.,"it, some hits, misses",Negative,0.6161
Music Sharing,VD1PLG_music_sharing.txt,I think I'm trying to do better with like understanding people's like background.,"i, i, people, background",Positive,0.6648
Music Sharing,VD1PLG_music_sharing.txt,"Like I played, I did that with a couple of my friends, but they're a little more into like pop.","i, i, that, a couple, my friends, they, like pop",Neutral,0.7351
Music Sharing,VD1PLG_music_sharing.txt,"So like when I played the rap thing, it was, it was a miss, definitely.","i, the rap thing, it, it",Neutral,0.6268
Music Sharing,VD1PLG_music_sharing.txt,"But I was like, they were trying to be nice about it, but I could sense it was like not for them.","i, they, it, i, it, them",Negative,0.5299
Music Sharing,VD1PLG_music_sharing.txt,"it was like, I felt like a woman hater.","it, i, a woman hater",Negative,0.8188
Music Sharing,VD1PLG_music_sharing.txt,"I just thought it was funny, but I was like, I said, it's so crazy he said that, but I was like, guys, I swear, like, it's just a song.","i, it, i, i, it, he, i, guys, i, it, just a song",Neutral,0.5285
Music Sharing,VD1PLG_music_sharing.txt,I'm kidding.,i,Neutral,0.5877
Music Sharing,VD1PLG_music_sharing.txt,I'm sorry.,i,Negative,0.6455
Music Sharing,VD1PLG_music_sharing.txt,"But so I'm like, no, you're like, I guess, like, audience.","i, you, i",Neutral,0.6615
Music Sharing,VD1PLG_music_sharing.txt,I'm trying to do better with that.,"i, that",Positive,0.5826
Music Sharing,VD1PLG_music_sharing.txt,But I'm a bit shameless.,i,Negative,0.5477
Music Sharing,VD1PLG_music_sharing.txt,"So like, if I like it, I think it's worth sharing.","i, it, i, it",Positive,0.803
Music Sharing,VD1PLG_music_sharing.txt,I think it's a lot of times made it like more special.,"i, it, a lot, times, it",Positive,0.8211
Music Sharing,VD1PLG_music_sharing.txt,"Because I feel like with a lot of my friends, we have a song, you know, and it's like, whenever, like, whenever me and a sort of friends drive, like, we have to play one of the songs because we know it line by line.","i, a lot, my friends, we, a song, you, it, me, a sort, friends, we, the songs, we, it, line",Neutral,0.7808
Music Sharing,VD1PLG_music_sharing.txt,"We're just all dramatic, singing it or dancing.","we, it",Neutral,0.6527
Music Sharing,VD1PLG_music_sharing.txt,So I think it's like sweet.,"i, it",Positive,0.8284
Music Sharing,VD1PLG_music_sharing.txt,"I feel like most people in my life, we have a song that's like, either it's like goes to ways, either like our emotional and things are bad like song, or if it's like when we're turned, like it's like we're about to have a good day or we're trying to like do something fun.","i, most people, my life, we, a song, that, it, ways, our emotional, things, song, it, we, it, we, a good day, we, something fun",Positive,0.4811
Music Sharing,VD1PLG_music_sharing.txt,"So it's like, we're setting the mood right.","it, we, the mood",Positive,0.6515
Music Sharing,VD1PLG_music_sharing.txt,"So I think it's, I think it definitely made my connection with people closer.","i, it, i, it, my connection, people",Positive,0.9436
Music Sharing,VD1PLG_music_sharing.txt,"Oddly enough, some songs are crazy, but it still works.","some songs, it",Positive,0.5525
Music Sharing,VD1PLG_music_sharing.txt,So that's really it.,"that, it",Neutral,0.5979
Music Sharing,V47GRV_music_sharing.txt,They're okay.,they,Positive,0.7468
Music Sharing,V47GRV_music_sharing.txt,"I mean, obviously less engaging because I don't know them, but I mean, they weren't bad.","i, i, them, i, they",Neutral,0.5053
Music Sharing,V47GRV_music_sharing.txt,It's kind of cool because in a way you kind of feel like you're sharing.,"it, a way, you, you",Positive,0.966
Music Sharing,V47GRV_music_sharing.txt,Like when it's my song,"it, my song",Neutral,0.6155
Music Sharing,V47GRV_music_sharing.txt,"and it's other people, you kind of feel like you're sharing it and you're kind of glad that the other people get to hear it.","it, other people, you, you, it, you, the other people, it",Positive,0.86
Music Sharing,V47GRV_music_sharing.txt,But yeah.,No clear aspect,Neutral,0.6504
Music Sharing,V47GRV_music_sharing.txt,"Not really, because I don't listen to a ton of music in the 1st place.","i, a ton, music, the 1st place",Negative,0.6947
Music Sharing,V47GRV_music_sharing.txt,"And then most of my friends don't enjoy the type of music that I listen to, or I like have a very different style of music that they enjoy.","my friends, the type, music, that, i, i, a very different style, music, that, they",Negative,0.5352
Music Sharing,V47GRV_music_sharing.txt,So typically I don't know.,i,Neutral,0.6694
Music Sharing,V47GRV_music_sharing.txt,So that has helped make a lot of choices.,"that, a lot, choices",Positive,0.7687
Music Sharing,V47GRV_music_sharing.txt,"And because of that, it also has steered my friend group towards band kids and stuff like that.","that, it, my friend group, band kids, stuff, that",Neutral,0.7507
Music Sharing,V47GRV_music_sharing.txt,So music is definitely an important part of who I am because of who I hang out with and what I spend most of my time doing.,"music, an important part, who, i, who, i, what, i, my time",Positive,0.933
Music Sharing,V47GRV_music_sharing.txt,But that's more on the creating side.,"that, the creating side",Neutral,0.8055
Music Sharing,V47GRV_music_sharing.txt,"Listening to music I don't do so much, so.","music, i",Neutral,0.615
Music Sharing,V47GRV_music_sharing.txt,Optimism is generally important.,optimism,Positive,0.6622
Music Sharing,V47GRV_music_sharing.txt,I don't like songs that are sad and would make me more sad if I was sad generally.,"i, songs, that, me, i",Negative,0.9668
Music Sharing,V47GRV_music_sharing.txt,"So optimism, more upbeat type things are typically what I enjoy with lyrics.","so optimism, more upbeat type things, what, i, lyrics",Positive,0.9286
Music Sharing,382LOS_music_sharing.txt,"Sometimes, not a lot.","sometimes, not a lot",Neutral,0.621
Music Sharing,382LOS_music_sharing.txt,"I usually like to keep my songs, because I don't, a really bad habit of mine is I don't go out looking for new music, generally speaking.","i, my songs, i, a really bad habit, mine, i, new music",Negative,0.4563
Music Sharing,382LOS_music_sharing.txt,I usually just listen to what I already know.,"i, what, i",Neutral,0.7985
Music Sharing,382LOS_music_sharing.txt,And sometimes I will find new music through that.,"i, new music, that",Positive,0.7044
Music Sharing,382LOS_music_sharing.txt,And so I will add that to my like songs.,"i, that, my like songs",Neutral,0.6978
Music Sharing,382LOS_music_sharing.txt,"And so I don't have like the biggest category in the world, because I don't go out listening, actually looking for songs.","i, the biggest category, the world, i, listening, songs",Negative,0.6507
Music Sharing,382LOS_music_sharing.txt,But I don't really share my song with a lot of people.,"i, my song, a lot, people",Neutral,0.6042
Music Sharing,382LOS_music_sharing.txt,"Unless I find a really, really good song that I'm like super like happy that I found and I like a lot","i, a really, really good song, that, i, i, i, a lot",Positive,0.948
Music Sharing,382LOS_music_sharing.txt,"and I want to share with somebody else, then I will.","i, somebody, i",Positive,0.5087
Music Sharing,382LOS_music_sharing.txt,And most of the time it ends up being like one person.,"the time, it, one person",Neutral,0.4941
Music Sharing,382LOS_music_sharing.txt,"So far, I've shared, I mean, this year I haven't found them.","i, i, i, them",Negative,0.4839
Music Sharing,382LOS_music_sharing.txt,"Like one specific person, one of my specific friends, they've been the one who I've gone to for me.","one specific person, my specific friends, they, who, i, me",Neutral,0.6807
Music Sharing,382LOS_music_sharing.txt,"So generally speaking, I don't.",i,Neutral,0.5459
Music Sharing,382LOS_music_sharing.txt,I kind of keep to myself.,"i, myself",Neutral,0.7884
Music Sharing,382LOS_music_sharing.txt,"Yeah, 100%.",No clear aspect,Positive,0.5415
Music Sharing,382LOS_music_sharing.txt,"Because like when I was like listening to my own music and then being in the group of other people, I wasn't worried about my song.","i, my own music, the group, other people, i, my song",Positive,0.511
Music Sharing,382LOS_music_sharing.txt,I wasn't worried about what are they thinking about me?,"i, what, they, me",Neutral,0.6484
Music Sharing,382LOS_music_sharing.txt,"You know, I kind of like a deeper anxiety, like, oh, maybe they're thinking of me in this way.","you, i, a deeper anxiety, they, me, this way",Negative,0.4866
Music Sharing,382LOS_music_sharing.txt,or this way because of this specific song.,"or this way, this specific song",Neutral,0.843
Music Sharing,382LOS_music_sharing.txt,"And so I definitely, what's it called, pry away from sharing my music from us, just due to like deeper anxiety, like possibly being judged, or then like not liking the music, or possibly not liking it in the way that I like it.","so i, what, it, my music, us, deeper anxiety, the music, it, the way, i, it",Negative,0.7117
Music Sharing,382LOS_music_sharing.txt,So yeah.,No clear aspect,Neutral,0.5108
Music Sharing,OSF8B7_music_sharing.txt,"Other ones, I mean like my parents' music.","other ones, i, my parents' music",Neutral,0.7945
Music Sharing,OSF8B7_music_sharing.txt,I like a lot of music.,"i, a lot, music",Positive,0.9553
Music Sharing,OSF8B7_music_sharing.txt,"And then just going to festivals because I'll go to see whoever, but then I hear other ones that I like.","festivals, i, whoever, i, other ones, that, i",Positive,0.5376
Music Sharing,OSF8B7_music_sharing.txt,Or openers.,or openers,Neutral,0.6398
Music Sharing,OSF8B7_music_sharing.txt,"I found, I don't know how, but they found me from, they were an opener and the first song they played was called Nobody Likes the Opening Band.","i, i, they, me, they, an opener, the first song, they, nobody, the opening band",Neutral,0.6027
Music Sharing,OSF8B7_music_sharing.txt,And they like hooked me on them.,"they, me, them",Neutral,0.6587
Music Sharing,OSF8B7_music_sharing.txt,Yeah.,No clear aspect,Neutral,0.5491
Music Sharing,OSF8B7_music_sharing.txt,"And then like the one, the reggaeton song I picked, I was having all sorts of fun listening to that all by myself.","the one, i, i, all sorts, fun, that, myself",Positive,0.9314
Music Sharing,OSF8B7_music_sharing.txt,"But like that one, I don't think many people listen to that, at least in the US.","i, many people, that, the us",Negative,0.6975
Music Sharing,OSF8B7_music_sharing.txt,I think it's a lot less common.,"i, it",Neutral,0.5771
Music Sharing,OSF8B7_music_sharing.txt,"And like all the other ones, like I know, I put a Skink and Pickle song on that.","all the other ones, i, i, a skink and pickle song, that",Neutral,0.8251
Music Sharing,OSF8B7_music_sharing.txt,I'm sure no one knows who that is.,"i, no one, who, that",Neutral,0.5155
Music Sharing,OSF8B7_music_sharing.txt,Yeah.,No clear aspect,Neutral,0.5491
Music Sharing,OSF8B7_music_sharing.txt,"Very obscure band, but I'm also very sure that's what got the computer generated King of Swing ripoff was the Skink and Pickle song.","very obscure band, i, that, what, the computer, king, swing, the skink and pickle song",Neutral,0.7449
Music Sharing,OSF8B7_music_sharing.txt,I think that was the connection there.,"i, that, the connection",Neutral,0.8527
Music Sharing,6759KU_music_sharing.txt,"Yeah, I usually, I don't know, I like to ask friends A lot.","i, i, i, friends",Neutral,0.7144
Music Sharing,6759KU_music_sharing.txt,I definitely want like new input and stuff.,"i, new input, stuff",Positive,0.821
Music Sharing,6759KU_music_sharing.txt,So,No clear aspect,Neutral,0.5788
Music Sharing,6759KU_music_sharing.txt,"yeah,",No clear aspect,Neutral,0.5388
Music Sharing,6759KU_music_sharing.txt,I'll just like ask people what they like to listen to and then see if that's something like I want to add within my own mix kind of thing.,"i, people, what, they, that, something, i, my own mix, kind, thing",Neutral,0.8112
Music Sharing,6759KU_music_sharing.txt,"A lot of the times I feel like, yeah, it is driving.","a lot, the times, i, it",Neutral,0.5974
Music Sharing,6759KU_music_sharing.txt,"Like I usually don't like to, sometimes, I don't know, like it is weird having like being self-conscious about your own music choices.","i, i, it, your own music choices",Negative,0.6723
Music Sharing,6759KU_music_sharing.txt,"Cause a lot of times with my friends, like I know like they'll want to listen or like engage in something that I'm interested in.","a lot, times, my friends, i, they, like engage, something, that, i",Positive,0.767
Music Sharing,6759KU_music_sharing.txt,"But at the same time, I'm not always sure about like some song choices if like that will like be, not disruptive, but I don't know, just like just they might not enjoy it as much.","the same time, i, some song choices, that, i, they, it",Negative,0.5358
Music Sharing,6759KU_music_sharing.txt,So I will have them like pick out songs in the car a lot of the time.,"i, them, songs, the car, a lot, the time",Neutral,0.8523
Music Sharing,6759KU_music_sharing.txt,And that's like where I listen to a lot of cool songs too.,"that, i, a lot, cool songs",Positive,0.9236
Music Sharing,6759KU_music_sharing.txt,"And if I just like, I'll text my friends too sometimes and just literally ask them for song recommendations or something.","i, i, my friends, them, song recommendations, something",Neutral,0.7853
Music Sharing,6759KU_music_sharing.txt,And it really depends on like what I'm doing.,"it, what, i",Neutral,0.8269
Music Sharing,6759KU_music_sharing.txt,"If it's, if it's homework, it can kind of be anything.","it, it, homework, it, anything",Neutral,0.8194
Music Sharing,6759KU_music_sharing.txt,"If it's like, sometimes I'll ask people like what they listen to at the gym or something","it, i, people, what, they, the gym, something",Neutral,0.9014
Music Sharing,6759KU_music_sharing.txt,"and it'd like have, yeah, like you said, like the setting specific kind of playlists in mind and type of music.","it, you, the setting specific kind, playlists, mind, type, music",Neutral,0.8729
Music Sharing,R5EXRJ_music_sharing.txt,I really liked them and I didn't really expect to like them because I'm just super picky.,"i, them, i, them, i",Positive,0.6467
Music Sharing,R5EXRJ_music_sharing.txt,with my music.,my music,Neutral,0.68
Music Sharing,R5EXRJ_music_sharing.txt,"So I was kind of expecting to not really like it, but I really liked them and I really liked the personal ones of other people.","i, it, i, them, i, the personal ones, other people",Positive,0.8862
Music Sharing,R5EXRJ_music_sharing.txt,Like it was very touching,it,Positive,0.9325
Music Sharing,R5EXRJ_music_sharing.txt,"and I think it brought like, I don't know, like a sense of humanity, if that makes sense.","i, it, i, a sense, humanity, that, sense",Neutral,0.6693
Music Sharing,R5EXRJ_music_sharing.txt,I love the little quietness in the beginning of the song.,"i, the little quietness, the beginning, the song",Positive,0.9804
Music Sharing,R5EXRJ_music_sharing.txt,"So when that played for like the personal part for like two of the other people's songs, it like immediately got to me.","that, the personal part, the other people's songs, it, me",Neutral,0.6926
Music Sharing,R5EXRJ_music_sharing.txt,"Yeah, I listen to my boyfriend.","i, my boyfriend",Neutral,0.4929
Music Sharing,R5EXRJ_music_sharing.txt,"Like, he drives all the time because he hates her driving.","he, all the time, he, her driving",Negative,0.8856
Music Sharing,R5EXRJ_music_sharing.txt,So I listen to his songs all the time.,"i, his songs",Positive,0.7201
Music Sharing,R5EXRJ_music_sharing.txt,"It's like, it varies, I guess.","it, it, i",Neutral,0.7468
Music Sharing,R5EXRJ_music_sharing.txt,I don't know.,i,Neutral,0.5667
Music Sharing,R5EXRJ_music_sharing.txt,"I mean, I'm definitely in a spot even when you go to the grocery store or the mall, there's like overhead songs.","i, i, a spot, you, the grocery store, the mall, overhead songs",Positive,0.5995
Music Sharing,R5EXRJ_music_sharing.txt,So I'm definitely in areas where I listen to different music all the time.,"i, areas, i, different music",Positive,0.6305
Music Sharing,R5EXRJ_music_sharing.txt,Sure.,No clear aspect,Neutral,0.4753
Music Sharing,R5EXRJ_music_sharing.txt,I'm just still really picky.,i,Negative,0.6358
Music Sharing,R5EXRJ_music_sharing.txt,For sure.,No clear aspect,Neutral,0.5574
Music Sharing,R5EXRJ_music_sharing.txt,Yeah.,No clear aspect,Neutral,0.5491
Music Sharing,R5EXRJ_music_sharing.txt,"I try to, but like a lot of people don't like my music.","i, a lot, people, my music",Negative,0.863
Music Sharing,R5EXRJ_music_sharing.txt,But I definitely try to.,i,Positive,0.6334
Music Sharing,R5EXRJ_music_sharing.txt,Like I really like to get into a space where like we can all listen to it collaboratively together.,"i, a space, we, it",Positive,0.8422
Music Sharing,R5EXRJ_music_sharing.txt,I really like that.,"i, that",Positive,0.965
Music Sharing,R5EXRJ_music_sharing.txt,It was interesting.,it,Positive,0.9029
Music Sharing,R5EXRJ_music_sharing.txt,"I was like a little nervous because I was like, what if they actually hate it on the other side of the screen?","i, i, they, it, the other side, the screen",Negative,0.7776
Music Sharing,R5EXRJ_music_sharing.txt,And it was really interesting to see like where everybody else was from because I don't know.,"it, everybody, i",Positive,0.9269
Music Sharing,R5EXRJ_music_sharing.txt,It's just weird to think about like somebody in Texas is listening to my favorite song right now.,"it, somebody, texas, my favorite song",Neutral,0.4409
Music Sharing,R5EXRJ_music_sharing.txt,It's a cool like interconnectedness feeling.,"it, interconnectedness feeling",Positive,0.932
Music Sharing,R5EXRJ_music_sharing.txt,Yeah.,No clear aspect,Neutral,0.5491
Music Sharing,R5EXRJ_music_sharing.txt,"Well, like I said earlier, the first thing I listen to is like the rhythm.","i, the first thing, i, the rhythm",Neutral,0.8174
Music Sharing,R5EXRJ_music_sharing.txt,"If it has like a very soft and slow rhythm, then it's going to catch my attention and like pull me in.","it, a very soft and slow rhythm, it, my attention, me",Positive,0.6796
Music Sharing,R5EXRJ_music_sharing.txt,"Then if the lyrics are more like personable, I guess, like how they specifically mean to me, like the situation of the artist and how it reflects to me is super important for me too.","the lyrics, i, they, me, the situation, the artist, it, me, me",Neutral,0.4962
Music Sharing,R5EXRJ_music_sharing.txt,Like those are the songs more like when I can like lay down on my bed and close my eyes and just listen,"those, the songs, i, my bed, my eyes",Positive,0.5595
Music Sharing,R5EXRJ_music_sharing.txt,and Or like when I'm in the car with my boyfriend,"i, the car, my boyfriend",Neutral,0.835
Music Sharing,R5EXRJ_music_sharing.txt,"and I have a bad day, like I need those songs to just kind of like put me in the right mind space after.","i, a bad day, i, those songs, me, the right mind space",Neutral,0.5187
Music Sharing,R5EXRJ_music_sharing.txt,"And that really, like the... lyrics really specifically help with that portion of it.","the, lyrics, that portion, it",Neutral,0.5671
Music Sharing,R5EXRJ_music_sharing.txt,I definitely share my tastes in like what I watch and what I readl more.,"i, my tastes, what, i, what, i",Positive,0.7488
Music Sharing,R5EXRJ_music_sharing.txt,Like I love giving out book recommendations.,"i, book recommendations",Positive,0.9502
Music Sharing,R5EXRJ_music_sharing.txt,"And in my collective friend group, we usually have like the same tastes.","my collective friend group, we, the same tastes",Positive,0.5197
Music Sharing,R5EXRJ_music_sharing.txt,"Like we actually formed a book club because we just happened to be like, oh, I like this book.","we, a book club, we, i, this book",Positive,0.8935
Music Sharing,R5EXRJ_music_sharing.txt,I like it too.,"i, it",Positive,0.9542
Music Sharing,R5EXRJ_music_sharing.txt,So we actually just happened to do it.,"we, it",Neutral,0.8104
Music Sharing,R5EXRJ_music_sharing.txt,Nice.,No clear aspect,Positive,0.7345
Music Sharing,R5EXRJ_music_sharing.txt,I kind of wish that I could share my music the same way.,"i, i, my music",Neutral,0.5231
Music Sharing,R5EXRJ_music_sharing.txt,"Because I don't know, I just hate that not a lot of people like my type of music because then you do miss out on that emotional connectedness and shared experience of that.","i, i, not a lot, people, my type, music, you, that emotional connectedness, shared experience, that",Negative,0.9185
Music Sharing,R5EXRJ_music_sharing.txt,If that makes sense.,"that, sense",Neutral,0.6747
Music Sharing,R5EXRJ_music_sharing.txt,Yeah.,No clear aspect,Neutral,0.5491
Music Sharing,R5EXRJ_music_sharing.txt,"When I was like in elementary school, my mom always controlled the radio.","i, elementary school, my mom, the radio",Neutral,0.6795
Music Sharing,R5EXRJ_music_sharing.txt,"And I liked some songs, but I also had a really inconsistent childhood in terms of who I lived with.","i, some songs, i, a really inconsistent childhood, terms, who, i",Neutral,0.5195
Music Sharing,R5EXRJ_music_sharing.txt,And so I was around a lot of different types of music.,"i, a lot, different types, music",Neutral,0.8232
Music Sharing,R5EXRJ_music_sharing.txt,"from 3 to 12, I would be around like Radio Disney.","i, radio disney",Neutral,0.6523
Music Sharing,R5EXRJ_music_sharing.txt,"So like the Kidz Bop stuff, which I hated even as a kid.","the kidz bop stuff, which, i, a kid",Negative,0.9545
Music Sharing,R5EXRJ_music_sharing.txt,"to like my dad and my uncle listen to straight rap, like Tupac and Biggie.","my dad, my uncle, straight rap, tupac, biggie",Neutral,0.7463
Music Sharing,R5EXRJ_music_sharing.txt,And then I would go with my grandparents and they're from Mexico.,"i, my grandparents, they, mexico",Neutral,0.8374
Music Sharing,R5EXRJ_music_sharing.txt,"So they listen to like a lot of like the traditional Mexican music, which is a lot of like trumpet and like Mariachi stuff.","they, a lot, the traditional mexican music, which, a lot, trumpet, mariachi stuff",Neutral,0.8917
Music Sharing,R5EXRJ_music_sharing.txt,So I was around like a lot of different things.,"i, a lot, different things",Neutral,0.8332
Music Sharing,R5EXRJ_music_sharing.txt,"And I guess when I, would say high school is where I really started to develop my own taste of music.","i, i, high school, i, my own taste, music",Neutral,0.5653
Music Sharing,R5EXRJ_music_sharing.txt,I was really into musical theater in high school.,"i, musical theater, high school",Positive,0.8593
Music Sharing,R5EXRJ_music_sharing.txt,"And then as I got older, it became much more about like a rock element.","i, it, a rock element",Neutral,0.8196
Music Sharing,R5EXRJ_music_sharing.txt,I guess I just had like a lot of anger from my childhood and not that rock is very angry.,"i, i, a lot, anger, my childhood, that rock",Negative,0.7141
Music Sharing,R5EXRJ_music_sharing.txt,I think it's actually the opposite.,"i, it, the opposite",Negative,0.5508
Music Sharing,R5EXRJ_music_sharing.txt,I think that people misconstrue it as something that's meant to be angry.,"i, people, it, something, that",Negative,0.8696
Music Sharing,R5EXRJ_music_sharing.txt,I think it's meant to be something that like they take anger and make it peaceful.,"i, it, something, that, they, anger, it",Neutral,0.6069
Music Sharing,R5EXRJ_music_sharing.txt,Like that's the whole purpose of it.,"that, the whole purpose, it",Neutral,0.7395
Music Sharing,R5EXRJ_music_sharing.txt,"I mean, when you think about like this element, like everybody's like rock'n'roll, but it means like peace and love and sign language.","i, you, this element, everybody, rock'n'roll, it, peace, love, language",Positive,0.5366
Music Sharing,R5EXRJ_music_sharing.txt,Yeah.,No clear aspect,Neutral,0.5491
Music Sharing,R5EXRJ_music_sharing.txt,"Like, and people don't understand that.","people, that",Negative,0.878
Music Sharing,R5EXRJ_music_sharing.txt,"Sorry, that was a tangent about like unrelated things.","that, a tangent, unrelated things",Neutral,0.5149
Music Sharing,R5EXRJ_music_sharing.txt,"But like, obviously it's hard to dance to like rock music, but it's for me, it was what I was going through at the time that formed my connection and being so inconsistent in childhood with everything that was going on, like music included, I just felt like I never got to form my own taste.","it, rock music, it, me, it, what, i, the time, that, my connection, childhood, everything, that, music, i, i, my own taste",Negative,0.4973
Music Sharing,R5EXRJ_music_sharing.txt,"So it's like once I did, I really branched out, which is also why I have such a wide range is because like from what I grew up listening to, definitely what I'm more into now.","it, i, i, which, i, such a wide range, what, i, what, i",Positive,0.6973
Music Sharing,R5EXRJ_music_sharing.txt,"And sometimes like you need the nostalgia of your old music to help you get through whatever you're going through, if that makes sense.","you, the nostalgia, your old music, you, whatever, you, that, sense",Neutral,0.5727
Music Sharing,R5EXRJ_music_sharing.txt,"Yeah, that's definitely why it's so broad and listening to like classical because I did ballet.","that, it, i, ballet",Positive,0.6195
Music Sharing,R5EXRJ_music_sharing.txt,"So, you know, then you have like the classical case","you, you, the classical case",Neutral,0.8222
Music Sharing,R5EXRJ_music_sharing.txt,and it's a whole thing.,"it, a whole thing",Neutral,0.6751
Music Sharing,R5EXRJ_music_sharing.txt,Yeah.,No clear aspect,Neutral,0.5491
Music Sharing,KI6KAH_music_sharing.txt,With you?,you,Neutral,0.7904
Music Sharing,KI6KAH_music_sharing.txt,It's generally other people sharing music with me.,"it, other people, music, me",Neutral,0.71
Music Sharing,KI6KAH_music_sharing.txt,That's generally how I learn about it.,"that, i, it",Neutral,0.8393
Music Sharing,KI6KAH_music_sharing.txt,"My partner's really into music, and he tries to make music himself as well.","my partner, music, he, music, himself",Positive,0.9259
Music Sharing,KI6KAH_music_sharing.txt,So he's generally the one sharing them with me.,"he, the one, them, me",Neutral,0.8818
Music Sharing,KI6KAH_music_sharing.txt,And some of our other friends also.,"and some, our other friends",Neutral,0.8248
Music Sharing,KI6KAH_music_sharing.txt,"So yeah, people share music with me a lot.","people, music, me",Positive,0.7129
Music Sharing,KI6KAH_music_sharing.txt,It's generally things that they like and want to share with me.,"it, things, that, they, me",Positive,0.5132
Music Sharing,KI6KAH_music_sharing.txt,Yeah.,No clear aspect,Neutral,0.5491
Music Sharing,KI6KAH_music_sharing.txt,Or like songs that make them think of me.,"songs, that, them, me",Neutral,0.7917
Music Sharing,KI6KAH_music_sharing.txt,"Not necessarily from like a, oh, I think you'd like this as much as like, oh, like I think about you when it's playing type thing.","a, i, you, this, i, you, it, type thing",Neutral,0.5909
Music Sharing,KI6KAH_music_sharing.txt,Yeah.,No clear aspect,Neutral,0.5491
Music Sharing,KI6KAH_music_sharing.txt,"it's mainly things that they listen to and are like, oh, I want to share this.","it, things, that, they, i, this",Neutral,0.5539
Music Sharing,KI6KAH_music_sharing.txt,"I find, I don't know if this is important or not, but I find if they just send it to me, I'm less likely to listen to it.","i, i, this, i, they, it, me, i, it",Negative,0.7766
Music Sharing,KI6KAH_music_sharing.txt,"But like if we're in the car, a lot of the time when I listen to music, it's in the car.","we, the car, the time, i, music, it, the car",Neutral,0.7361
Music Sharing,KI6KAH_music_sharing.txt,And my partner will play music.,"my partner, music",Neutral,0.6514
Music Sharing,KI6KAH_music_sharing.txt,"And so like, I'll listen to it then and try and pay attention if he's like actively playing it.","i, it, attention, he, it",Neutral,0.8164
Music Sharing,KI6KAH_music_sharing.txt,"But if he just sends it to me, I'm less likely to.","he, it, me, i",Neutral,0.5925
Music Sharing,KI6KAH_music_sharing.txt,"I'm like, oh, I'm busy.","i, i",Negative,0.54
Music Sharing,KI6KAH_music_sharing.txt,"Like, I'll do it later","i, it",Neutral,0.7389
Music Sharing,KI6KAH_music_sharing.txt,and then I forget.,i,Negative,0.4635
Music Sharing,KI6KAH_music_sharing.txt,"But if he just is like, oh, I want to share this with you and then he plays it.","he, i, this, you, he, it",Neutral,0.7489
Music Sharing,KI6KAH_music_sharing.txt,"But yeah, then I pay attention.","i, attention",Neutral,0.7834
Music Sharing,KI6KAH_music_sharing.txt,"Most of the time, pretty good.",the time,Positive,0.9586
Music Sharing,KI6KAH_music_sharing.txt,"I'm like, oh, thank you for sharing this with me.","i, you, this, me",Positive,0.9538
Music Sharing,KI6KAH_music_sharing.txt,"Like, this is interesting.",this,Positive,0.9498
Music Sharing,KI6KAH_music_sharing.txt,I do think I'm less into music than they are.,"i, i, music, they",Negative,0.5431
Music Sharing,KI6KAH_music_sharing.txt,"And so, you know, I'm, But I'm less inclined to look for new things.","you, i, i, new things",Neutral,0.5729
Music Sharing,KI6KAH_music_sharing.txt,And I think I sometimes I need to listen to things a few times before I feel interested in it a whole lot.,"i, i, i, things, i, it",Neutral,0.6292
Music Sharing,KI6KAH_music_sharing.txt,"So sometimes it's like,",it,Neutral,0.7699
Music Sharing,KI6KAH_music_sharing.txt,"oh yeah, that sounds cool.",that,Positive,0.9736
Music Sharing,KI6KAH_music_sharing.txt,Thanks for sharing.,thanks,Positive,0.9371
Music Sharing,KI6KAH_music_sharing.txt,"Like, can we play something that I know so I can sing along now or something like that?","we, something, that, i, i, that",Neutral,0.707
Music Sharing,KI6KAH_music_sharing.txt,"But if it's like new music that it's like, this artist that we like just came out with new music, have you heard the song yet?","it, new music, that, it, this artist, that, we, new music, you, the song",Neutral,0.823
Music Sharing,KI6KAH_music_sharing.txt,"I'm like, oh no, and then they play it.","i, they, it",Negative,0.7381
Music Sharing,KI6KAH_music_sharing.txt,So we're both kind of learning at the same time.,"we, the same time",Positive,0.5005
Music Sharing,KI6KAH_music_sharing.txt,Yeah.,No clear aspect,Neutral,0.5491
Music Sharing,KI6KAH_music_sharing.txt,"I think that's also kind of a thing is like, if it's a song that they really like and they're playing it for me for the first time, and then I'm kind of like, oh, am I reacting how they want me to?","i, that, kind of a thing, it, a song, that, they, they, it, me, the first time, i, i, they, me",Neutral,0.6477
Music Sharing,KI6KAH_music_sharing.txt,"Like, if the song's really meaningful for them, I'm worried about if it's not for me, how to respond to like, oh, cool, thank you.","them, i, it, me, you",Positive,0.542
Music Sharing,KI6KAH_music_sharing.txt,"Thank you for thinking of me, but I don't like this.","you, thinking, me, i, this",Negative,0.8633
Music Sharing,KI6KAH_music_sharing.txt,"But it's generally, at least now, it's generally more of just new music from artists that we both already like.","it, it, just new music, artists, we, both",Positive,0.7201
Music Sharing,KI6KAH_music_sharing.txt,So then it's just like kind of having fun exploring those as they come home.,"it, fun, those, they",Positive,0.8152
Music Sharing,Z01ABO_music_sharing.txt,"I don't always actively do it, but like sometimes I will.","i, it, i",Neutral,0.7419
Music Sharing,Z01ABO_music_sharing.txt,"And I had like, there was this one time where I had this group of friends and we all made this like combined playlist of like a bunch of songs.","i, this one time, i, this group, friends, we, all, this, combined playlist, a bunch, songs",Neutral,0.6771
Music Sharing,Z01ABO_music_sharing.txt,Yeah.,No clear aspect,Neutral,0.5491
Music Sharing,Z01ABO_music_sharing.txt,It was like 40 hours long.,it,Neutral,0.6387
Music Sharing,Z01ABO_music_sharing.txt,But it was fun to like listen to the music.,"it, the music",Positive,0.951
Music Sharing,Z01ABO_music_sharing.txt,And it was kind of interesting because I was driving one of them once.,"it, i, them",Positive,0.9556
Music Sharing,Z01ABO_music_sharing.txt,"And they were like, I realized that when I listen to them with you enjoying them, it's like I like the song more than just like when I listen to it on my own time.","they, i, i, them, you, them, it, i, the song, i, it, my own time",Positive,0.8857
Music Sharing,Z01ABO_music_sharing.txt,"I feel like you can pick and choose what parts, because I feel like a lot of the time music taste is very vast.","i, you, what parts, i, a lot, the time music taste",Neutral,0.7866
Music Sharing,Z01ABO_music_sharing.txt,"So it's like, obviously you're not going to like everything they like, but there's definitely like shared interest.","it, you, everything, they, shared interest",Neutral,0.5832
Music Sharing,Z01ABO_music_sharing.txt,"my friends and I, sometimes we made this thing where we would cook food and then we would always like listen to music while we're cooking.","we, this thing, we, food, we, music, we",Positive,0.634
Music Sharing,Z01ABO_music_sharing.txt,But most of the time I would say it's like people that I have a relationship with.,"the time, i, it, people, i, a relationship",Neutral,0.7946
Music Sharing,1ZWUFF_music_sharing.txt,"Yeah, just like when we're, really just when we're in groups settings where we need to listen to music.","we, we, groups settings, we, music",Neutral,0.6469
Music Sharing,1ZWUFF_music_sharing.txt,We don't go like out of our way to send songs to each other.,"we, our way, songs",Neutral,0.6155
Music Sharing,1ZWUFF_music_sharing.txt,I usually like them.,"i, them",Positive,0.6845
Music Sharing,1ZWUFF_music_sharing.txt,Sometimes I don't.,i,Neutral,0.5087
Music Sharing,1ZWUFF_music_sharing.txt,And I have to pretend like I do.,"i, i",Neutral,0.62
Music Sharing,7V6SPY_music_sharing.txt,"Pretty often, I guess, with my roommate almost every day, but we have really similar music tastes.","i, my roommate, we, really similar music tastes",Positive,0.8345
Music Sharing,7V6SPY_music_sharing.txt,"So that helps outside of that, not very often.","that, that",Neutral,0.5787
Music Sharing,7V6SPY_music_sharing.txt,"I knew a little bit beforehand, but then we mainly started sharing music once we moved in together.","i, we, music, we",Neutral,0.5197
Music Sharing,7V6SPY_music_sharing.txt,I think it's been pretty beneficial.,"i, it",Positive,0.9659
Music Sharing,7V6SPY_music_sharing.txt,It's like one of the main things we bond over.,"it, the main things, we",Positive,0.7961
Music Sharing,7V6SPY_music_sharing.txt,especially since we have the same music taste.,"we, the same music taste",Positive,0.5293
Music Sharing,7V6SPY_music_sharing.txt,So we'll go to concerts together.,"we, concerts",Positive,0.6445
Music Sharing,7V6SPY_music_sharing.txt,"If we don't have anything to do at night, we'll just listen to an album we both really want to listen to.","we, anything, night, we, an album, we, both",Positive,0.7698
Music Sharing,7V6SPY_music_sharing.txt,"So it's brought us closer together, I think.","it, us, i",Positive,0.8583
Music Sharing,7V6SPY_music_sharing.txt,Mainly through my friends.,my friends,Neutral,0.5866
Music Sharing,7V6SPY_music_sharing.txt,So we'll share a lot of music.,"we, a lot, music",Positive,0.7351
Music Sharing,X8MNUK_music_sharing.txt,"Yeah, I definitely do sometimes.",i,Neutral,0.6587
Music Sharing,X8MNUK_music_sharing.txt,"Like if I have friends over or I'm just hanging out with my roommate, I'll put music on.","i, friends, i, my roommate, i, music",Positive,0.5002
Music Sharing,X8MNUK_music_sharing.txt,But most of the time I would say I listen to music by myself with my Airpods or something like that.,"the time, i, i, music, myself, my airpods, something, that",Neutral,0.6412
Music Sharing,X8MNUK_music_sharing.txt,I feel like it kind of depends on who I'm with.,"i, it, who, i",Neutral,0.8466
Music Sharing,X8MNUK_music_sharing.txt,"A lot of the time whoever is connected to the speaker, or whoever is driving, or whatever will pick the music and then it kind of just goes on what they're listening to.","a lot, the time, whoever, the speaker, whoever, whatever, the music, it, what, they",Neutral,0.8846
Music Sharing,X8MNUK_music_sharing.txt,And I'm always happy to hear what my friends want to listen to.,"i, what, my friends",Positive,0.9674
Music Sharing,X8MNUK_music_sharing.txt,"Sometimes if it fits in the right genre and it's the vibe of what we're doing, I guess I'll be like, “oh, you should add this song to the queue.”","it, the right genre, it, the vibe, what, we, i, i, you, this song, the queue",Positive,0.5836
Music Sharing,X8MNUK_music_sharing.txt,"But yeah, mostly it's whoever’s phone it is, basically.","it, whoever’s phone, it",Neutral,0.7333
Music Sharing,X8MNUK_music_sharing.txt,I think with a lot fewer of my friends I feel comfortable sharing that.,"i, my friends, i, that",Neutral,0.6151
Music Sharing,X8MNUK_music_sharing.txt,"But one of my best friends that we've known each other forever, I'll always be like “oh, this song is super relevant.”","my best friends, that, we, i, this song",Positive,0.9711
Music Sharing,X8MNUK_music_sharing.txt,"Or sometimes I'll kind of do it in reverse, where one of my friends will be telling me about something that's going on in their life, and then I'll be listening to a song","i, it, reverse, my friends, me, something, that, their life, i, a song",Neutral,0.8495
Music Sharing,X8MNUK_music_sharing.txt,"and I'm like, “oh, like, this relates to you right now.”","i, this, you",Neutral,0.751
Music Sharing,X8MNUK_music_sharing.txt,"Usually, it kind of depends on the person, but sometimes they're like, “Oh my gosh, that's crazy.”","it, the person, they, that",Neutral,0.4582
Music Sharing,X8MNUK_music_sharing.txt,"Like, “that's exactly what I was thinking.”","that, exactly what, i",Neutral,0.636
Music Sharing,X8MNUK_music_sharing.txt,"Or they're like, “oh haha... thank you.”","they, you",Positive,0.6376
Music Sharing,X8MNUK_music_sharing.txt,"And it's a little awkward, and I'm like, “oh, never mind.”","it, i",Neutral,0.4591
Music Sharing,PF65TG_music_sharing.txt,"Usually, I'll share it with my partner.","i, it, my partner",Neutral,0.8522
Music Sharing,PF65TG_music_sharing.txt,Because we have similar music tastes.,"we, similar music tastes",Positive,0.5498
Music Sharing,PF65TG_music_sharing.txt,Like I'm kind of like all over the place with my music.,"i, the place, my music",Neutral,0.7695
Music Sharing,PF65TG_music_sharing.txt,"I feel like, and like a few of my friends, I'll share with them if it's like a song they might enjoy or not.","i, my friends, i, them, it, a song, they",Positive,0.5932
Music Sharing,PF65TG_music_sharing.txt,My partner definitely likes playing music.,"my partner, music",Positive,0.9639
Music Sharing,PF65TG_music_sharing.txt,"But sometimes my friends will listen to it, but they won't like it.","my friends, it, they, it",Negative,0.5483
Music Sharing,PF65TG_music_sharing.txt,Or sometimes they'll add it to their playlist.,"they, it, their playlist",Neutral,0.8596
Music Sharing,PF65TG_music_sharing.txt,"I like, most of the time I like the songs my partner plays because it's like, it's kind of like a rock alternative","i, the time, i, the songs, my partner, it, it, a rock alternative",Positive,0.929
Music Sharing,PF65TG_music_sharing.txt,and I kind of like those songs.,"and i, those songs",Positive,0.9378
Music Sharing,PF65TG_music_sharing.txt,"And then my friends, I'll like the songs because it'll be like more EDM songs that they will send me or like upbeat songs.","i, the songs, it, more edm songs, they, me, upbeat songs",Positive,0.8838
Music Sharing,PF65TG_music_sharing.txt,And then like some of my friends will like send me sad songs,"some, my friends, me, sad songs",Negative,0.5282
Music Sharing,PF65TG_music_sharing.txt,"and I'm just like, oh, why did you send me this?","i, you, me, this",Negative,0.7556
Music Sharing,PF65TG_music_sharing.txt,"I'll still listen to it, but I'm just like, oh, that's kind of sad.","i, it, i, that",Negative,0.8778
Music Sharing,XV0S8C_music_sharing.txt,usually the songs that you play in the car is like the ones that you're gonna like talk over and like have conversations over.,"usually the songs, that, you, the car, the ones, that, you, conversations",Neutral,0.6377
Music Sharing,XV0S8C_music_sharing.txt,So it's like pretty much like background noise.,"it, background noise",Neutral,0.4884
Music Sharing,XV0S8C_music_sharing.txt,"You just kind of want something you can play and like sing along to or like talk over to, but not necessarily like listen to the lyrics and be like, oh, this is I resonate, so.","you, something, you, the lyrics, this, i",Neutral,0.6576
Music Sharing,XV0S8C_music_sharing.txt,"We listen to mostly the same stuff, so.","we, mostly the same stuff",Neutral,0.7987
Music Sharing,XV0S8C_music_sharing.txt,I think that we like have stuff that like overlaps,"i, we, stuff, that",Neutral,0.6297
Music Sharing,XV0S8C_music_sharing.txt,and that's what we listen to in the car.,"that, what, we, the car",Neutral,0.8003
Music Sharing,62U759_music_sharing.txt,my friends and I send songs back and forth.,"my friends, i, songs",Neutral,0.7036
Music Sharing,62U759_music_sharing.txt,"But in terms of songs that I actually like, I find them better through like what my friends or my siblings will send me.","terms, songs, that, i, i, them, what, my friends, my siblings, me",Positive,0.8341
Music Sharing,62U759_music_sharing.txt,"Or like if I shazam, sneaky shazam a song that my friend's playing that I'm not gonna like ask what it is.","i, sneaky, a song, that, that, i, what, it",Neutral,0.4853
Music Sharing,62U759_music_sharing.txt,I think that that's where I find like better things.,"i, that, i, better things",Positive,0.8165
Music Sharing,62U759_music_sharing.txt,"It sticks more when it comes from a person or like a real life experience, if that makes sense.","it, it, a person, a real life experience, that, sense",Neutral,0.6949
Music Sharing,62U759_music_sharing.txt,One of my friends is currently in a like rock music history class.,"my friends, a like rock music history class",Neutral,0.8546
Music Sharing,62U759_music_sharing.txt,And so she's like just sending me the songs that they learn about in class.,"she, me, the songs, that, they, class",Neutral,0.7768
Music Sharing,62U759_music_sharing.txt,"And like, you're like, oh, I know that one or oh, I don't know that one.","you, i, i",Neutral,0.6912
Music Sharing,62U759_music_sharing.txt,And so it's kind of more like she knows that I like the genre.,"it, she, i, the genre",Neutral,0.5425
Music Sharing,62U759_music_sharing.txt,So then like she's sending me everything that she learns in the genre that kind of resonates with her.,"she, me, everything, that, she, the genre, that kind, her",Neutral,0.7662
Music Sharing,62U759_music_sharing.txt,And then we have a discussion about it.,"we, a discussion, it",Neutral,0.8321
Music Sharing,62U759_music_sharing.txt,"And I sit, I'm like, wait, but I like this one from this artist or something like that.","i, i, i, this one, this artist, something, that",Positive,0.6195
Music Sharing,62U759_music_sharing.txt,So it becomes a conversation.,"it, a conversation",Neutral,0.8082
Music Sharing,62U759_music_sharing.txt,"And whether it starts from like a, I think you'll really like this versus a like, I really like this","it, a, i, you, this, i, this",Positive,0.8805
Music Sharing,62U759_music_sharing.txt,and I want you to like it.,"i, you, it",Positive,0.7099
Music Sharing,62U759_music_sharing.txt,I think that both of them are sort of even.,"i, both, them",Neutral,0.5763
Music Sharing,62U759_music_sharing.txt,"But my sister, she will send me very me-specific songs that she thinks that I will like.","she, me, very me-specific songs, that, she, i",Positive,0.548
Music Sharing,62U759_music_sharing.txt,My sister's birthday was yesterday and I didn't get her a gift and I was like sitting there in the morning,"my sister's birthday, i, her, i, the morning",Negative,0.6206
Music Sharing,62U759_music_sharing.txt,and I quickly like made her a playlist,"i, her",Positive,0.7743
Music Sharing,62U759_music_sharing.txt,and I sent it to her,"i, it, her",Neutral,0.8088
Music Sharing,62U759_music_sharing.txt,"and she was like, my God.",she,Neutral,0.4674
Music Sharing,62U759_music_sharing.txt,Like I knew that it was gonna mean a lot to her.,"i, it, a lot, her",Positive,0.8652
Music Sharing,62U759_music_sharing.txt,And like she knows that it means a lot to me when she sends me stuff because it's like something that's like beautiful and art reminding you of a person or making you think of a person as like kind of special.,"she, it, a lot, me, she, me, stuff, it, something, that, you, a person, you, a person",Positive,0.9616
Music Sharing,62U759_music_sharing.txt,"I think that like after I share a sort of musical experience with somebody, whether it's going to a concert or just like sharing music or listening to music with somebody, I've definitely noticed like we have kind of a deeper bond and we have a little bit more to talk about.","i, i, a sort, musical experience, somebody, it, a concert, music, music, somebody, i, we, kind of a deeper bond, we",Positive,0.8973
Music Sharing,V1B21E_music_sharing.txt,"But I did like the songs from the other participants, like the very varying genres.","i, the songs, the other participants, the very varying genres",Positive,0.8947
Music Sharing,V1B21E_music_sharing.txt,"The first one I heard was exactly the genres that I listened to, but the last one I heard was very much not.","the first one, i, exactly the genres, that, i, the last one, i",Neutral,0.4717
Music Sharing,V1B21E_music_sharing.txt,"It was more like Wrap in production and whatnot, but it had a bunch of orchestral elements in it, which was really cool.","it, wrap, production, it, a bunch, orchestral elements, it, which",Positive,0.9772
Music Sharing,V1B21E_music_sharing.txt,"Yeah, I would.",i,Positive,0.538
Music Sharing,V1B21E_music_sharing.txt,Describe almost all my interactions as passive with exception to I was just hanging out with this one guy last week and we were meeting up like kind of to share interest in music and stuff.,"almost all my interactions, exception, i, this one guy, we, interest, music, stuff",Positive,0.5055
Music Sharing,V1B21E_music_sharing.txt,Like we were exchanging movies and then sharing music.,"we, movies, music",Neutral,0.6956
Music Sharing,V1B21E_music_sharing.txt,So that was like the activity.,"that, the activity",Neutral,0.7719
Music Sharing,V1B21E_music_sharing.txt,"I don't really like it as much as passive sharing because passive feels a lot more like discovery and then you don't have anything on the line where it's like if you're sharing something with somebody specifically or they're sharing something with you specifically, you either have to like deal with the social consequences of like, do I make myself appear like I'm actually enjoying it?","i, it, passive sharing, discovery, you, anything, the line, it, you, something, somebody, they, something, you, you, the social consequences, i, myself, i, it",Negative,0.5487
Music Sharing,V1B21E_music_sharing.txt,"Because like a lot of the times when I'm listening to music, I kind of just like and nothing else.","a lot, the times, i, music, i, and nothing",Neutral,0.6499
Music Sharing,V1B21E_music_sharing.txt,And that's not enough for some people.,"that, some people",Negative,0.8335
Music Sharing,V1B21E_music_sharing.txt,They think I don't enjoy it.,"they, i, it",Negative,0.7571
Music Sharing,V1B21E_music_sharing.txt,"So if it's like that, I just prefer to passively update it.","it, that, i, it",Neutral,0.7141
Music Sharing,V1B21E_music_sharing.txt,"For that one, yeah, definitely the lyrics.",the lyrics,Neutral,0.7187
Music Sharing,V1B21E_music_sharing.txt,But it's interesting because at last it's not the lyrics at all.,"it, it, the lyrics",Positive,0.6558
Music Sharing,V1B21E_music_sharing.txt,"Like, I don't, they don't resonate with me whatsoever because it's about love","i, they, me, it, love",Negative,0.7138
Music Sharing,V1B21E_music_sharing.txt,"and I'm like Aries, so I don't really, don't really vibe with that much.","i, aries, i",Negative,0.8262
Music Sharing,V1B21E_music_sharing.txt,"But yeah, for that one, it's definitely, the lyrics because the music itself is actually... not very involved.","it, the lyrics, the music, itself",Neutral,0.6765
Music Sharing,V1B21E_music_sharing.txt,And that's what I usually look for is a lot of like background melody lines happening.,"that, what, i, a lot, background melody lines",Neutral,0.7862
Music Sharing,V1B21E_music_sharing.txt,And it's actually kind of overwhelming sometimes because there's a harmonica part that's just like slightly too loud in my opinion.,"it, a harmonica part, that, my opinion",Negative,0.8573
Music Sharing,V1B21E_music_sharing.txt,So it's not like what I listen to and repeat a lot.,"it, what, i",Negative,0.7244
Music Sharing,V1B21E_music_sharing.txt,"Probably, I don't talk about lyrics too much with people because it takes me a long time to learn lyrics because I don't really like looking at the lyrics to learn them.","i, lyrics, people, it, me, a long time, lyrics, i, the lyrics, them",Negative,0.8069
Music Sharing,V1B21E_music_sharing.txt,"So like, It'll take me like 100 times sometimes just to learn all of them.","it, me, all, them",Neutral,0.4755
Music Sharing,V1B21E_music_sharing.txt,"But musicality, definitely.",but musicality,Positive,0.5277
Music Sharing,V1B21E_music_sharing.txt,"My, so I have a twin brother and we listen to like the same music, same interest and everything.","i, a twin brother, we, the same music, same interest, everything",Positive,0.761
Music Sharing,V1B21E_music_sharing.txt,"So whenever we find a song that's just like the brain itch type thing, like we will just always kind of send it to each other or I'll just play it passively for him so like he can pick it up if he wants it.","we, a song, that, the brain itch type thing, we, it, i, it, him, he, it, he, it",Neutral,0.6496
Music Sharing,V1B21E_music_sharing.txt,"So yeah, we always like point out cool parts in songs.","we, cool parts, songs",Positive,0.8728
Music Sharing,V1B21E_music_sharing.txt,are just really nice.,No clear aspect,Positive,0.9618
Music Sharing,V1B21E_music_sharing.txt,"There's one that I want to share with him that I vaguely have, but I want to like point out the guitar part to him more because I'm trying to transcribe it and there's a bunch of hammer-ons on it.","one, that, i, him, i, i, the guitar part, him, i, it, a bunch, hammer-ons, it",Neutral,0.6876
Music Sharing,V1B21E_music_sharing.txt,So I need to learn.,i,Neutral,0.6823
Music Sharing,V1B21E_music_sharing.txt,"But then like if I point it out to him, I'll listen to them more","i, it, him, i, them",Positive,0.5356
Music Sharing,V1B21E_music_sharing.txt,and then we can transcribe it together.,"we, it",Neutral,0.7054
Music Sharing,V1B21E_music_sharing.txt,Hopefully.,No clear aspect,Positive,0.4921
Music Sharing,9772KI_music_sharing.txt,"Yeah, I'm a, like I would say I'm a music person.","i, i, i, a music person",Neutral,0.7383
Music Sharing,9772KI_music_sharing.txt,especially in the car or I like going to concerts.,"the car, i, concerts",Positive,0.672
Music Sharing,9772KI_music_sharing.txt,One of my friends will take me to concerts even if I don't know who the person is.,"my friends, me, concerts, i, who, the person",Positive,0.5118
Music Sharing,9772KI_music_sharing.txt,So I like being opened up to new music and I also like sharing songs that I like with other people.,"i, new music, i, songs, that, i, other people",Positive,0.9701
Music Sharing,9772KI_music_sharing.txt,"I think it kind of plays into compatibility, I guess.","i, it, compatibility, i",Neutral,0.7445
Music Sharing,9772KI_music_sharing.txt,"Like if you have similar interests as someone that like, someone I don't know super well","you, similar interests, someone, that, i",Neutral,0.5906
Music Sharing,9772KI_music_sharing.txt,"and we share like a favorite artist or something, it kind of just like informs the relationship.","we, a favorite artist, something, it, the relationship",Neutral,0.6369
Music Sharing,9772KI_music_sharing.txt,"It doesn't like, change anything if they like a type of music that I don't like.","it, anything, they, a type, music, that, i",Negative,0.7729
Music Sharing,9772KI_music_sharing.txt,"It just informs it, I guess.","it, it, i",Neutral,0.7232
Music Sharing,9772KI_music_sharing.txt,"I learn about people based on the type of music they like, I guess.","i, people, the type, music, they, i",Neutral,0.7837
Music Sharing,9772KI_music_sharing.txt,"And it can build a stronger relationship if you share an interest, I guess.","it, a stronger relationship, you, an interest, i",Positive,0.8819
Music Sharing,9772KI_music_sharing.txt,So I guess it could kind of impact it a little bit.,"i, it, it",Neutral,0.7307
Music Sharing,9772KI_music_sharing.txt,But also I have this app called Airbuds where you can see like what your friends are listening to at the time.,"i, this app, airbuds, you, what, your friends, the time",Neutral,0.6591
Music Sharing,9772KI_music_sharing.txt,So sometimes I get like opened up to new stuff that way too.,"i, new stuff",Positive,0.7121
Music Sharing,9772KI_music_sharing.txt,I love it.,"i, it",Positive,0.9695
Music Sharing,9772KI_music_sharing.txt,I love to talk.,i,Positive,0.9089
Music Sharing,9772KI_music_sharing.txt,"But also like it kind of gets you to like, I don't know, like I listen to certain music when I'm in a certain mood, I guess.","it, you, i, i, certain music, i, a certain mood, i",Neutral,0.6865
Music Sharing,9772KI_music_sharing.txt,So like it kind of gets you to see into their psyche a little bit.,"it, you, their psyche",Neutral,0.8177
Music Sharing,9772KI_music_sharing.txt,"Or I don't know, sometimes I'll like text them about it or I'll get a text.","i, i, them, it, i, a text",Neutral,0.83
Music Sharing,9772KI_music_sharing.txt,"They'll be like, why are you listening to that?","they, you, that",Neutral,0.5355
Music Sharing,9772KI_music_sharing.txt,"Like, did something happen?",something,Neutral,0.7342
Music Sharing,9772KI_music_sharing.txt,"But yeah, it's a good way to like kind of connect with people too.","it, a good way, people",Positive,0.9362
Music Sharing,9772KI_music_sharing.txt,You can like react to it on the app or like message people or you can put like polls up and ask for music recommendations.,"you, it, the app, message people, you, polls, music recommendations",Neutral,0.875
Music Sharing,9772KI_music_sharing.txt,So that's a cool way to get like exposed to that kind of stuff.,"that, a cool way, that kind, stuff",Positive,0.9065
Music Sharing,IF5UTV_music_sharing.txt,I don't know.,i,Neutral,0.5667
Music Sharing,IF5UTV_music_sharing.txt,"When my friends and I hang out, we don't usually get a speaker together.","my friends, i, we, a speaker",Neutral,0.6774
Music Sharing,IF5UTV_music_sharing.txt,"And I don't share music with my family, but I do share a lot of music with my boyfriend.","i, music, my family, i, a lot, music, my boyfriend",Neutral,0.6125
Music Sharing,IF5UTV_music_sharing.txt,Okay.,No clear aspect,Neutral,0.5844
Music Sharing,IF5UTV_music_sharing.txt,Yeah.,No clear aspect,Neutral,0.5491
Music Sharing,IF5UTV_music_sharing.txt,"So I wouldn't say like very often, like probably only like once a month I share music with people.","i, i, music, people",Neutral,0.793
Music Sharing,IF5UTV_music_sharing.txt,I think I have a lot of anxiety around it.,"i, i, a lot, anxiety, it",Negative,0.8608
Music Sharing,IF5UTV_music_sharing.txt,Not like I don't know.,i,Neutral,0.607
Music Sharing,IF5UTV_music_sharing.txt,I'm always just like stressing out over like whether this is the right thing to play.,"i, this, the right thing",Negative,0.7798
Music Sharing,IF5UTV_music_sharing.txt,"And I don't want to be uncool and be like, are you sure this is okay to play?","i, you, this",Negative,0.6388
Music Sharing,IF5UTV_music_sharing.txt,"Like, are you sure you like it?","you, you, it",Neutral,0.8527
Music Sharing,IF5UTV_music_sharing.txt,"But I am definitely thinking like, okay, like 5 songs ahead of now, the vibe is going to switch from like this to this","i, 5 songs, the vibe, this, this",Neutral,0.5168
Music Sharing,IF5UTV_music_sharing.txt,and I'm going to be amazed.,i,Positive,0.859
Music Sharing,IF5UTV_music_sharing.txt,So I think I overthink it a lot.,"i, i, it",Negative,0.8151
Music Sharing,IF5UTV_music_sharing.txt,I'm a really busy person,"i, a really busy person",Negative,0.5409
Music Sharing,IF5UTV_music_sharing.txt,and I have a limited attention span.,"i, a limited attention span",Negative,0.7792
Music Sharing,IF5UTV_music_sharing.txt,"So when I really care about something, I can like lock in.","i, something, i",Neutral,0.7548
Music Sharing,IF5UTV_music_sharing.txt,"So like, I, if I have like a friend that's like, oh, like here's my playlist, you can put it on your drive.","i, a friend, that, my playlist, you, it, your drive",Neutral,0.6966
Music Sharing,IF5UTV_music_sharing.txt,"Like I'll be like, okay, then play the songs that I know from the playlist.","i, the songs, that, i, the playlist",Neutral,0.6362
Music Sharing,IF5UTV_music_sharing.txt,"But if it's like somebody I have a crush on and they send me a playlist, I'm like, each of these songs is so meaningful.","it, somebody, i, a crush, they, me, a playlist, i, each, these songs",Positive,0.8799
Music Sharing,IF5UTV_music_sharing.txt,Like I have to fully lock in and absorb everything,"i, everything",Neutral,0.7418
Music Sharing,IF5UTV_music_sharing.txt,"and it just, it becomes so much more like important.","it, it",Positive,0.8226
Music Sharing,2MDJD4_music_sharing.txt,"Usually, I mean, I think more so with that.","i, i, that",Neutral,0.7815
Music Sharing,2MDJD4_music_sharing.txt,"It's usually spot on because again, like they know what you're interested in, like your life experiences.","it, they, you, your life experiences",Neutral,0.5521
Music Sharing,2MDJD4_music_sharing.txt,Like they know like what kind of music you like and don't like.,"they, what kind, music, you",Neutral,0.6537
Music Sharing,2MDJD4_music_sharing.txt,So I definitely think it's more accurate.,"i, it",Positive,0.8017
Music Sharing,2MDJD4_music_sharing.txt,Like people choose it for you because there is like that human connection that you wouldn't have with the other stuff.,"people, it, you, that, human connection, you, the other stuff",Neutral,0.6711
Music Sharing,2MDJD4_music_sharing.txt,"Oh yeah, I definitely like, I think the only times I really do that though is like if I'm listening to a song and like something reminds me of one of my friends or reminds me of somebody","i, i, the only times, i, that, i, a song, something, me, my friends, me, somebody",Positive,0.7054
Music Sharing,2MDJD4_music_sharing.txt,"and I'm like, oh my gosh, like I think they'd really like this","i, i, they, this",Positive,0.8861
Music Sharing,2MDJD4_music_sharing.txt,or oh this is kind of like similar to something they've listened to or like.,"this, something, they",Neutral,0.8798
Music Sharing,2MDJD4_music_sharing.txt,or might be going through or whatever.,No clear aspect,Neutral,0.7728
Music Sharing,2MDJD4_music_sharing.txt,"And then I'll be like, hey, I have this song I think you might like really enjoy.","i, i, this song, i, you",Positive,0.9394
Music Sharing,2MDJD4_music_sharing.txt,"It might be like, you're kind of high, like I noticed you jam out to stuff like this kind of stuff.","it, you, i, you, stuff, this kind, stuff",Neutral,0.7283
Music Sharing,6R5ITB_music_sharing.txt,"I would say I get a lot of my music from friends because we'll be playing music while studying together, music while in the car together.","i, i, a lot, my music, friends, we, music, the car",Positive,0.7588
Music Sharing,6R5ITB_music_sharing.txt,"I'm like, oh, I really like this.","i, i, this",Positive,0.9635
Music Sharing,6R5ITB_music_sharing.txt,You should send it to me.,"you, it, me",Neutral,0.772
Music Sharing,6R5ITB_music_sharing.txt,"Or my friends and I, we like to just send each other music.","we, each other music",Positive,0.6837
Music Sharing,6R5ITB_music_sharing.txt,"Like, oh, hey, this new song came out.",this new song,Positive,0.5169
Music Sharing,6R5ITB_music_sharing.txt,"Here, like, I think you would like it.","i, you, it",Positive,0.7976
Music Sharing,6R5ITB_music_sharing.txt,"Or on Spotify, they have this thing where you can do like a joint playlist","spotify, they, this thing, you, a joint playlist",Neutral,0.5867
Music Sharing,6R5ITB_music_sharing.txt,"and it'll like combine like your top, I don't know, however many songs.","it, your top, i, however many songs",Neutral,0.8339
Music Sharing,6R5ITB_music_sharing.txt,"I think that like if we're hanging out together, like obviously we kind of play music that we both will enjoy, but like if I'm in my friend's car and they're playing music, it's maybe a little bit different than what I would normally listen to like by myself, but it's still like good music.","i, we, we, music, that, we, both, i, my friend's car, they, music, it, what, i, myself, it, good music",Positive,0.7747
Music Sharing,6R5ITB_music_sharing.txt,"And I think from that, we've kind of learned like the kind of music that each other like, outside of just hanging out one-on-one too.","i, that, we, the kind, music, that, one",Positive,0.698
Music Sharing,6R5ITB_music_sharing.txt,"And so we'll send songs to each other and be like, oh, like my friend is really into jazz.","we, songs, my friend, jazz",Positive,0.6895
Music Sharing,6R5ITB_music_sharing.txt,I don't really listen to jazz by myself very much.,"i, jazz, myself",Neutral,0.5151
Music Sharing,6R5ITB_music_sharing.txt,"But if there's like a cool, like jazzy, like R&B song that I find, I'm like, oh, I think you'd like this.","jazzy, r&b song, that, i, i, i, you, this",Positive,0.8226
Music Sharing,6R5ITB_music_sharing.txt,I think it's kind of fun.,"i, it, fun",Positive,0.9704
Music Sharing,6R5ITB_music_sharing.txt,"It's like, oh, like this song like it's like kind of like this song like made you think of me like it's cool that you like recognize that like this might be something I like I also just I think it's fun to like listen to new music so.","it, this song, it, kind of like this song, you, me, it, you, this, something, i, i, just i, it, new music",Positive,0.9452
Music Sharing,IQLWA6_music_sharing.txt,"Sometimes I'll ask my friends, I'll be like, what are you guys Listening to right now.","i, my friends, i, what",Neutral,0.8862
Music Sharing,IQLWA6_music_sharing.txt,Sometimes.,No clear aspect,Neutral,0.6605
Music Sharing,IQLWA6_music_sharing.txt,"More often than not, we share it when it's like, we're getting ready to go.","we, it, it, we",Neutral,0.8121
Music Sharing,IQLWA6_music_sharing.txt,"We'll be like, cue something on.","we, something",Neutral,0.8455
Music Sharing,IQLWA6_music_sharing.txt,"And so that's how you kind of go, oh, that's pretty nice.","that, you, that",Positive,0.9564
Music Sharing,IQLWA6_music_sharing.txt,"Or sometimes I do this stupid thing where it's like I send my, I make little Google forms for fun and I send them to my friends and I was like, fill it out.","i, this stupid thing, it, i, my, i, little google forms, fun, i, them, my friends, i, it",Neutral,0.4625
Music Sharing,IQLWA6_music_sharing.txt,"Oh, nice.",No clear aspect,Positive,0.7989
Music Sharing,IQLWA6_music_sharing.txt,"And I'll be like, what have you been listening to lately?","i, what, you",Neutral,0.8827
Music Sharing,IQLWA6_music_sharing.txt,"Or like, what's your favorite song right now?","what, your favorite song",Neutral,0.769
Music Sharing,OA8J4N_music_sharing.txt,I think I do both.,"i, i, both",Neutral,0.7508
Music Sharing,OA8J4N_music_sharing.txt,I prefer suggestions from other people.,"i, suggestions, other people",Neutral,0.6437
Music Sharing,OA8J4N_music_sharing.txt,"Like if I'm in the car with a friend and they're playing a song I like, sometimes like, we all done this, you don't say that you like the song and then you go search up the lyrics and add it to your playlist.","i, the car, a friend, they, a song, i, we, all, this, you, you, the song, you, the lyrics, it, your playlist",Neutral,0.6783
Music Sharing,OA8J4N_music_sharing.txt,But I like to do that.,"i, that",Positive,0.5527
Music Sharing,OA8J4N_music_sharing.txt,Because I feel like music is a way of connecting.,"i, music, a way",Positive,0.8488
Music Sharing,OA8J4N_music_sharing.txt,"And then if there's a song that I like for whatever reason and another person has suggested it or I like hear it in their car or something like that, it gives me a little bit more insight to them.","a song, that, i, whatever reason, another person, it, i, it, their car, that, it, me, a little bit more insight, them",Positive,0.7071
Music Sharing,OA8J4N_music_sharing.txt,"And especially when it's a song, like one of those sliders was like, how deeply does this resonate with you?","it, a song, those sliders, this, you",Neutral,0.8214
Music Sharing,OA8J4N_music_sharing.txt,"Like some music is just like music that's just for like fun, I guess, for lack of a better term.","some music, music, that, fun, i, lack, a better term",Neutral,0.5409
Music Sharing,OA8J4N_music_sharing.txt,"But if I hear a really heartfelt, like soul-crushing, like, oh my gosh, this song, like, why are you listening to this?","i, this song, you, this",Neutral,0.5647
Music Sharing,OA8J4N_music_sharing.txt,Then it like intrigues me to ask further questions.,"it, me, further questions",Positive,0.635
Music Sharing,OA8J4N_music_sharing.txt,"Like, do you just like this song because you think it's beautiful?","you, this song, you, it",Positive,0.8524
Music Sharing,OA8J4N_music_sharing.txt,Are you going through something?,"you, something",Neutral,0.7008
Music Sharing,OA8J4N_music_sharing.txt,Like it kind of provokes the process.,"it, the process",Neutral,0.766
Music Sharing,OA8J4N_music_sharing.txt,"And that's kind of why I like to go to concerts as well, because it's like, I'm seeing this person, like not just this big star, like you are and you're another person that I can be in the same space with.","that, i, concerts, it, i, this person, not just this big star, you, you, another person, i, the same space",Positive,0.9015
Music Sharing,OA8J4N_music_sharing.txt,share your music.,your music,Neutral,0.6496
Music Sharing,QNJQ2F_music_sharing.txt,"Well, I felt quite anonymous, so I didn't really feel like I was sharing it with people.","i, i, i, it, people",Neutral,0.6315
Music Sharing,QNJQ2F_music_sharing.txt,"Yeah, I mean, I kind of, without like seeing people, I feel like it's hard to connect with that.","i, people, i, it, that",Negative,0.765
Music Sharing,QNJQ2F_music_sharing.txt,So they kind of feel like anonymous.,"they, anonymous",Neutral,0.7464
Music Sharing,QNJQ2F_music_sharing.txt,"No, I keep it to myself usually.","i, it, myself",Neutral,0.8077
Music Sharing,QNJQ2F_music_sharing.txt,"Like it's very, very personal, I think.","it, i",Neutral,0.7
Music Sharing,QNJQ2F_music_sharing.txt,"Yeah, I don't usually share my music tastes with anybody.","i, my music, anybody",Neutral,0.6881
Music Sharing,QNJQ2F_music_sharing.txt,"Unless they happen to, like, it's always brought to me, like, unless somebody knows, like, plays a song that I happen to know, I will never like go out of my way to share my taste with them, I think.","they, it, me, somebody, a song, that, i, i, my way, my taste, them, i",Negative,0.4738
Music Sharing,QNJQ2F_music_sharing.txt,I think it's just like a very personal thing to me.,"i, it, a very personal thing, me",Neutral,0.7734
Music Sharing,QNJQ2F_music_sharing.txt,Not for any reason in particular.,any reason,Neutral,0.6168
Music Sharing,QNJQ2F_music_sharing.txt,"I just find it hard to share music, especially with other people, I think.","i, it, music, other people, i",Negative,0.8012
Music Sharing,QNJQ2F_music_sharing.txt,"Yeah, I don't think of anything else that I'm more like, as guarded with, I think.","i, anything, that, i, i",Neutral,0.6842
Music Sharing,QNJQ2F_music_sharing.txt,Music is definitely the thing I keep most of myself.,"music, the thing, i, myself",Positive,0.8793
Music Sharing,QNJQ2F_music_sharing.txt,"Yeah, I'm more like,",i,Neutral,0.7665
Music Sharing,QNJQ2F_music_sharing.txt,"yeah,",No clear aspect,Neutral,0.5388
Music Sharing,QNJQ2F_music_sharing.txt,I think I'm definitely more exposed to other people's music tastes than I expose to them.,"i, i, other people's music, i, them",Neutral,0.6551
Music Sharing,QNJQ2F_music_sharing.txt,"Yeah, I don't really think anything of it, but I definitely do like to keep in mind to myself, I think.","i, anything, it, i, mind, myself, i",Neutral,0.6137
Music Sharing,QNJQ2F_music_sharing.txt,"Yeah, I mean, I don't mind.","i, i",Neutral,0.6347
Music Sharing,QNJQ2F_music_sharing.txt,I'm like a different to it unless I like the music.,"i, it, i, the music",Neutral,0.64
Music Sharing,QNJQ2F_music_sharing.txt,"But I won't like, dislike if somebody puts their music on.","i, somebody, their music",Negative,0.8841
Music Sharing,QNJQ2F_music_sharing.txt,Like I usually don't really care that much when it comes up to people's music.,"i, it, people's music",Neutral,0.5345
Music Sharing,WOGMXV_music_sharing.txt,I feel like because with the participants songs I was trying to figure out like how the song would connect to them and kind of like I guess understand it on a more personal level and a human level.,"i, the participants songs, i, the song, them, i, it, a more personal level, a human level",Neutral,0.77
Music Sharing,WOGMXV_music_sharing.txt,"I think it was just like, when I was by myself, it was more like, so broad, I guess, of who it could be or where they could be coming from.","i, it, i, myself, it, i, who, it, they",Neutral,0.827
Music Sharing,WOGMXV_music_sharing.txt,And when I was in a room with someone else and I could like visually see on the map that there were other people there,"i, a room, someone, i, the map, other people",Neutral,0.8233
Music Sharing,WOGMXV_music_sharing.txt,"and it had to be like one of their favorites, I was more interested in figuring out like whose it was, if that makes sense.","it, their favorites, i, it, that, sense",Neutral,0.5822
Music Sharing,WOGMXV_music_sharing.txt,"Yeah, so my brother's actually, he's a musician and also an audio producer, so he...","he, a musician, also an audio producer, he",Neutral,0.7994
Music Sharing,WOGMXV_music_sharing.txt,"Oh, nice.",No clear aspect,Positive,0.7989
Music Sharing,WOGMXV_music_sharing.txt,always is like listening to new songs and giving me new music suggestions.,"new songs, me, new music suggestions",Positive,0.8177
Music Sharing,WOGMXV_music_sharing.txt,We have like a shared playlist on Spotify.,"we, a shared playlist, spotify",Neutral,0.5251
Music Sharing,WOGMXV_music_sharing.txt,"And so we always like add songs to it to be like, oh, you should go listen to this song.","we, songs, it, you, this song",Positive,0.5101
Music Sharing,WOGMXV_music_sharing.txt,It's really good.,it,Positive,0.9817
Music Sharing,WOGMXV_music_sharing.txt,"And I feel like pretty much nine times out of 10, I'm like, oh, that's such a good song.","i, pretty much nine times, i, that, such a good song",Positive,0.972
Music Sharing,WOGMXV_music_sharing.txt,But I feel like music is like very prominent also just in my family.,"i, music, my family",Positive,0.6505
Music Sharing,WOGMXV_music_sharing.txt,Because my mom was a musician and her mom and aunt like were singers and her dad played the accordion and everything.,"my mom, a musician, her mom, aunt, singers, her dad, the accordion, everything",Neutral,0.8188
Music Sharing,WOGMXV_music_sharing.txt,"So it's a very like, we're just a very musically like based family.","it, we, based family",Neutral,0.5228
Music Sharing,WOGMXV_music_sharing.txt,"But yeah, I feel like that's like super important to me for just connecting with people and like building relationships.","i, that, me, people, relationships",Positive,0.9332
Music Sharing,WOGMXV_music_sharing.txt,"Because even with my friends, like finding songs that are like, oh, like we like getting to this song when we get ready, like for dance competitions and stuff.","my friends, songs, that, we, this song, we, dance competitions, stuff",Positive,0.5942
Music Sharing,WOGMXV_music_sharing.txt,"I would probably say like, it's just nice to know that someone think, so I don't know how to put this into words.","i, it, someone, i, this, words",Positive,0.4759
Music Sharing,WOGMXV_music_sharing.txt,"It's like comforting to know that when someone listened to a song, they thought, oh, I think that Gianna would like this song, or I think that this person would like this song.","it, someone, a song, they, i, gianna, this song, i, this person, this song",Positive,0.8193
Music Sharing,WOGMXV_music_sharing.txt,"So I think just like the principle of being like, oh, I found this song that I think you might like is just like something that I feel like kind of, I don't know, it just makes me feel like warm and fuzzy inside.","i, the principle, i, this song, that, i, you, something, that, i, i, it, me",Positive,0.8353
Music Sharing,WOGMXV_music_sharing.txt,Like it's just a nice feeling.,"it, just a nice feeling",Positive,0.9516
Music Sharing,WOGMXV_music_sharing.txt,Yeah.,No clear aspect,Neutral,0.5491
Music Sharing,WOGMXV_music_sharing.txt,"I mean, my music taste is kind of all over the place.","i, my music taste, the place",Neutral,0.5185
Music Sharing,WOGMXV_music_sharing.txt,"So I would say for the most part, yes.","i, the most part",Neutral,0.5225
Music Sharing,WOGMXV_music_sharing.txt,Like my dad's super into like 80s and 90s music,"my dad, 80s, 90s, music",Positive,0.5169
Music Sharing,WOGMXV_music_sharing.txt,"and I always, I love that stuff.","i, i, that stuff",Positive,0.9559
Music Sharing,WOGMXV_music_sharing.txt,"But also my brother is into very like, indie, kind of like, I can't think of the word right now, but very like, groovy, like vibey music, if that makes sense.","my brother, i, the word, vibey music, that, sense",Positive,0.6403
Music Sharing,WOGMXV_music_sharing.txt,"But he and I have very similar music tastes, but also because he's a musician, he listens to a lot of different kinds of music.","he, i, very similar music tastes, he, a musician, he, a lot, different kinds, music",Positive,0.7122
Music Sharing,WOGMXV_music_sharing.txt,"Like he's in a bunch of different bands, so like, that are very different.","he, a bunch, different bands, that",Neutral,0.8019
Music Sharing,WOGMXV_music_sharing.txt,Like one's like a country rock band and then one's a Latin jazz band,"one, a country rock band, a latin jazz band",Neutral,0.8967
Music Sharing,WOGMXV_music_sharing.txt,and so it's just kind of all over the place.,"it, the place",Negative,0.6372
Music Sharing,WOGMXV_music_sharing.txt,"And I think that kind of also influences what I listen to because he's always listening to and playing different kinds, like genres of music.","i, kind, what, i, he, different kinds, genres, music",Neutral,0.6931
Music Sharing,WXA3LM_music_sharing.txt,"Although I felt like it was like a lot of, I think when I was listening to other people, it was a lot of like other people's music.","i, it, a lot, i, i, other people, it, a lot, other people's music",Neutral,0.7489
Music Sharing,WXA3LM_music_sharing.txt,"So I don't know how much I fully connected them, but it was interesting to see what people were interested in or like learn about their taste, if that makes sense.","i, i, them, it, what, people, their taste, that, sense",Positive,0.8268
Music Sharing,WXA3LM_music_sharing.txt,"Yeah, I think the people I'm closer with tend to also have the really similar like interests in general, which may lend towards similar music interest tastes.","i, the people, i, interests, which, similar music interest tastes",Positive,0.6958
Music Sharing,WXA3LM_music_sharing.txt,"But I mean, there's like, yeah,",i,Neutral,0.7736
Music Sharing,WXA3LM_music_sharing.txt,"I think it tends to be towards people I'm like extremely like connected with rather than like people I'm like, friends with, but not quite as like I could talk to them and feel comfortable in any circumstance ever.","i, it, people, i, people, i, i, them, any circumstance",Neutral,0.5358
Music Sharing,WXA3LM_music_sharing.txt,I think maybe down to just like music feeling personal and like being like I don't know.,"i, music, i",Neutral,0.7957
Music Sharing,WXA3LM_music_sharing.txt,Maybe I have a niche music taste.,"i, a niche music taste",Neutral,0.749
Music Sharing,WXA3LM_music_sharing.txt,"Maybe I don't know if I quite do in the grand sense of everything, but it feels kind of niche.","i, i, the grand sense, everything, it, kind of niche",Neutral,0.6131
Music Sharing,WXA3LM_music_sharing.txt,"And it's like a, what if, I don't know.","it, a, what, i",Neutral,0.6675
Music Sharing,WXA3LM_music_sharing.txt,"Like, I just feel less embarrassed if it was like someone I was just closer to or like, where I just have a relationship where like, I don't feel like, not necessarily judgment, but like, where it would just be like, if something, if I made fun of it with someone else, then I wouldn't care in a way. 

iked them.","i, it, someone, i, i, a relationship, i, it, i, fun, it, someone, i, a way, them",Neutral,0.5701
Music Sharing,WXA3LM_music_sharing.txt,A lot of them were also like pretty upbeat.,"a lot, them",Positive,0.8513
Music Sharing,WXA3LM_music_sharing.txt,So that's kind of like what I prefer to listen to too.,"that, what, i",Positive,0.5324
Music Sharing,WXA3LM_music_sharing.txt,"I don't like, there's the whole connection bit where you don't quite feel connected because I feel like connections spawn from like maybe how you find the music.","i, the whole connection bit, you, i, connections, you, the music",Negative,0.8446
Music Sharing,WXA3LM_music_sharing.txt,"So I don't think I felt connected to their songs, but I did generally enjoy them.","i, i, their songs, i, them",Neutral,0.5078
Music Sharing,WXA3LM_music_sharing.txt,"I don't think I was like top of the like bar for everything, but I did just like generally enjoy them.","i, i, top, the like bar, everything, i, them",Positive,0.7388
Music Sharing,WXA3LM_music_sharing.txt,I'm glad that like people have their favorite songs and it's kind of like why does this happen to be their favorite song?,"i, people, their favorite songs, it, this, their favorite song",Positive,0.9676
Music Sharing,WXA3LM_music_sharing.txt,It's just kind of like an underlying question when it comes down to that.,"it, an underlying question, it, that",Neutral,0.8157
Music Sharing,WXA3LM_music_sharing.txt,Or why does the song they particularly like dance to or whatever it may be?,"or why does the song, they, dance, whatever, it",Neutral,0.8249
Music Sharing,WXA3LM_music_sharing.txt,There were some I definitely automatically like knew belonged to maybe one list or another.,"some, i, maybe one list, another",Positive,0.5398
Music Sharing,WXA3LM_music_sharing.txt,"Where it's like, just like a song, like one of them that I just like tend to listen to a lot, especially more like less for the sound of it nowadays, more just like for the nostalgia or like the, I guess the meaning behind it.","it, a song, them, i, a lot, the sound, it, the nostalgia, the, i, the meaning, it",Neutral,0.6233
Music Sharing,WXA3LM_music_sharing.txt,"And that's, I just like automatically knew I was going to put that in favorites.","that, i, i, that, favorites",Neutral,0.725
Music Sharing,WXA3LM_music_sharing.txt,"There are some where I couldn't necessarily know if I put it in favorites or the dance one, but I was like, I just like, maybe for some reason it's just slightly tip towards one another.","some, i, i, it, favorites, i, i, some reason, it, just slightly tip, one",Neutral,0.8033
Music Sharing,WXA3LM_music_sharing.txt,"Maybe I slightly didn't care about the sound as much, but I'm mainly listening for it for like just the meaning.","i, the sound, i, it, just the meaning",Neutral,0.6995
Music Sharing,WXA3LM_music_sharing.txt,So maybe I'll put it in like favorites.,"i, it, favorites",Neutral,0.7006
Music Sharing,WXA3LM_music_sharing.txt,Yeah.,No clear aspect,Neutral,0.5491
Music Sharing,WXA3LM_music_sharing.txt,"And then I scroll through like, cause I don't have playlists necessarily, but I just use like the big like song.","i, i, playlists, i, the big like song",Neutral,0.8328
Music Sharing,WXA3LM_music_sharing.txt,"I mean, it's a playlist, but like just the liking the songs.","i, it, a playlist, the songs",Positive,0.5321
Music Sharing,WXA3LM_music_sharing.txt,"I think a lot of it just comes, I mean like music wise, it would have just been down to like maybe something just scratched my brain.","i, a lot, it, i, it, something, my brain",Neutral,0.4951
Music Sharing,WXA3LM_music_sharing.txt,"Like I can't necessarily explain that part, but A lot of it does just favorite wise just comes down to like lyrics, whether it be like just lyrics when I was being like angsty at some point of time","i, that part, a lot, it, lyrics, it, just lyrics, i, angsty, some point, time",Neutral,0.7708
Music Sharing,WXA3LM_music_sharing.txt,and I just connected to them and it like just flew from there.,"i, them, it",Positive,0.621
Music Sharing,WXA3LM_music_sharing.txt,"Like, of course, like it can't just be lyrics because I did have to just really like listening to the song at some point.","course, it, lyrics, i, the song, some point",Positive,0.5647
Music Sharing,WXA3LM_music_sharing.txt,"But the reason it's still like kind of like a favorite is just because either like, I guess the angst of it all or like Maybe it connects back to like, I guess, because I think I put one of them that was in Bulgarian because my parents are from Bulgaria.","the reason, it, a favorite, i, the angst, it, all, it, i, i, i, them, that, bulgarian, my parents, bulgaria",Neutral,0.7489
Music Sharing,NX3IYL_music_sharing.txt,Just because it's some of my favorite stuff and it makes me really happy and just feel good.,"it, some, my favorite stuff, it, me",Positive,0.9892
Music Sharing,NX3IYL_music_sharing.txt,So I'd like to at least give somebody a chance to hear if they also feel the same way about it.,"i, somebody, a chance, they, the same way, it",Neutral,0.7444
Music Sharing,NX3IYL_music_sharing.txt,"Yeah, like with my roommates all the time.",my roommates,Neutral,0.6454
Music Sharing,NX3IYL_music_sharing.txt,I share music that I like.,"i, music, that, i",Positive,0.8432
Music Sharing,NX3IYL_music_sharing.txt,"Yeah, so sometimes I will let them know, I go like, I think you'll like this one.","i, them, i, i, you, this one",Positive,0.616
Music Sharing,NX3IYL_music_sharing.txt,Or I'll just like have a record,"i, a record",Neutral,0.8369
Music Sharing,NX3IYL_music_sharing.txt,and I'll just play it,"i, it",Neutral,0.743
Music Sharing,NX3IYL_music_sharing.txt,and then they'll come home or something like that.,"they, something, that",Neutral,0.8365
Music Sharing,NX3IYL_music_sharing.txt,Or I'll play it on the guitar.,"i, it, the guitar",Neutral,0.8739
Music Sharing,NX3IYL_music_sharing.txt,"Well, and they don't have a choice whether they get to hear that one or not.","they, a choice, they",Negative,0.5336
Music Sharing,NX3IYL_music_sharing.txt,"Also, Sometimes I get recommendations from friends, but it's mainly my own research,","i, recommendations, friends, it, my own research",Neutral,0.7131
Music Sharing,W5T7LB_music_sharing.txt,I don't know.,i,Neutral,0.5667
Music Sharing,W5T7LB_music_sharing.txt,I thought it was fun.,"i, it",Positive,0.9151
Music Sharing,W5T7LB_music_sharing.txt,It was fun when like there was other people in the room and it said that it was someone else's favorite song,"it, other people, the room, it, it, someone, else's favorite song",Positive,0.9343
Music Sharing,W5T7LB_music_sharing.txt,"and then I could kind of like I was kind of like guessing like where they were maybe, or when it was my favorite song and being like, do they think it's like me?","i, i, they, it, my favorite song, they, it, me",Neutral,0.7875
Music Sharing,W5T7LB_music_sharing.txt,I don't know.,i,Neutral,0.5667
Music Sharing,W5T7LB_music_sharing.txt,Yeah.,No clear aspect,Neutral,0.5491
Music Sharing,W5T7LB_music_sharing.txt,"Especially when it was like my own, I guess.","it, i",Neutral,0.7512
Music Sharing,W5T7LB_music_sharing.txt,"I was like, if I was in the room alone listening to my, one of the songs that I put, then I was like, no one gets to hear this too, selfishly.","i, i, the room, the songs, that, i, i, no one, this",Negative,0.629
Music Sharing,W5T7LB_music_sharing.txt,"I was like, listen to my music.","i, my music",Neutral,0.6536
Music Sharing,W5T7LB_music_sharing.txt,"But it was definitely more enjoyable when it was like, when I could see other people were listening as well.","it, it, i, other people",Positive,0.9489
Music Sharing,W5T7LB_music_sharing.txt,"We're always like sharing stuff on Spotify and, so it's pretty common for me.","we, stuff, spotify, it, me",Positive,0.7168
Music Sharing,W5T7LB_music_sharing.txt,Yeah.,No clear aspect,Neutral,0.5491
Music Sharing,W5T7LB_music_sharing.txt,"Usually like sending, like for like my like best friend and my roommate, like we'll send each other like single songs, you know, and like that's kind of just how we do it.","my like best friend, my roommate, we, single songs, you, that, we, it",Neutral,0.6505
Music Sharing,W5T7LB_music_sharing.txt,My boyfriend and I will like do playlists.,"my boyfriend, i, playlists",Positive,0.795
Music Sharing,W5T7LB_music_sharing.txt,"all of a sudden like artists to my family and I'm like, this reminds me of like this other artist that like I remember listening to like growing up, So it kind of depends on the people, but definitely sharing with mostly everyone that I'm close to.","artists, my family, i, this, me, this other artist, that, i, it, the people, mostly everyone, i",Positive,0.6581
Music Sharing,W5T7LB_music_sharing.txt,"And then like the other participants, a couple of them I liked, and some of them I didn't, I wouldn't like gravitate towards.","the other participants, a couple, them, i, some, them, i, i, gravitate",Neutral,0.5269
Music Sharing,W5T7LB_music_sharing.txt,"But like I could recognize like artists in some of them, which was cool, but I didn't recognize like, I don't think any of the songs I, other than my own were ones that I like actually recognized.","i, artists, some, them, which, i, i, any, the songs, i, ones, that, i",Neutral,0.5539
Music Sharing,W5T7LB_music_sharing.txt,"I kind of both, it depends on like how I like it.","kind of both, it, i, it",Neutral,0.7233
Music Sharing,W5T7LB_music_sharing.txt,"Like the first time I listen to it, I guess, I'll like, I'll either like immediately add it to like my like songs or I won't do that.","the first time, i, it, i, i, i, it, my like songs, i, that",Neutral,0.6795
Music Sharing,W5T7LB_music_sharing.txt,"And then sometimes like on the second or third listen, or like if I hear it like in the car versus like sitting at home, then sometimes that'll make me add it to my like songs.","the second or third listen, i, it, the car, home, that, me, it, my like songs",Neutral,0.7433
Music Sharing,W5T7LB_music_sharing.txt,"Whereas like I've heard it before, but I didn't add it then, And usually after like adding it to my like songs, then I'll go back and listen to it later.","i, it, i, it, it, my like songs, i, it",Neutral,0.8022
Music Sharing,W5T7LB_music_sharing.txt,"Just because that's kind of a like, when I open Spotify, sometimes I just go to my like songs and play whatever's like at the top that I've liked the most recently.","that, i, spotify, i, my like songs, whatever, the top, i",Positive,0.62
Music Sharing,W5T7LB_music_sharing.txt,"I would say it's like, pretty similar, I kind of branched out more than what my parents would listen to, but I still go to concerts with my parents, and my parents like the music that me and my sister listen to now even, there's new artists who are coming out with albums right now, and they're coming to those concerts with us too, which is super exciting.","i, it, i, what, my parents, i, concerts, my parents, the music, that, me, my sister, new artists, who, albums, they, those concerts, us, which",Positive,0.9797
Music Sharing,W5T7LB_music_sharing.txt,I think a big part of it was that I've I always had this like realization too that like my parents didn't make like me and my sister listen to like old music when we were little.,"i, a big part, it, i, i, this like realization, my parents, me, my sister, old music, we",Neutral,0.4922
Music Sharing,W5T7LB_music_sharing.txt,"Like I didn't like music from like the 70s and 80s, we weren't super familiar with.","i, music, the 70s, 80s, we",Negative,0.8099
Music Sharing,W5T7LB_music_sharing.txt,Yeah.,No clear aspect,Neutral,0.5491
Music Sharing,W5T7LB_music_sharing.txt,"Like they were listening to like the current artists, I guess like in the 2010s, you know.","they, the current artists, i, the 2010s, you",Neutral,0.823
Music Sharing,W5T7LB_music_sharing.txt,"People who were coming out with music like in that like alternative rock, like I guess indie.","people, who, music, that, alternative rock, i",Neutral,0.8844
Music Sharing,W5T7LB_music_sharing.txt,"and blues genres was like what I grew up listening to as opposed to 70s like classic rock,","blues genres, what, i, 70s, classic rock",Neutral,0.8261
Music Sharing,W5T7LB_music_sharing.txt,So I think that kind of helps it also that like we have similar music tastes and yeah.,"i, kind, it, we, similar music",Positive,0.8831
Music Sharing,1MM3K9_music_sharing.txt,It depends on the setting.,"it, the setting",Neutral,0.7638
Music Sharing,1MM3K9_music_sharing.txt,"If it's like getting ready with friends, I'll do like upbeat songs that I know that we all love.","it, friends, i, upbeat songs, that, i, we, all",Positive,0.9242
Music Sharing,1MM3K9_music_sharing.txt,"But then if I'm just driving in the car and then I have like one other person, I'll just play like my normal playlist that they might not know, but it's comforting for me.","i, the car, i, one other person, i, my normal playlist, they, it, me",Positive,0.7023
Music Sharing,1MM3K9_music_sharing.txt,"In like the big social situations, like getting ready, I like to do nostalgic songs, like ones that you can sing along to get you ready to like go out or whatever you're doing.","the big social situations, i, nostalgic songs, ones, that, you, you, whatever, you",Positive,0.7326
Music Sharing,1MM3K9_music_sharing.txt,"And then for like my other like main playlist, It's stuff that like some people know, some people don't.","main playlist, it, stuff, that, some people, some people",Neutral,0.7504
Music Sharing,1MM3K9_music_sharing.txt,And so then it can be like a good conversation starter.,"it, a good conversation starter",Positive,0.6604
Music Sharing,1MM3K9_music_sharing.txt,"People will be like, oh, I love this artist.","people, i, this artist",Positive,0.9514
Music Sharing,1MM3K9_music_sharing.txt,"And I'm like, no way, I do too.","i, i",Negative,0.4912
Music Sharing,1MM3K9_music_sharing.txt,And so then I share that with my family.,"i, that, my family",Neutral,0.8134
Music Sharing,1MM3K9_music_sharing.txt,"And if I discover a new song, I'll share it with my family or my friends too.","i, a new song, i, it, my family, my friends",Positive,0.836
Music Sharing,1MM3K9_music_sharing.txt,"I think the people that I'm closest with, like I think for me, music is something more intimate.","i, the people, that, i, i, me, music, something",Positive,0.5548
Music Sharing,1MM3K9_music_sharing.txt,And so then being able to have access to like somebody's taste in music or what they're listening to is like important to me.,"access, somebody's taste, music, what, they, me",Positive,0.5195
Music Sharing,1MM3K9_music_sharing.txt,"So it's more of like my close friends and family that I share that experience with, but not like every day.","it, my close friends, family, that, i, that experience",Neutral,0.793
Music Sharing,1MM3K9_music_sharing.txt,"acquaintances, I'd say.","acquaintances, i",Neutral,0.8079
Music Sharing,9SZ2DJ_music_sharing.txt,Yeah.,No clear aspect,Neutral,0.5491
Music Sharing,9SZ2DJ_music_sharing.txt,"Something that I like, I didn't choose.","something, that, i, i",Neutral,0.5544
Music Sharing,9SZ2DJ_music_sharing.txt,"I wish like, there was, there was some that I knew, but I was like, the song is good.","i, some, that, i, i, the song",Positive,0.8187
Music Sharing,9SZ2DJ_music_sharing.txt,Like if I knew the lyrics that I'd enjoy it even more.,"i, the lyrics, i, it",Positive,0.9164
Music Sharing,9SZ2DJ_music_sharing.txt,Yeah.,No clear aspect,Neutral,0.5491
Music Sharing,9SZ2DJ_music_sharing.txt,"I think like for most songs, I feel like some people can just listen to it and be like, this is a good song.","i, most songs, i, some people, it, this, a good song",Positive,0.8943
Music Sharing,9SZ2DJ_music_sharing.txt,But I feel like I have to like resonate with the lyrics or like at least like know the lyrics to truly enjoy a song.,"i, i, the lyrics, the lyrics, a song",Neutral,0.4914
Music Sharing,9SZ2DJ_music_sharing.txt,I think that two types of music that I listen to most is like either stuff that like I'm feeling in the moment.,"i, two types, music, that, i, either stuff, that, i, the moment",Neutral,0.761
Music Sharing,9SZ2DJ_music_sharing.txt,"So like I like the lyrics I like, I'm like,","i, the lyrics, i, i",Positive,0.6381
Music Sharing,9SZ2DJ_music_sharing.txt,"oh yeah, you know, like I agree with them.","you, i, them",Positive,0.6016
Music Sharing,9SZ2DJ_music_sharing.txt,"Or it's just like, and then the other, the ones that I'm like, I don't exactly agree with, like it's kind of random or just like stuff that like, you know, make me happy or give me confidence, I guess.","it, the ones, that, i, i, it, stuff, that, you, me, me, confidence, i",Neutral,0.5955
Music Sharing,9SZ2DJ_music_sharing.txt,Just make me feel good.,me,Positive,0.9231
Music Sharing,9SZ2DJ_music_sharing.txt,"I was, I think I was kind of wondering, for one of my songs, Fluorescent Adolescent, I was like, I wonder what other people think of it because I really like that song","i, i, i, my songs, i, i, what, other people, it, i, that song",Positive,0.8494
Music Sharing,9SZ2DJ_music_sharing.txt,and I've introduced it to my friends and they've also liked it because the lyrics are just kind of fun to listen to.,"i, it, my friends, they, it, the lyrics",Positive,0.985
Music Sharing,9SZ2DJ_music_sharing.txt,"And I was like, I wonder what they're thinking.","i, i, what, they",Neutral,0.7527
Music Sharing,9SZ2DJ_music_sharing.txt,"It's usually like, this summer, I feel like I realized that when someone says like, oh, what's your favorite type of music?","it, i, i, someone, what, your favorite type, music",Neutral,0.6942
Music Sharing,9SZ2DJ_music_sharing.txt,I'm like all over the place.,"i, the place",Negative,0.5745
Music Sharing,9SZ2DJ_music_sharing.txt,"I'm like, well, I like everything.","i, i, everything",Positive,0.7538
Music Sharing,9SZ2DJ_music_sharing.txt,And then it sounds like I'm boring.,"it, i",Negative,0.8596
Music Sharing,9SZ2DJ_music_sharing.txt,"And I'm like, no, I swear, I listen to music.","i, i, i, music",Neutral,0.5916
Music Sharing,9SZ2DJ_music_sharing.txt,So I feel like this summer I was exploring what kind of music I like the most and the genre.,"i, this summer, i, what kind, music, i, the genre",Positive,0.6479
Music Sharing,9SZ2DJ_music_sharing.txt,"So me and my roommates, I had an internship.","i, an internship",Neutral,0.8127
Music Sharing,9SZ2DJ_music_sharing.txt,So we talk about music a lot and exchange what we like and what they like.,"we, music, what, we, what, they",Neutral,0.6436
Music Sharing,9SZ2DJ_music_sharing.txt,And I kind of discovered what I kind of like.,"i, what, i",Positive,0.6346
Music Sharing,9SZ2DJ_music_sharing.txt,"So it's usually just like friends being like, what do you like?","it, friends, what, you",Neutral,0.8562
Music Sharing,9SZ2DJ_music_sharing.txt,And just playing music.,music,Neutral,0.7802
Music Sharing,9SZ2DJ_music_sharing.txt,"Well, I think it's like getting to know that person more because sometimes like a lot of the songs aren't just songs.","i, it, that person, a lot, the songs, just songs",Neutral,0.5879
Music Sharing,9SZ2DJ_music_sharing.txt,"They'll be like, there's like a story behind why they like that song.","they, a story, they, that song",Neutral,0.7697
Music Sharing,9SZ2DJ_music_sharing.txt,"They're like, oh, I like this because like they connect it to something in their life or they're like, oh, this is who introduced this to me.","they, i, this, they, it, something, their life, they, this, who, this, me",Positive,0.7833
Music Sharing,9SZ2DJ_music_sharing.txt,"Or like there's different phases in your life where you listen to certain types of music or whatever, right?","different phases, your life, you, certain types, music, whatever",Neutral,0.8954
Music Sharing,9SZ2DJ_music_sharing.txt,"So I think it like, and because, and when I listen to that song, I think of these people.","i, it, i, that song, i, these people",Neutral,0.7343
Music Sharing,9SZ2DJ_music_sharing.txt,"So I think it's like a good bond to have, to have shared music.","i, it, a good bond, shared music",Positive,0.9395
Music Sharing,PYIPEW_music_sharing.txt,"I will often listen by myself, but I also do like talk about my music taste all the time with all my friends.","i, myself, i, my music, all the time, all my friends",Positive,0.7391
Music Sharing,PYIPEW_music_sharing.txt,"So like, I think it's sort of, both ways.","i, it",Neutral,0.8348
Music Sharing,PYIPEW_music_sharing.txt,"I mean, I liked like when it was my song listening by myself, I really enjoyed it.","i, i, it, my song, myself, i, it",Positive,0.9749
Music Sharing,PYIPEW_music_sharing.txt,"When it was other people's songs, sometimes I was like the computer generated one.","it, other people's songs, i, the computer",Neutral,0.6715
Music Sharing,PYIPEW_music_sharing.txt,"I was like, okay, like I don't really see a point in listening to this because it's not someone that's in the study versus like when it was someone else's song listening by myself, I was like, oh, maybe I should pay closer attention to it because someone else finds it meaningful or something like that too.","i, i, a point, this, it, someone, that, the study, it, someone else's song, myself, i, i, closer attention, it, someone, it, that",Neutral,0.5321
Music Sharing,PYIPEW_music_sharing.txt,So that was interesting.,that,Positive,0.9322
Music Sharing,PYIPEW_music_sharing.txt,Like really anywhere.,No clear aspect,Neutral,0.7352
Music Sharing,PYIPEW_music_sharing.txt,I think it's such a great conversation starter.,"i, it, such a great conversation starter",Positive,0.9834
Music Sharing,PYIPEW_music_sharing.txt,Like I'll be at work,"i, work",Neutral,0.7219
Music Sharing,PYIPEW_music_sharing.txt,"and I'm like talking to everyone about like, I also, I go to a lot of concerts and stuff like that.","i, everyone, i, i, a lot, concerts, stuff, that",Neutral,0.6717
Music Sharing,PYIPEW_music_sharing.txt,"And like I am a music major, so music is a big part of my life.","i, music, a big part, my life",Positive,0.8304
Music Sharing,PYIPEW_music_sharing.txt,So it tends to be shared pretty much in every context.,"it, every context",Neutral,0.8067
Music Sharing,PYIPEW_music_sharing.txt,"But I think I've made like a lot of my closest friends through our shared music taste and then like, yeah.","i, i, a lot, my closest friends, our shared music taste",Positive,0.928
Music Sharing,PYIPEW_music_sharing.txt,"I think it's sort of how I get to know people a lot of times, personally at least.","i, it, i, people, a lot, times",Neutral,0.7577
Music Sharing,PYIPEW_music_sharing.txt,Yeah.,No clear aspect,Neutral,0.5491
Music Sharing,PYIPEW_music_sharing.txt,That'll be like one of the early on questions.,"that, questions",Neutral,0.8109
Music Sharing,PYIPEW_music_sharing.txt,"It's like, you know, you can ask like, what books do you like?","it, you, you, what books, you",Neutral,0.8567
Music Sharing,PYIPEW_music_sharing.txt,What music do you like?,"what music, you",Neutral,0.8468
Music Sharing,PYIPEW_music_sharing.txt,Like those are pretty like telling of who a person or not.,"those, telling, who, a person",Neutral,0.6543
Music Sharing,PYIPEW_music_sharing.txt,"not telling, but I feel like they're very informative for sure.","i, they",Positive,0.9314
Music Sharing,PYIPEW_music_sharing.txt,"Definitely, yeah.",No clear aspect,Positive,0.6112
Music Sharing,PYIPEW_music_sharing.txt,A lot of times it's recommendations from like my friends or the people that I'm talking to about it.,"times, it, recommendations, my friends, the people, that, i, it",Neutral,0.8244
Music Sharing,PYIPEW_music_sharing.txt,"So, yeah.",No clear aspect,Neutral,0.6129
Music Sharing,IIW3F8_music_sharing.txt,Usually when we're going on drives or like we're sitting and we're doing homework and we're playing songs.,"we, drives, we, we, homework, we, songs",Neutral,0.7994
Music Sharing,IIW3F8_music_sharing.txt,My friends and I like to bake a lot.,"my friends, i, a lot",Positive,0.8963
Music Sharing,IIW3F8_music_sharing.txt,"So we'll just like hit a shared playlist, like make a collaborative playlist, and then we'll do that.","we, a shared playlist, a collaborative playlist, we, that",Neutral,0.7668
Music Sharing,IIW3F8_music_sharing.txt,"So like very social setting, just, yeah.",very social setting,Neutral,0.8183
Music Sharing,IIW3F8_music_sharing.txt,And they're all usually happy songs.,"they, usually happy songs",Positive,0.7755
Music Sharing,IIW3F8_music_sharing.txt,"Sometimes a sad song will come in every now and again

Music is always on in the car, always when I'm walking somewhere or driving somewhere, always when we're cooking or even if we're just there to just like hang out and talk.","a sad song, every now and again

music, the car, i, we, we",Neutral,0.6617
Music Sharing,IIW3F8_music_sharing.txt,"Like there's always, always music playing.",No clear aspect,Neutral,0.6557
Music Sharing,IIW3F8_music_sharing.txt,"So it's very, very important.",it,Positive,0.6922
Music Sharing,IIW3F8_music_sharing.txt,And we all have our own favorite songs that we play when we're together too.,"we, all, our own favorite songs, that, we, we",Positive,0.8078
Music Sharing,IIW3F8_music_sharing.txt,"Like, this is us, this is us.","this, us, this, us",Neutral,0.5702
Music Sharing,IIW3F8_music_sharing.txt,"Like, this is our song that we play when we're together.","this, our song, that, we, we",Positive,0.6541
Music Sharing,IIW3F8_music_sharing.txt,"So yeah, I would say it's, it plays a pretty big role.","i, it, it, a pretty big role",Neutral,0.6101
Music Sharing,IIW3F8_music_sharing.txt,And I guess I haven't thought about it like that.,"i, i, it, that",Neutral,0.565
Music Sharing,IIW3F8_music_sharing.txt,But like music is always around all the time.,"music, all the time",Neutral,0.5991
Music Sharing,IIW3F8_music_sharing.txt,"And like we always, a lot of us play instruments too.","we, a lot, us, instruments",Neutral,0.8296
Music Sharing,IIW3F8_music_sharing.txt,And so like there's certain songs that we only play like when we're together that have a really deep meaning to like our group.,"certain songs, that, we, we, that, a really deep meaning, our group",Neutral,0.5787
Music Sharing,L0CULX_music_sharing.txt,I do.,i,Neutral,0.6151
Music Sharing,L0CULX_music_sharing.txt,"I don't like, I feel like I, there's, I mean, I like a lot, a wide range of stuff.","i, i, i, i, i, a lot, a wide range, stuff",Negative,0.6289
Music Sharing,L0CULX_music_sharing.txt,"I wouldn't say I'm like, one genre is my genre, but it depends as well.","i, i, one genre, my genre, it",Neutral,0.8284
Music Sharing,L0CULX_music_sharing.txt,"Like there's some stuff I'm like, I don't know if people would really like this.","some stuff, i, i, people, this",Negative,0.8517
Music Sharing,L0CULX_music_sharing.txt,I don't know if I want to share it.,"i, i, it",Negative,0.6552
Music Sharing,L0CULX_music_sharing.txt,"And then there's stuff that I'm like, oh, most people would probably enjoy this.","stuff, that, i, most people, this",Positive,0.6276
Music Sharing,L0CULX_music_sharing.txt,So I definitely like sharing a lot.,i,Positive,0.9684
Music Sharing,L0CULX_music_sharing.txt,So,No clear aspect,Neutral,0.5788
Music Sharing,L0CULX_music_sharing.txt,yeah.,No clear aspect,Neutral,0.5112
Music Sharing,L0CULX_music_sharing.txt,I don't know.,i,Neutral,0.5667
Music Sharing,L0CULX_music_sharing.txt,"I like, I mean, I share my music a lot if we're at like a social event, like a party or something, or just even like a gathering of friends.","i, i, i, my music, we, a social event, a party, something, a gathering, friends",Positive,0.8024
Music Sharing,L0CULX_music_sharing.txt,"Like I said, at a party, I'm more likely to play stuff people would know where if there's like a group of friends over or maybe in a car ride.","i, a party, i, stuff people, a group, friends, a car ride",Neutral,0.6065
Music Sharing,L0CULX_music_sharing.txt,I play my own stuff.,"i, my own stuff",Neutral,0.7522
Music Sharing,L0CULX_music_sharing.txt,Yeah.,No clear aspect,Neutral,0.5491
Music Sharing,L0CULX_music_sharing.txt,"Yeah, I think mostly I get songs from like people, I guess like the car ride one's a really good one where it's like, I feel like going down to Denver or something, like somebody plays a song.","i, i, songs, people, i, the car, a really good one, it, i, denver, something, somebody, a song",Positive,0.8724
Music Sharing,L0CULX_music_sharing.txt,"I'm like, oh, I kind of like this.","i, i, this",Positive,0.8339
Music Sharing,L0CULX_music_sharing.txt,I'll add it.,"i, it",Neutral,0.6718
Music Sharing,L0CULX_music_sharing.txt,"But yeah, I don't know.",i,Neutral,0.6137
Music Sharing,L0CULX_music_sharing.txt,That's a big one.,that,Neutral,0.526
Music Sharing,L0CULX_music_sharing.txt,"Sometimes I hear an artist that I like, we went, I just went to a concert on Monday with a friend and the opener was good.","i, an artist, that, i, we, i, a concert, monday, a friend, the opener",Positive,0.9739
Music Sharing,L0CULX_music_sharing.txt,And so sometimes it's just like that.,"it, that",Neutral,0.5744
Music Sharing,L0CULX_music_sharing.txt,I just liked what they were playing.,"i, what, they",Positive,0.8829
Music Sharing,L0CULX_music_sharing.txt,So things like that usually.,"so things, that",Neutral,0.7443
Music Sharing,L0CULX_music_sharing.txt,But I do like going out and searching for new music.,"i, new music",Positive,0.8411
Music Sharing,L0CULX_music_sharing.txt,I don't like waiting for to see if something will play that's good.,"i, something, that",Negative,0.7048
Music Sharing,TU93WC__music_sharing.txt,"think like, especially if it's a song that's meaningful to you, it's like you have that personal meaning attached.","it, a song, that, you, it, you, that personal meaning",Neutral,0.6198
Music Sharing,TU93WC__music_sharing.txt,"So when you share it with other people, you're kind of extending that to them.","you, it, other people, you, that, them",Neutral,0.8335
Music Sharing,TU93WC__music_sharing.txt,"I know if I share songs I like with my family or friends or whatever, and I know it's because it means a lot to me.","i, i, songs, i, my family, friends, whatever, i, it, it, a lot, me",Positive,0.9428
Music Sharing,TU93WC__music_sharing.txt,"Like my dad, for example, I showed my favorite movie and he fell asleep during it","my dad, example, i, my favorite movie, he, it",Neutral,0.5622
Music Sharing,TU93WC__music_sharing.txt,"and he was like, it was the worst thing I've ever seen.","he, it, the worst thing, i",Negative,0.9667
Music Sharing,TU93WC__music_sharing.txt,"And I was like, man, that's a bummer.","i, that, a bummer",Negative,0.913
Music Sharing,TU93WC__music_sharing.txt,"So, it's kind of that feeling, I guess.","it, kind of that feeling, i",Neutral,0.7485
Music Sharing,TU93WC__music_sharing.txt,I will say that like I'm strategic with how I share music with other people.,"i, i, i, music, other people",Neutral,0.6326
Music Sharing,TU93WC__music_sharing.txt,"I mean, obviously depending on whether I think they'll like it or not, or if it aligns with what they usually like.","i, i, they, it, it, what, they",Neutral,0.847
Music Sharing,TU93WC__music_sharing.txt,But yeah.,No clear aspect,Neutral,0.6504
Music Sharing,TU93WC__music_sharing.txt,"I mean, there's a lot of different ways.","i, a lot, different ways",Neutral,0.7824
Music Sharing,TU93WC__music_sharing.txt,"Whenever I'm in the car with my friends, like they'll play stuff or they'll start like a little jam thing on Spotify.","i, the car, my friends, they, stuff, they, a little jam thing, spotify",Neutral,0.6068
Music Sharing,TU93WC__music_sharing.txt,We can listen and like put stuff on the queue or whatever.,"we, stuff, the queue, whatever",Neutral,0.8864
Music Sharing,TU93WC__music_sharing.txt,I collect records.,"i, records",Neutral,0.8067
Music Sharing,TU93WC__music_sharing.txt,So I'll play like that on the record players and my friend collects CDs.,"i, that, the record players, my friend, cds",Neutral,0.8049
Music Sharing,TU93WC__music_sharing.txt,So it's kind of the opposite for him.,"it, kind of the opposite, him",Negative,0.6123
Music Sharing,TU93WC__music_sharing.txt,"I guess they're not opposites, but know what I mean.","i, they, opposites, what, i",Neutral,0.7478
Music Sharing,TU93WC__music_sharing.txt,"Like, so he'll just put something on and we'll listen to it, whatever.","he, something, we, it",Neutral,0.8454
Music Sharing,TU93WC__music_sharing.txt,"Like, I don't know.",i,Neutral,0.502
Music Sharing,TU93WC__music_sharing.txt,And I'll go to concerts with my friends and stuff.,"i, concerts, my friends, stuff",Positive,0.5043
Music Sharing,TU93WC__music_sharing.txt,And sometimes I don't always know who the artist is.,"i, who, the artist",Neutral,0.6088
Music Sharing,TU93WC__music_sharing.txt,"And it's just kind of like, we get to go and enjoy it.","it, we, it",Positive,0.719
Music Sharing,TU93WC__music_sharing.txt,So.,No clear aspect,Neutral,0.617
Music Sharing,TU93WC__music_sharing.txt,I think the lyrics is probably the biggest thing.,"i, the lyrics, the biggest thing",Positive,0.603
Music Sharing,TU93WC__music_sharing.txt,"Like if somebody, I was listening to a song that they liked, I was thinking about the lyrics like, oh, what about this might have resonated with them.","i, a song, that, they, i, the lyrics, this, them",Neutral,0.6688
Music Sharing,TU93WC__music_sharing.txt,"Yes, I mean, I definitely connect more with music where like there's kind of a shared experience with the artist in some way.","i, i, music, a shared experience, the artist, some way",Positive,0.8828
Music Sharing,TU93WC__music_sharing.txt,"If there's like a sense of relatability, I appreciate that.","a sense, relatability, i, that",Positive,0.8703
Music Sharing,TU93WC__music_sharing.txt,"And it's like, I mean, I guess just as an example, like 21 Pilots is a band that I really like.","it, i, i, an example, 21 pilots, a band, that, i",Positive,0.879
Music Sharing,TU93WC__music_sharing.txt,And I'll watch a lot of interviews like with them as well.,"i, a lot, interviews, them",Neutral,0.6227
Music Sharing,TU93WC__music_sharing.txt,"And specifically, there's like the mental health aspect to their music or whatever that I find relatable.","the mental health aspect, their music, whatever, that, i",Positive,0.5511
Music Sharing,TU93WC__music_sharing.txt,"And so when I listen to it, I'm like, okay, that's other people have experienced this negative experience that I have.","i, it, i, that, other people, this negative experience, that, i",Negative,0.4976
Music Sharing,TU93WC__music_sharing.txt,"And then it kind of, I don't know, it adds that layer of resonance to the music for me when I'm like, there's a shared experience there.","it, i, it, layer, resonance, the music, me, i, a shared experience",Positive,0.5744
Music Sharing,Y1I6D6_music_sharing.txt,"No, not really.",No clear aspect,Neutral,0.5927
Music Sharing,Y1I6D6_music_sharing.txt,"I mean, like when I'm in the car with my friends, I'll play a song","i, i, the car, my friends, i, a song",Neutral,0.6623
Music Sharing,Y1I6D6_music_sharing.txt,"and I'll be like,",i,Neutral,0.7074
Music Sharing,Y1I6D6_music_sharing.txt,"yeah,",No clear aspect,Neutral,0.5388
Music Sharing,Y1I6D6_music_sharing.txt,I've heard that before.,"i, that",Neutral,0.6597
Music Sharing,Y1I6D6_music_sharing.txt,And that'll be about the end of the conversation.,"that, the end, the conversation",Neutral,0.8031
Music Sharing,Y1I6D6_music_sharing.txt,"Very rarely is like, oh, like the song I had to have a list.","the song, i, a list",Neutral,0.6463
Music Sharing,Y1I6D6_music_sharing.txt,"But like, they have pretty similar music tastes.","they, pretty similar music tastes",Positive,0.5719
Music Sharing,Y1I6D6_music_sharing.txt,"So it's like, we all know the same songs.","it, we, all, the same songs",Neutral,0.7081
Music Sharing,Y1I6D6_music_sharing.txt,I think the most that we talk about music is when we're playing like Fortnite and like the Fortnite Festival.,"i, that, we, music, we, fortnite, the fortnite festival",Neutral,0.6693
Music Sharing,Y1I6D6_music_sharing.txt,"I'll talk about like, oh, the song sucks.","i, the song",Negative,0.9552
Music Sharing,Y1I6D6_music_sharing.txt,"Oh, the song's good.","oh, the song's good",Positive,0.9821
Music Sharing,Y1I6D6_music_sharing.txt,I like the song.,"i, the song",Positive,0.954
Music Sharing,Y1I6D6_music_sharing.txt,"But like, I won't add those songs to my playlist.","i, those songs, my playlist",Negative,0.5243
Music Sharing,Y1I6D6_music_sharing.txt,"I'll just, it's like kind of like the game.","i, it, the game",Neutral,0.6753
Music Sharing,Y1I6D6_music_sharing.txt,Because you're playing like Guitar Hero and it's like that kind of thing.,"you, guitar hero, it, that kind, thing",Neutral,0.7372
Music Sharing,Y1I6D6_music_sharing.txt,It depends on the environment I'm in and like the mental state.,"it, the environment, i, the mental state",Neutral,0.7794
Music Sharing,Y1I6D6_music_sharing.txt,"if we're inebriated or not, that definitely makes a big factor, like how many people are there.","we, that, a big factor, how many people",Neutral,0.6656
Music Sharing,Y1I6D6_music_sharing.txt,"So I would say generally, I try to bring up like play songs people know that are like, we're popular, like Home by Edward Sharp, or like kind of like sounds like you could sing along to even if you haven't heard the song for a long time.","i, i, songs, people, that, we, home, edward sharp, sounds, you, you, the song, a long time",Positive,0.6685
Music Sharing,Y1I6D6_music_sharing.txt,"So like those type of songs, or I'll just play the worst possible song you've ever heard, like the most annoying song.","those type, songs, i, the worst possible song, you, the most annoying song",Negative,0.9631
Music Sharing,Y1I6D6_music_sharing.txt,"just to mess with Mike, if I'm just hanging out with my close, close friends, and I know that they can't change the acts, I'm gonna like mess with them for that.","just to mess, mike, i, my close, close friends, i, they, the acts, i, mess, them, that",Neutral,0.5993
Music Sharing,Y1I6D6_music_sharing.txt,"Normally just like upbeat songs are like, if I really like a new song, I'll play that maybe.","upbeat songs, i, a new song, i, that",Positive,0.8688
Music Sharing,35A4QY_music_sharing.txt,"Normally if it's like, I'll start by like, oh, if I like know that this song has a specific like feeling vibe, then I will try and find like artists like that.","it, i, i, this song, vibe, i, artists, that",Positive,0.5033
Music Sharing,35A4QY_music_sharing.txt,I like usually I listen to like artists to like get their like sense of like their sound.,"i, i, artists, their like sense, their sound",Neutral,0.5984
Music Sharing,35A4QY_music_sharing.txt,"And based off of that, if I don't like that in that moment, I go to a different one.","that, i, that, that moment, i, a different one",Neutral,0.5209
Music Sharing,35A4QY_music_sharing.txt,"Or a lot of the time, a lot of my friends are really into music, especially a lot of music I think is really good or whereas I guess there's significance in music culture.","the time, a lot, my friends, music, especially a lot, music, i, i, significance, music culture",Positive,0.9072
Music Sharing,35A4QY_music_sharing.txt,So they'll tell me albums to listen to and listen to us.,"they, me, albums, us",Neutral,0.858
Music Sharing,35A4QY_music_sharing.txt,And they're always always good.,they,Positive,0.9013
Music Sharing,35A4QY_music_sharing.txt,"Yeah, usually I do.",i,Neutral,0.7342
Music Sharing,35A4QY_music_sharing.txt,Yeah.,No clear aspect,Neutral,0.5491
Music Sharing,35A4QY_music_sharing.txt,I do.,i,Neutral,0.6151
Music Sharing,35A4QY_music_sharing.txt,"I find that notes to like the stuff that I know more or less is less like, of the stuff that's like, I guess, musically significant as a culture, but it's more like a lot of newer abstract, but still really good.","i, the stuff, that, i, the stuff, that, i, a culture, it, a lot",Positive,0.7855
Music Sharing,35A4QY_music_sharing.txt,"And then there should be more of those, and then just whoever can share that too.","those, just whoever, that",Neutral,0.7632
Music Sharing,35A4QY_music_sharing.txt,Cool.,cool,Positive,0.842
Music Sharing,35A4QY_music_sharing.txt,"I would say that like, normally if like we are like camping or just like hanging out or something like that, and it's like, oh like a song comes on that we hear, or we're like, oh, this song would be really good right now.","i, we, camping, something, that, it, a song, we, we, this song",Positive,0.9535
Music Sharing,35A4QY_music_sharing.txt,"They would like usually like sit down and like listen to like one song, which is cool.","they, one song, which",Positive,0.9131
Music Sharing,35A4QY_music_sharing.txt,"A lot of when we share our different recommendations come from, me and my roommate just talk a lot about that at night.","a lot, we, our different recommendations, me, my roommate, a lot, that, night",Neutral,0.6858
Music Sharing,35A4QY_music_sharing.txt,"And that just goes to very long conversations that we can listen to the next day and continue, which is cool.","that, very long conversations, that, we, the next day, which",Positive,0.9561
Music Sharing,35A4QY_music_sharing.txt,Or sometimes we teach each other songs with different instruments to try it out and then share it that way.,"we, each other songs, different instruments, it, it",Neutral,0.7556
Music Sharing,35A4QY_music_sharing.txt,"Or I'll see an album cover and be like, why do you like the album basically?","i, you, the album",Neutral,0.7648
Music Sharing,35A4QY_music_sharing.txt,And then they share it that way too.,"they, it",Neutral,0.5753
Music Sharing,35A4QY_music_sharing.txt,"For some of them, it's definitely like either like connected us or deepened our relationship a lot, which I think is really cool.","some, them, it, us, our relationship, which, i",Positive,0.9788
Music Sharing,35A4QY_music_sharing.txt,And just so that we can share that,"we, that",Neutral,0.6708
Music Sharing,35A4QY_music_sharing.txt,"and it'll also be like, oh, like this reminds me of this song, like text each other that.","it, this, me, this song, text, that",Neutral,0.6508
Music Sharing,35A4QY_music_sharing.txt,"And like just also share that experience, especially for songs that it's like, have more like memory behind it that we can both like associate with and be like, this happened like with me with this song and this happened with you with this song.","that experience, songs, that, it, memory, it, we, this, me, this song, this, you, this song",Neutral,0.6397
Music Sharing,35A4QY_music_sharing.txt,And it's cool to like be able to share that.,"it, that",Positive,0.9527
Music Sharing,35A4QY_music_sharing.txt,I,i,Neutral,0.5622
Music Sharing,PJ3JKN_music_sharing.txt,"Yeah, on some of the case by case basis.","some, the case, case basis",Neutral,0.7807
Music Sharing,PJ3JKN_music_sharing.txt,"I mean, if they ask for it for like, you know, if I could give you a recognition, but it's not like all the time, I'd say it's like once a month.","i, they, it, you, i, you, a recognition, it, all the time, i, it",Neutral,0.803
Music Sharing,PJ3JKN_music_sharing.txt,It's not like too much.,it,Neutral,0.7266
Music Sharing,PJ3JKN_music_sharing.txt,"I think in some cases, yes.","i, some cases",Neutral,0.6799
Music Sharing,PJ3JKN_music_sharing.txt,"Or if like if we trade off at the same time and be like, oh, I know this, I know this, I know this.","we, the same time, i, this, i, this, i, this",Neutral,0.7009
Music Sharing,PJ3JKN_music_sharing.txt,You mind if we play this.,"you, we, this",Neutral,0.849
Music Sharing,PJ3JKN_music_sharing.txt,"And they're like, yeah, sure, that's one of my favorite songs.","they, that, my favorite songs",Positive,0.9727
Music Sharing,PJ3JKN_music_sharing.txt,So we just kind of like go off of that.,"we, that",Neutral,0.8339
Music Sharing,PJ3JKN_music_sharing.txt,"Or like if it's an artist that I've never heard of, but they're like very similar to that one, they'd be like, okay, then I'll probably listen to it because it's kind of the same vibe.","it, an artist, that, i, they, they, i, it, it, kind of the same vibe",Positive,0.6762
Music Sharing,X1QQ4F_music_sharing.txt,"Yeah, it was.",it,Neutral,0.6169
Music Sharing,X1QQ4F_music_sharing.txt,I guess it was exciting.,"i, it",Positive,0.9273
Music Sharing,X1QQ4F_music_sharing.txt,And then the ones where it was just me,"and then the ones, it, just me",Neutral,0.699
Music Sharing,X1QQ4F_music_sharing.txt,and then I'd get someone else's song or the algorithm.,"i, someone else's song, the algorithm",Neutral,0.68
Music Sharing,X1QQ4F_music_sharing.txt,"When I would get someone else's song, it was like “ohh I kind of wonder who this person is...”","i, someone else's song, it, ohh, i, who, this person",Neutral,0.7695
Music Sharing,X1QQ4F_music_sharing.txt,I guess I thought about area and stuff.,"i, i, area, stuff",Neutral,0.8306
Music Sharing,X1QQ4F_music_sharing.txt,"Honestly, for some of the songs that other people picked, it just wasn't my style and I was like, “oh, I wonder why this is their favorite.”","some, the songs, that, other people, it, my style, i, i, this",Negative,0.5466
Music Sharing,X1QQ4F_music_sharing.txt,"And I guess it just gets you thinking about different things that people like, especially music.","i, it, you, different things, that, people, especially music",Neutral,0.7188
Music Sharing,X1QQ4F_music_sharing.txt,"Maybe it's a sound that they're really into, or a style, or maybe it's the artist.","it, a sound, they, a style, it, the artist",Neutral,0.8323
Music Sharing,X1QQ4F_music_sharing.txt,"Yeah,",No clear aspect,Neutral,0.5406
Music Sharing,X1QQ4F_music_sharing.txt,but I don't know.,i,Neutral,0.5862
Music Sharing,X1QQ4F_music_sharing.txt,It's weird.,it,Negative,0.7369
Music Sharing,X1QQ4F_music_sharing.txt,It's very dependent on the person.,"it, the person",Neutral,0.7514
Music Sharing,X1QQ4F_music_sharing.txt,I have a friend who has very different music tastes,"i, a friend, who, very different music",Neutral,0.7432
Music Sharing,X1QQ4F_music_sharing.txt,and I'll show him something.,"i, him, something",Neutral,0.7324
Music Sharing,X1QQ4F_music_sharing.txt,"I'm like, “Yo, this is so sick.","i, this",Negative,0.9107
Music Sharing,X1QQ4F_music_sharing.txt,I love this!”,"i, this",Positive,0.9819
Music Sharing,X1QQ4F_music_sharing.txt,"And then he'll be like, “it kind of sucks.”","he, it",Negative,0.8637
Music Sharing,X1QQ4F_music_sharing.txt,"I'm like, “OK, well, now I don't want to show you anything more...”","i, i, you, anything",Negative,0.6624
Music Sharing,X1QQ4F_music_sharing.txt,"So I mean,",i,Neutral,0.7099
Music Sharing,X1QQ4F_music_sharing.txt,"yeah,",No clear aspect,Neutral,0.5388
Music Sharing,X1QQ4F_music_sharing.txt,I guess that kind of makes an impact on who you want to show music to.,"i, an impact, who, you, music",Neutral,0.8315
Music Sharing,X1QQ4F_music_sharing.txt,"Like other people, I’m showing maybe something from Dominic Fike and then they're like, “Oh yeah, that's sick.”","other people, i, something, dominic fike, they, that",Negative,0.5286
Music Sharing,X1QQ4F_music_sharing.txt,"Or like what I was saying about guitar and different vocals, I have friends who produce music and then I'm like, “this part's really cool.","what, i, guitar, different vocals, i, friends, who, music, i",Positive,0.9371
Music Sharing,X1QQ4F_music_sharing.txt,Like I wonder how they did this.”,"i, they, this",Neutral,0.6847
Music Sharing,X1QQ4F_music_sharing.txt,"And then usually they're like, “Oh yeah, that is super sick.”","they, that",Negative,0.6293
Music Sharing,X1QQ4F_music_sharing.txt,"So yeah, definitely depends on the person.",the person,Neutral,0.7611
Music Sharing,X1QQ4F_music_sharing.txt,My girlfriend does not like a lot of the songs that I like because of their voices.,"my girlfriend, a lot, the songs, that, i, their voices",Negative,0.8006
Music Sharing,X1QQ4F_music_sharing.txt,"I listen to a lot of like, hyper pop and like very... not intense stuff, but maybe not calm...","i, a lot, like, hyper pop",Neutral,0.7197
Music Sharing,X1QQ4F_music_sharing.txt,"And so I’ll show her a song and she’ll be like, “can we skip this?”","i, her, a song, she, we, this",Neutral,0.7272
Music Sharing,X1QQ4F_music_sharing.txt,"I'm like, OK, yeah, that's fine.","i, that",Positive,0.7674
Music Sharing,X1QQ4F_music_sharing.txt,Yeah...,No clear aspect,Neutral,0.6611
Music Sharing,X1QQ4F_music_sharing.txt,I don't know...,i,Neutral,0.5618
Music Sharing,X1QQ4F_music_sharing.txt,He has a really cool style and it's very personable.,"he, a really cool style, it",Positive,0.983
Music Sharing,X1QQ4F_music_sharing.txt,"But at the same time, some of the lyrics you're like, “I don't really get that.”","the same time, some, the lyrics, you, i, that",Neutral,0.496
Music Sharing,X1QQ4F_music_sharing.txt,"But if you read into it, it kind of makes sense.","you, it, it, sense",Positive,0.5917
Music Sharing,X1QQ4F_music_sharing.txt,"Also, the singing.","also, the singing",Neutral,0.7602
Music Sharing,X1QQ4F_music_sharing.txt,I've always been someone who loves to sing and I've been in choir for a long time.,"i, someone, who, i, choir, a long time",Positive,0.9117
Music Sharing,X1QQ4F_music_sharing.txt,He does a lot of things that are just really fun to sing when you're in a car and you play it.,"he, a lot, things, that, you, a car, you, it",Positive,0.9592
Music Sharing,X1QQ4F_music_sharing.txt,You just want to sing it out loud.,"you, it",Neutral,0.5537
Music Sharing,X1QQ4F_music_sharing.txt,And there's also a lot of dynamics.,"a lot, dynamics",Neutral,0.7359
Music Sharing,X1QQ4F_music_sharing.txt,"Like it’s soft, just like songs that you can sway and just close your eyes to.","it, songs, that, you, your eyes",Neutral,0.557
Music Sharing,X1QQ4F_music_sharing.txt,And then there are songs that are very jumpy and fun.,"songs, that",Positive,0.9407
Music Sharing,X1QQ4F_music_sharing.txt,"But yeah, this I feel like this one really kind of creates a picture.","i, this one, a picture",Neutral,0.7486
Music Sharing,X1QQ4F_music_sharing.txt,I can just close my eyes and it's kind of like I'm somewhere else in a way.,"i, my eyes, it, i, a way",Neutral,0.665
Music Sharing,X1QQ4F_music_sharing.txt,The one song “Ultimately” by Kai Dreams was one of them I added.,"the one song, kai dreams, them, i",Neutral,0.8607
Music Sharing,X1QQ4F_music_sharing.txt,And that one has a lot of lyrics about letting a person down.,"that one, a lot, lyrics, a person",Negative,0.5752
Music Sharing,X1QQ4F_music_sharing.txt,That one was definitely one I would listen to every time I kind of felt that way.,"that one, i, every time, i",Positive,0.6656
Music Sharing,X1QQ4F_music_sharing.txt,"So I think there's, yeah, an emotional connection.","i, yeah, an emotional connection",Positive,0.5164
Music Sharing,X1QQ4F_music_sharing.txt,"Like you listen to a song during a time, or that reminds you of something, and then it kind of gets latched.","you, a song, a time, that, you, something, it",Neutral,0.8183
Music Sharing,X1QQ4F_music_sharing.txt,"And then when you listen to that, you're like, “oh, shoot, yeah.","you, that, you, oh, shoot",Neutral,0.6185
Music Sharing,X1QQ4F_music_sharing.txt,I kind of feel that.”,"i, that",Neutral,0.7447
Music Sharing,0M3LDX_music_sharing.txt,It's a lot of different ways.,"it, a lot, different ways",Neutral,0.7759
Music Sharing,0M3LDX_music_sharing.txt,Some bands I've heard.,"some bands, i",Neutral,0.8128
Music Sharing,0M3LDX_music_sharing.txt,"I've heard them in comparison to, like being compared to bands that I've already been fans of, like being like, oh, this band sounds similar to this other band.","i, them, comparison, bands, i, fans, this band, this other band",Neutral,0.7507
Music Sharing,0M3LDX_music_sharing.txt,"And then I go, oh, let me check out that other band.","i, me, that other band",Neutral,0.8406
Music Sharing,0M3LDX_music_sharing.txt,"Or people I know or see online and go, wow, I really like this band.","i, i, this band",Positive,0.9762
Music Sharing,0M3LDX_music_sharing.txt,I'm trying to remember.,i,Neutral,0.7385
Music Sharing,0M3LDX_music_sharing.txt,"I think, I might have only heard like one song that was suggested to me that was from another person.","i, i, one song, that, me, that, another person",Neutral,0.8319
Music Sharing,0M3LDX_music_sharing.txt,One or two.,No clear aspect,Neutral,0.6708
Music Sharing,0M3LDX_music_sharing.txt,Probably just one.,No clear aspect,Neutral,0.7708
Music Sharing,0M3LDX_music_sharing.txt,I thought it was alright.,"i, it",Positive,0.616
Music Sharing,0M3LDX_music_sharing.txt,Like it sounded good.,it,Positive,0.9278
Music Sharing,0M3LDX_music_sharing.txt,"And like I can see how someone would be interested in that, be connected to it.","i, someone, that, it",Positive,0.504
Music Sharing,0M3LDX_music_sharing.txt,"It's, it wasn't something I was personally interested in, but I could see the appeal","it, it, something, i, i, the appeal",Neutral,0.5513
Music Sharing,0M3LDX_music_sharing.txt,"and I was like, it's kind of cool.","i, it",Positive,0.9592
Music Sharing,0M3LDX_music_sharing.txt,"Just not my vibe, I guess.",i,Negative,0.8293
Music Sharing,0M3LDX_music_sharing.txt,"My thoughts were kind of different because when I was listening to the someone else's favorite song, it was like, okay, someone likes this.","my thoughts, i, the someone else's favorite song, it, someone, this",Positive,0.6643
Music Sharing,0M3LDX_music_sharing.txt,"They put, they took the time to write it out on the survey on the list.","they, they, the time, it, the survey, the list",Neutral,0.8648
Music Sharing,0M3LDX_music_sharing.txt,"Like, it's someone's personal favorite for some reason.","it, someone's personal favorite, some reason",Neutral,0.5358
Music Sharing,0M3LDX_music_sharing.txt,"And, you know, there's like that human connection to it.","you, that, human connection, it",Neutral,0.7221
Music Sharing,0M3LDX_music_sharing.txt,I felt kind of nervous of like being judged and stuff.,"i, stuff",Negative,0.7323
Music Sharing,0M3LDX_music_sharing.txt,"This is because typically when I share my music, it's really hit or miss with my friends and just in past experiences I've had.","this, i, my music, it, my friends, past experiences, i",Neutral,0.6813
Music Sharing,0M3LDX_music_sharing.txt,"So I was slightly nervous, but I was just like, everyone's allowed to have their own opinions.","i, i, everyone, their own opinions",Neutral,0.7607
Music Sharing,0M3LDX_music_sharing.txt,I'm not in control of that.,"i, control, that",Neutral,0.5481
Music Sharing,0M3LDX_music_sharing.txt,We probably will never meet.,we,Negative,0.7879
Music Sharing,0M3LDX_music_sharing.txt,I'll never know these people.,"i, these people",Negative,0.9167
Music Sharing,0M3LDX_music_sharing.txt,It's fine if they don't like it.,"it, they, it",Neutral,0.647
Music Sharing,0M3LDX_music_sharing.txt,I'm not going to like some of their stuff,"i, some, their stuff",Negative,0.9377
Music Sharing,0M3LDX_music_sharing.txt,and that's okay.,that,Positive,0.5179
Music Sharing,0M3LDX_music_sharing.txt,We'll live.,we,Neutral,0.5994
Music Sharing,0M3LDX_music_sharing.txt,"Sometimes my friends are like, oh wow, this is really awesome.","my friends, this",Positive,0.9822
Music Sharing,0M3LDX_music_sharing.txt,And then they end up really liking that entire band or whatever.,"they, that entire band, whatever",Positive,0.6343
Music Sharing,0M3LDX_music_sharing.txt,"And then sometimes my friends are like, this is, if you like that, that's okay.","my friends, this, you, that, that",Positive,0.6034
Music Sharing,0M3LDX_music_sharing.txt,That's okay.,that,Positive,0.7336
Music Sharing,0M3LDX_music_sharing.txt,But I don't like it.,"i, it",Negative,0.8851
Music Sharing,0M3LDX_music_sharing.txt,"And I used to take that more personally when I was like 13, because everything matters when you're 13, I guess.","i, that, i, everything, you, i",Neutral,0.609
Music Sharing,0M3LDX_music_sharing.txt,"But, as time has gone on, and I've gotten more exposed to, I guess, internet, like music reviewers and whatnot, I've just sort of realized, it doesn't matter.","time, i, i, music reviewers, i, it",Neutral,0.7042
Music Sharing,0M3LDX_music_sharing.txt,It doesn't matter.,it,Neutral,0.6715
Music Sharing,0M3LDX_music_sharing.txt,No one cares.,no one,Negative,0.7322
Music Sharing,0M3LDX_music_sharing.txt,It's kind of both.,"it, kind of both",Neutral,0.7541
Music Sharing,0M3LDX_music_sharing.txt,"Yeah, I do both.","i, both",Neutral,0.7564
Music Sharing,0M3LDX_music_sharing.txt,"Sometimes I share songs if I'm like, oh, I think you would like this.","i, songs, i, i, you, this",Positive,0.6204
Music Sharing,0M3LDX_music_sharing.txt,Like it just fits the music you listen to and your vibe.,"it, the music, you, your vibe",Positive,0.7813
Music Sharing,0M3LDX_music_sharing.txt,"And sometimes, for example, my friends and I have a shared playlist.","example, my friends, i, a shared playlist",Neutral,0.6603
Music Sharing,0M3LDX_music_sharing.txt,Sometimes songs will come up or I'll be playing music for my friends in the car or something like that.,"songs, i, music, my friends, the car, something, that",Neutral,0.6525
Music Sharing,0M3LDX_music_sharing.txt,"I guess when I was younger, I was a little more scared to open up and share what I enjoyed","i, i, i, what, i",Neutral,0.5404
Music Sharing,0M3LDX_music_sharing.txt,and I guess share my interests and what I liked because I was scared I would get made fun of.,"i, my interests, what, i, i, i, fun",Neutral,0.575
Music Sharing,0M3LDX_music_sharing.txt,"And, but again, as I got older, I was like, it's fine.","i, i, it",Positive,0.7035
Music Sharing,0M3LDX_music_sharing.txt,They don't hate me for liking a certain artist or whatever.,"they, me, a certain artist, whatever",Neutral,0.5893
Music Sharing,0M3LDX_music_sharing.txt,Like we're still friends at the end of the day.,"we, friends, the end, the day",Positive,0.7218
Music Sharing,0M3LDX_music_sharing.txt,"They might make fun of me a little, but it's okay.","they, fun, me, it",Neutral,0.6086
Music Sharing,0M3LDX_music_sharing.txt,That's how friendships go.,"that, friendships",Neutral,0.6372
Music Sharing,0M3LDX_music_sharing.txt,"I guess that's, it doesn't matter.","i, that, it",Neutral,0.6683
Music Sharing,0M3LDX_music_sharing.txt,I guess that's just my big takeaway.,"i, that, just my big takeaway",Neutral,0.6981
Music Sharing,0M3LDX_music_sharing.txt,"Just like, it's not that deep.",it,Neutral,0.6918
Music Sharing,0M3LDX_music_sharing.txt,Yeah.,No clear aspect,Neutral,0.5491
Music Sharing,0M3LDX_music_sharing.txt,"I don’t know if that's like a nihilistic way to look at it, but I don't know, it doesn't matter too much at the end of the day.","i, that, a nihilistic way, it, i, it, the end, the day",Neutral,0.5409
Music Sharing,0M3LDX_music_sharing.txt,The world's not going to end.,the world,Negative,0.5705
Music Sharing,0M3LDX_music_sharing.txt,"music, I can just like listen to it on the bus.","i, it, the bus",Positive,0.7991
Music Sharing,0M3LDX_music_sharing.txt,I can listen to it while doing homework.,"i, it, homework",Positive,0.808
Music Sharing,0M3LDX_music_sharing.txt,"I can, I don't know, just it's always there,","i, i, it",Neutral,0.5985
Music Sharing,0M3LDX_music_sharing.txt,It's not too much of a time commitment.,"it, a time commitment",Neutral,0.7057
Music Sharing,0M3LDX_music_sharing.txt,"And, just I consume so much of it that it's easy to feel like sharing it with my friends and be like, oh, this, I thought of you when I heard the song or I think you would like this because it seems similar to things you like just generally.","i, it, it, it, my friends, i, you, i, the song, i, you, this, it, things, you",Positive,0.7522
Music Sharing,0M3LDX_music_sharing.txt,"Or just straight up, I really like this song.","i, this song",Positive,0.9783
Music Sharing,0M3LDX_music_sharing.txt,And I wanted to share it with you.,"i, it, you",Positive,0.5239
Music Sharing,0M3LDX_music_sharing.txt,"So yeah, that's why music is like the main thing.","that, music, the main thing",Positive,0.6167
Music Sharing,0M3LDX_music_sharing.txt,"And also it's just so, it contains so many emotions and like it can very easily, in my opinion, convey like a certain state of mind.","it, it, so many emotions, it, my opinion, a certain state, mind",Positive,0.5144
Music Sharing,0M3LDX_music_sharing.txt,Just in the moment or like a certain emotion.,"the moment, a certain emotion",Neutral,0.8428
Music Sharing,0M3LDX_music_sharing.txt,"I definitely have a couple of songs where I, like with my friends, I'm just like, hey, if I post this on Instagram, can you send me an “are you okay” text?","i, a couple, songs, i, my friends, i, i, this, instagram, you, me, you, okay” text",Neutral,0.8032
Music Sharing,0M3LDX_music_sharing.txt,"But yeah, sometimes it's to convey a state of mind.","it, a state, mind",Neutral,0.812
Music Sharing,0M3LDX_music_sharing.txt,"Other times it's just to be like, I am just genuinely enjoying this song right now.","it, i, this song",Positive,0.9656
Music Sharing,0M3LDX_music_sharing.txt,"Yeah, I'm always worried about like if I share music, like am I trying to send like a subconscious message?","i, i, music, i, a subconscious message",Neutral,0.5344
Music Sharing,0M3LDX_music_sharing.txt,"Like for example, with my partner, if I send him a sad song or a song about breakups, I have to be like, does he know I'm not trying to break up with him?","example, my partner, i, him, a sad song, a song, breakups, i, he, i, him",Neutral,0.5181
Music Sharing,0M3LDX_music_sharing.txt,Yeah.,No clear aspect,Neutral,0.5491
Music Sharing,0M3LDX_music_sharing.txt,"I know, I could also just be overthinking though.","i, i",Negative,0.5582
Music Sharing,0M3LDX_music_sharing.txt,"For certain songs, it's like, it feels like it was written for me.","certain songs, it, it, it, me",Neutral,0.6268
Music Sharing,0M3LDX_music_sharing.txt,Like I've had the exact experiences or emotional experiences or like interactions or whatever that the song is describing.,"i, the exact experiences, emotional experiences, interactions, whatever, the song",Neutral,0.8548
Music Sharing,0M3LDX_music_sharing.txt,So that is the big thing.,"that, the big thing",Neutral,0.5426
Music Sharing,0M3LDX_music_sharing.txt,"Just like, do I feel like directly called out by this song?","i, this song",Negative,0.5691
Music Sharing,MH2DWX_music_sharing.txt,"Song suggestions, if like there's music playing",song suggestions,Neutral,0.711
Music Sharing,MH2DWX_music_sharing.txt,"and I like suggest something, car rides, road trips.","i, something, car rides, road trips",Positive,0.7056
Music Sharing,MH2DWX_music_sharing.txt,"I don't usually send suggestions or give suggestions, but I don't know, anytime there's like, it's usually road trip where like we all put music on it or I'm like driving someone somewhere, I'll have my music on.","i, suggestions, suggestions, i, it, road trip, we, all, music, it, i, someone, i, my music",Neutral,0.7924
Music Sharing,MH2DWX_music_sharing.txt,Kind of a balance of the two.,kind of a balance,Neutral,0.726
Music Sharing,MH2DWX_music_sharing.txt,Usually it's just what I'm into currently.,"it, just what, i",Neutral,0.617
Music Sharing,MH2DWX_music_sharing.txt,"But like if it's a longer thing where they're kind of like trapped there, I'll try to see what we would both like.","it, a longer thing, they, i, what, we",Neutral,0.8371
Music Sharing,MH2DWX_music_sharing.txt,For sure.,No clear aspect,Neutral,0.5574
Music Sharing,MH2DWX_music_sharing.txt,Or guess at it.,it,Neutral,0.6445
Music Sharing,MH2DWX_music_sharing.txt,I get suggestions.,"i, suggestions",Neutral,0.7679
Music Sharing,MH2DWX_music_sharing.txt,"A lot of people are like, I think you would like this.","a lot, people, i, you, this",Positive,0.7249
Music Sharing,MH2DWX_music_sharing.txt,Usually they're right.,they,Neutral,0.5984
Music Sharing,MH2DWX_music_sharing.txt,Best friend,best friend,Positive,0.83
Music Sharing,MH2DWX_music_sharing.txt,and I definitely share a lot of songs.,"i, a lot, songs",Positive,0.7555
Music Sharing,MH2DWX_music_sharing.txt,They usually will just like send me random links.,"they, me, random links",Neutral,0.8505
Music Sharing,MH2DWX_music_sharing.txt,"It's like, I'm not sure if this is something they think I would like or something they think belongs on a certain playlist that we've been building.","it, i, this, something, they, i, something, they, a certain playlist, we",Neutral,0.5219
Music Sharing,MH2DWX_music_sharing.txt,But usually I like them.,"i, them",Positive,0.6352
Music Sharing,MH2DWX_music_sharing.txt,Usually not like the biggest role.,the biggest role,Negative,0.6176
Music Sharing,MH2DWX_music_sharing.txt,"I guess with like my sister specifically, it did actually play a role.","i, my sister, it, a role",Neutral,0.8712
Music Sharing,MH2DWX_music_sharing.txt,We started like just suggesting a bunch of songs to each other like a couple years back,"we, a bunch, songs",Neutral,0.8083
Music Sharing,MH2DWX_music_sharing.txt,and I think we're closer for it.,"i, we, it",Positive,0.7341
Music Sharing,MH2DWX_music_sharing.txt,"I'm not sure if that's like, I don't know, I don't think it's like the music specifically.","i, that, i, i, it, the music",Neutral,0.5199
Music Sharing,MH2DWX_music_sharing.txt,"It's more just like the, here's a little bit of myself.","it, the, a little bit, myself",Neutral,0.7927
Music Sharing,MH2DWX_music_sharing.txt,"I, or here's a little bit of myself that I think you would like.","i, a little bit, myself, i, you",Positive,0.5366
Music Sharing,J4J4VY_music_sharing.txt,"If I like a song, I will try to listen to the whole album in order.","i, a song, i, the whole album, order",Positive,0.8202
Music Sharing,J4J4VY_music_sharing.txt,And that's been the biggest way that I find new music.,"that, the biggest way, i, new music",Positive,0.8869
Music Sharing,J4J4VY_music_sharing.txt,I also like will listen to friends recommendations.,"i, friends recommendations",Positive,0.8147
Music Sharing,J4J4VY_music_sharing.txt,That is pretty good for me.,"that, me",Positive,0.9782
Music Sharing,J4J4VY_music_sharing.txt,"And occasionally if I'm really in the mood for listening to new music,

Generally, I actually had someone recommend me music today.","i, the mood, new music, i, someone, me, music",Positive,0.6988
Music Sharing,J4J4VY_music_sharing.txt,And I don't know if it was just because I was thinking about this study and like how sharing music makes people feel closer and stuff.,"i, it, i, this study, sharing music, people",Positive,0.5494
Music Sharing,J4J4VY_music_sharing.txt,"But I was like, oh, that's super sweet that like she would suggest that.","i, that, she, that",Positive,0.9486
Music Sharing,J4J4VY_music_sharing.txt,And then I kind of like suggested a song back to her based on the song that what she recommended reminded me of.,"i, a song, her, the song, what, she, me",Neutral,0.631
Music Sharing,J4J4VY_music_sharing.txt,And it did make me feel like I knew a little bit more about her.,"it, me, i, her",Positive,0.7015
Music Sharing,J4J4VY_music_sharing.txt,"We're not super duper close friends, but we are friends enough to share music and I thought that was cool.","we, super duper close friends, we, friends, music, i, that",Positive,0.9698
Music Sharing,J4J4VY_music_sharing.txt,"Otherwise, I would say my friends' recommendations Usually they come from people that I'm closer to as is.","i, my friends' recommendations, they, people, i",Neutral,0.8037
Music Sharing,79TSTS_music_sharing.txt,"Oh yeah, I share music A lot.","i, music",Positive,0.5636
Music Sharing,79TSTS_music_sharing.txt,So my roommate also is a lot into music and he is a He plays guitar himself.,"my roommate, a lot, music, he, a he, guitar, himself",Positive,0.6379
Music Sharing,79TSTS_music_sharing.txt,"So, we have jam sessions.","we, jam sessions",Neutral,0.8216
Music Sharing,79TSTS_music_sharing.txt,We listen to music together.,"we, music",Positive,0.6551
Music Sharing,79TSTS_music_sharing.txt,He listens to a lot of new songs too.,"he, a lot, new songs",Neutral,0.5295
Music Sharing,79TSTS_music_sharing.txt,"So just to answer your previous question, that's how I discovered new songs as well, through his favorite songs.","your previous question, that, i, new songs, his favorite songs",Positive,0.7973
Music Sharing,79TSTS_music_sharing.txt,"I believe like when your music tastes match, so you have a lot more in common, you get to connect yourself more.","i, your music, you, you, yourself",Positive,0.9212
Music Sharing,79TSTS_music_sharing.txt,"So yeah, a lot of times that we get together is, you know, whenever we have parties or whenever we do anything together, we just Keep a speaker together, music that both of us like, so it keeps the bond together intact when you have music that matches your taste.","yeah, a lot, times, we, you, we, parties, we, anything, we, a speaker, that, both, us, it, the bond, you, music, that, your taste",Positive,0.7493
Music Sharing,JBNB4U_music_sharing.txt,Usually it's in the car.,"it, the car",Neutral,0.7909
Music Sharing,JBNB4U_music_sharing.txt,That one's always in.,that one,Neutral,0.6113
Music Sharing,JBNB4U_music_sharing.txt,"Like we can't sit in silence because that's worse, I think.","we, silence, that, i",Negative,0.9101
Music Sharing,JBNB4U_music_sharing.txt,"Sometimes not, but I prefer music to be played in the car.","i, music, the car",Neutral,0.6919
Music Sharing,JBNB4U_music_sharing.txt,It's actually crazy how some people don't listen to music.,"it, some people, music",Negative,0.8532
Music Sharing,JBNB4U_music_sharing.txt,Wow.,No clear aspect,Positive,0.7094
Music Sharing,JBNB4U_music_sharing.txt,Something different.,something,Neutral,0.8003
Music Sharing,JBNB4U_music_sharing.txt,"But it's usually in that context where like people are over and we're just talking, there should be some background music.","it, that context, people, we, some background music",Neutral,0.805
Music Sharing,JBNB4U_music_sharing.txt,"And then when like I'm at someone else's and they're playing music, I like hear like in a conversation, like in like talking, but then you hear something you like and then like, oh, what's that?","i, someone, they, music, i, a conversation, you, something, you, what, that",Neutral,0.6217
Music Sharing,JBNB4U_music_sharing.txt,It's kind of how I think about it.,"it, i, it",Neutral,0.8328
Peer Music,XV0S8C_peer_music.txt,It was really interesting.,it,Positive,0.9725
Peer Music,XV0S8C_peer_music.txt,I feel like it all had like the same themes.,"i, it, all, the same themes",Neutral,0.6343
Peer Music,XV0S8C_peer_music.txt,Like a lot of it was about like activism.,"a lot, it, activism",Neutral,0.8022
Peer Music,XV0S8C_peer_music.txt,"And the other people's was like super like money, like political environment.","the other people, money, political environment",Neutral,0.7093
Peer Music,XV0S8C_peer_music.txt,So that was really interesting.,that,Positive,0.9786
Peer Music,XV0S8C_peer_music.txt,"Like literally I think every other person's, you know, songs had like one of those themes.","i, every other person, you, songs, those themes",Neutral,0.8243
Peer Music,XV0S8C_peer_music.txt,Interesting.,No clear aspect,Positive,0.7793
Peer Music,XV0S8C_peer_music.txt,So that was really interesting.,that,Positive,0.9786
Peer Music,XV0S8C_peer_music.txt,"For me, I tried really hard to listen to the lyrics more than I did like the actual music.","me, i, the lyrics, i, the actual music",Neutral,0.4776
Peer Music,XV0S8C_peer_music.txt,"Because I think it's easier for me to like understand, you know, why it would be someone's favorite when I listen to the lyrics more than just like the, beats, because that's how it was for me.","i, it, me, you, it, i, the lyrics, the, beats, that, it, me",Positive,0.6615
Peer Music,XV0S8C_peer_music.txt,"Like, a lot of my favorite music isn't necessarily because of like, it's listening value, but more of like, it's like subject matter.","a lot, my favorite music, it, listening value, it, subject matter",Positive,0.8404
Peer Music,XV0S8C_peer_music.txt,I prefer the people's favorite songs rather than the computer.,"i, the people's favorite songs, the computer",Neutral,0.52
Peer Music,2KDZ22_peer_music.txt,"Oh yeah, for sure.",No clear aspect,Neutral,0.5144
Peer Music,2KDZ22_peer_music.txt,"Because the ones that were… I think I only got one that was like from another person, like their favorite song, but I was in a room with just that other person.","the ones, that, i, i, that, another person, their favorite song, i, a room, just that other person",Neutral,0.7434
Peer Music,2KDZ22_peer_music.txt,"So it definitely felt like, you know, even though it wasn't really a song I would listen to, I didn't really super enjoy, you know, I still felt like giving it a fair shot because it was like, I know for a fact that at least this one person in Michigan really enjoys the song.","it, you, it, a song, i, i, you, i, it, a fair shot, it, i, a fact, at least this one person, michigan, the song",Positive,0.7287
Peer Music,2KDZ22_peer_music.txt,"So, you know, I gave it a kind of more… I enjoyed it a little more than I think I would have, or, at least tried to enjoy it.","you, i, it, a kind, i, it, i, i, it",Positive,0.9288
Peer Music,2KDZ22_peer_music.txt,"Whereas the computer songs, it was like, I didn't hate any of them…","the computer songs, it, i, any, them",Neutral,0.4933
Peer Music,2KDZ22_peer_music.txt,"But, you know, it's like if I didn't really connect with it, I was not too worried about saying that I didn't.","you, it, i, it, i, i",Neutral,0.6574
Peer Music,2KDZ22_peer_music.txt,"I think for the other people, while I was listening to it, I enjoyed it more","i, the other people, i, it, i, it",Positive,0.9553
Peer Music,2KDZ22_peer_music.txt,and then that was in the ratings.,"that, the ratings",Neutral,0.6436
Peer Music,TU93WC_peer_music.txt,"I thought it was fun just like knowing other people are listening as well, but there was also that like slight vulnerability of like, I know other people are hearing a song that I really like.","i, it, other people, slight vulnerability, i, other people, a song, that, i",Positive,0.9253
Peer Music,TU93WC_peer_music.txt,So And it's hard when you don't get to know what they think.,"it, you, what, they",Negative,0.65
Peer Music,TU93WC_peer_music.txt,"So it's just like, oh, hopefully they liked it, For sure.","it, they, it",Positive,0.907
Peer Music,TU93WC_peer_music.txt,I felt pretty neutral about it for the most part.,"i, it, the most part",Positive,0.7413
Peer Music,TU93WC_peer_music.txt,"I think there were some where I was like,","i, some, i",Neutral,0.8013
Peer Music,TU93WC_peer_music.txt,"oh yeah, I'm kind of like tapping along to this or whatever.","i, this, whatever",Neutral,0.748
Peer Music,TU93WC_peer_music.txt,"The beat was kind of nice, but it never extended beyond that.","the beat, it, that",Positive,0.5377
Peer Music,TU93WC_peer_music.txt,I think the lyrics is probably the biggest thing.,"i, the lyrics, the biggest thing",Positive,0.603
Peer Music,TU93WC_peer_music.txt,"Like if somebody, I was listening to a song that they liked, I was thinking about the lyrics like, oh, what about this might have resonated with them.","i, a song, that, they, i, the lyrics, this, them",Neutral,0.6688
Peer Music,KI6KAH_peer_music.txt,"I mean, it's definitely more interesting with other people.","i, it, other people",Positive,0.9297
Peer Music,KI6KAH_peer_music.txt,"But when it was just me, I could just kind of like enjoy my music.","it, just me, i, my music",Positive,0.8952
Peer Music,KI6KAH_peer_music.txt,Because a lot of it was like my own music when it was individual.,"a lot, it, my own music, it",Neutral,0.7501
Peer Music,KI6KAH_peer_music.txt,"And then in groups sometimes, like if it was my music","groups, it, my music",Neutral,0.8217
Peer Music,KI6KAH_peer_music.txt,"and I was in a group with other people, I was like, oh, I wonder how how they're reacting to it.","i, a group, other people, i, i, they, it",Neutral,0.8279
Peer Music,KI6KAH_peer_music.txt,"And then if it was like someone else's music when we were in a group, I was like, oh, I wonder who it's from and like how they're reacting.","it, someone else's music, we, a group, i, i, who, it, they",Neutral,0.8551
Peer Music,KI6KAH_peer_music.txt,"But then if it was like just me listening to music, I was just listening to music.","it, me, music, i, music",Neutral,0.7159
Peer Music,KI6KAH_peer_music.txt,I think it was mainly curiosity.,"i, it, curiosity",Neutral,0.7934
Peer Music,KI6KAH_peer_music.txt,"Whereas my music, I was definitely a little bit like, one of those songs was like, oh, this is kind of silly.","my music, i, those songs, this",Negative,0.5523
Peer Music,KI6KAH_peer_music.txt,"I wonder like, you know, just like a little bit of like, not necessarily embarrassment, but like, I wonder what they think of me from this song, but it was mainly just curiosity.","i, you, a little bit, i, what, they, me, this song, it, just curiosity",Neutral,0.8284
Peer Music,KI6KAH_peer_music.txt,"I don't know, like there are some songs that seem, excuse me, to reference, like California.","i, some songs, that, me, reference, california",Neutral,0.7092
Peer Music,KI6KAH_peer_music.txt,"And there was one where it was like, I had a California person, a New York person.","it, i, a california person, a new york person",Neutral,0.8615
Peer Music,KI6KAH_peer_music.txt,"I was like, I wonder if this is a California person.","i, i, this, a california person",Neutral,0.7958
Peer Music,KI6KAH_peer_music.txt,But it was also kind of a sad song.,"it, kind of a sad song",Negative,0.6753
Peer Music,KI6KAH_peer_music.txt,"So I was like, oh, I wonder, I don't know.","i, i, i",Neutral,0.7496
Peer Music,KI6KAH_peer_music.txt,I just feel like New York is like a more sad place.,"i, new york, a more sad place",Negative,0.9714
Peer Music,KI6KAH_peer_music.txt,"So I was like, oh, maybe it's like them.","i, it, them",Neutral,0.7898
Peer Music,KI6KAH_peer_music.txt,"And so it was just kind of like, I wonder which one of these.","it, i, these",Neutral,0.8487
Peer Music,KI6KAH_peer_music.txt,"I think if there was, there was one person from Texas, but none of the songs, I think I would have assumed like country music or Western music with Texas or Georgia.","i, one person, texas, the songs, i, i, country music, western music, texas, georgia",Neutral,0.8104
Peer Music,KI6KAH_peer_music.txt,So I'm from North Carolina.,"i, north carolina",Neutral,0.8974
Peer Music,KI6KAH_peer_music.txt,So I know country music.,"i, country music",Neutral,0.8008
Peer Music,KI6KAH_peer_music.txt,I don't mind it.,"i, it",Neutral,0.6321
Peer Music,KI6KAH_peer_music.txt,"So like if that had played, I think I would have assumed it was one of them.","that, i, i, it, them",Neutral,0.7496
Peer Music,KI6KAH_peer_music.txt,"But then some of the happier songs are the ones that like, they just felt like California to me.","some, the happier songs, the ones, that, they, california, me",Positive,0.7792
Peer Music,KI6KAH_peer_music.txt,"And I was like, I feel like these are for people who live in California.","i, i, these, people, who, california",Neutral,0.7188
Peer Music,4TPXHQ_peer_music.txt,But I also found it kind of interesting in terms of what other people played.,"i, it, terms, what, other people",Positive,0.9332
Peer Music,4TPXHQ_peer_music.txt,"Like I tried to pick one from a couple types of genres, just because I like listening across genres.","i, a couple types, genres, i, genres",Positive,0.5162
Peer Music,4TPXHQ_peer_music.txt,"But it seemed like there was one or two genres from everyone else's picks, and that was kind of interesting.","it, one or two genres, everyone else's picks, that",Positive,0.9389
Peer Music,4TPXHQ_peer_music.txt,"From the other people's favorite songs, one of them I adored, the third one, had cool piano in the background.","the other people's favorite songs, them, i, cool piano, the background",Positive,0.9739
Peer Music,4TPXHQ_peer_music.txt,"And then the other one was, I think I only heard two from other people.","i, i, other people",Neutral,0.7951
Peer Music,4TPXHQ_peer_music.txt,"And those were just, the other one was just kind of there.",those,Neutral,0.8417
Peer Music,4TPXHQ_peer_music.txt,"Like I could understand why someone else enjoyed it, but it just wasn't something that I feel particularly strong about.","i, someone, it, it, something, that, i",Negative,0.5184
Peer Music,4TPXHQ_peer_music.txt,"It was like a pop punk, but more poppy than punky.","it, a pop punk",Neutral,0.7458
Peer Music,4TPXHQ_peer_music.txt,And I like my pop punk more punky than poppy.,"i, my pop punk",Positive,0.549
Peer Music,4TPXHQ_peer_music.txt,"So it was, but you recognize the chords and the cliches within the sub-genre.","it, you, the chords, the cliches, genre",Neutral,0.8039
Peer Music,4TPXHQ_peer_music.txt,So that was kind of entertaining of that.,"that, that",Positive,0.906
Peer Music,4TPXHQ_peer_music.txt,I didn't recognize the band.,"i, the band",Negative,0.5657
Peer Music,79TSTS_peer_music.txt,I think I liked the songs that were selected by people more.,"i, i, the songs, that, people",Positive,0.947
Peer Music,79TSTS_peer_music.txt,"but the ones that were selected for participants that were, that was a little more interesting, I guess.","the ones, that, participants, that, that, i",Positive,0.8421
Peer Music,79TSTS_peer_music.txt,The music itself was really good.,"the music, itself",Positive,0.9828
Peer Music,79TSTS_peer_music.txt,"I mean, it was more engaging.","i, it",Positive,0.8234
Peer Music,79TSTS_peer_music.txt,And I felt it was a bit more good to listen to compared to the songs that were selected by the other participants.,"i, it, the songs, that, the other participants",Positive,0.9359
Peer Music,JBNB4U_peer_music.txt,t's like sharing music with someone that you don't know or like don't even know like who they are.,"t, music, someone, that, you, who, they",Neutral,0.5558
Peer Music,JBNB4U_peer_music.txt,It's kind of like kind of intimidating.,it,Negative,0.8111
Peer Music,JBNB4U_peer_music.txt,"But it's also nice, like, they don't know who I am.","it, they, who, i",Positive,0.8075
Peer Music,JBNB4U_peer_music.txt,"So it's kind of like, we're just sharing songs that we really like together and never gonna meet them.","it, we, songs, that, we, them",Neutral,0.5758
Peer Music,JBNB4U_peer_music.txt,"Like, I don't know what they think about it, which is also like another factor of like what makes me nervous.","i, what, they, it, which, another factor, what, me",Negative,0.8516
Peer Music,JBNB4U_peer_music.txt,"I mean, I like some of them.","i, i, some, them",Positive,0.6
Peer Music,JBNB4U_peer_music.txt,It just makes me more curious about who they are.,"it, me, who, they",Positive,0.7258
Peer Music,JBNB4U_peer_music.txt,"But it's definitely fun because, like, you know, like there's like Spotify who does like the daily discover or weekly discover.","it, you, who, the daily discover, weekly discover",Positive,0.9404
Peer Music,JBNB4U_peer_music.txt,Kind of feels like that.,that,Neutral,0.6758
Peer Music,JBNB4U_peer_music.txt,"Like just like kind of put in the background, but this time I was like listening to it more.","like just like kind of put, the background, i, it",Positive,0.6011
Peer Music,JBNB4U_peer_music.txt,Kind of see like where they're coming from.,they,Neutral,0.8074
Peer Music,JBNB4U_peer_music.txt,Like why'd you choose this song?,"you, this song",Neutral,0.5279
Peer Music,JBNB4U_peer_music.txt,"The ones that the other people chose, it was more personal that I was thinking","that, the other people, it, i",Neutral,0.8174
Peer Music,06ECDB_peer_music.txt,"A little bit, kind of hearing some of the songs that are playing, kind of saying the regions that they're from and I don't say the music I would expect from that region, but kind of playing into it a little bit.","some, the songs, that, the regions, they, i, the music, i, that region, it",Neutral,0.8071
Peer Music,06ECDB_peer_music.txt,"For the most part, I don't think there was a single one that I didn't enjoy.","the most part, i, a single one, that, i",Neutral,0.4283
Peer Music,06ECDB_peer_music.txt,"Not all of them are necessarily songs that I may have heard or have listened to before, but interesting to kind of hear what people's preferences are.","not all, them, songs, that, i, what, people's preferences",Neutral,0.5094
Peer Music,06ECDB_peer_music.txt,"I know I put in country music, but wasn't kind of expecting everyone to have kind of the same genre.","i, i, country music, everyone, kind of the same genre",Neutral,0.6745
Peer Music,06ECDB_peer_music.txt,"I was maybe expecting a mix of different genres or hearing different types of music, but I like the genre of country and hearing that.","i, a mix, different genres, different types, music, i, the genre, country, that",Positive,0.7954
Peer Music,1ZWUFF_peer_music.txt,There were some good ones and there were also some that I didn't really like.,"some good ones, some, that, i",Neutral,0.4622
Peer Music,1ZWUFF_peer_music.txt,"Well, for other people's songs, I wanted to hear good lyrics.","other people's songs, i, good lyrics",Positive,0.6022
Peer Music,1ZWUFF_peer_music.txt,"I feel like, at least for me, like most of my favorite songs, I like them.","i, me, my favorite songs, i, them",Positive,0.9523
Peer Music,1ZWUFF_peer_music.txt,"I mean, not all of them, but a lot of them, I like them because of the lyrics.","i, them, them, i, them, the lyrics",Positive,0.8983
Peer Music,V6UZPS_peer_music.txt,"Yeah, I could definitely tell what kind of emotions they were feeling, what made them choose it.","i, what kind, emotions, they, what, them, it",Neutral,0.8182
Peer Music,V6UZPS_peer_music.txt,"I like that it felt really real, because I also had a song that basically gave the same kind of vibes and was saying the same thing as their song.","i, that, it, i, a song, that, the same kind, vibes, the same thing, their song",Positive,0.917
Peer Music,V6UZPS_peer_music.txt,"So I was wondering if they heard my song, and if they resonated with that one as well.","i, they, my song, they",Neutral,0.7945
Peer Music,V6UZPS_peer_music.txt,"If they chose it because they liked the tune, then I can't really resonate, but if they actually listened to the lyrics and felt emotion when listening to that song, like I've been through similar situations","they, it, they, the tune, i, they, the lyrics, emotion, that song, i, similar situations",Neutral,0.6575
Peer Music,V6UZPS_peer_music.txt,and I totally know how it feels.,"i, it",Neutral,0.5509
Peer Music,XRONEG_peer_music.txt,I really liked how I could see like the other participants like on the map and how we all were listening to like the same song.,"i, i, the other participants, the map, we, all, the same song",Positive,0.9653
Peer Music,XRONEG_peer_music.txt,"It felt like we were connected, but like obviously I don't know them.","it, we, i, them",Neutral,0.6043
Peer Music,XRONEG_peer_music.txt,"And then just seeing like, oh, this is another person's favorite song.","this, another person's favorite song",Positive,0.8496
Peer Music,XRONEG_peer_music.txt,And we were like enjoying it at the same time.,"we, it, the same time",Positive,0.808
Peer Music,XRONEG_peer_music.txt,So the music from the other participants was actually similar to the ones that I chose or the ones that were played.,"the music, the other participants, the ones, that, i, the ones, that",Neutral,0.7529
Peer Music,XRONEG_peer_music.txt,"It was like kind of country, like folklore.","it, kind, country, folklore",Neutral,0.8475
Peer Music,XRONEG_peer_music.txt,"The 2 that I heard, like I have never heard of them before, but I was like interested in them since I guess it was like similar to my own.","that, i, i, them, i, them, i, it",Positive,0.7884
Peer Music,XRONEG_peer_music.txt,"Whereas compared to the other people's favorite songs or songs that make them happy or move, that just resonated with me more, even if I didn't like the song, just because I was like, this person's like vulnerable","the other people's favorite songs, songs, that, them, that, me, i, the song, i, this person",Positive,0.8485
Peer Music,XRONEG_peer_music.txt,and they're sharing like a song that like means something to them.,"they, a song, that, something, them",Positive,0.6936
Peer Music,XRONEG_peer_music.txt,Like maybe I could find something that connects to me like within the song or like if it is similar to like my music taste.,"i, something, that, me, the song, it, like my music taste",Neutral,0.5366
Peer Music,XRONEG_peer_music.txt,So that was a lot better than just the computer.,"that, just the computer",Positive,0.8031
Peer Music,YP35AR_peer_music.txt,I was in the room with a person from Georgia and I was listening to their favorite song.,"i, the room, a person, georgia, i, their favorite song",Positive,0.5647
Peer Music,YP35AR_peer_music.txt,"And then I was like, I know they're listening to it.","i, i, they, it",Neutral,0.7682
Peer Music,YP35AR_peer_music.txt,"And I don't want them, like I don't want them to feel insecure that I'm listening to it, but I really enjoyed like their song.","i, them, i, them, i, it, i, their song",Positive,0.5591
Peer Music,YP35AR_peer_music.txt,"And I, and I thought it was really like nice to hear someone else's favorite song with them like also listening to it.","and i, i, it, someone, else's favorite song, them, it",Positive,0.9624
Peer Music,YP35AR_peer_music.txt,"I think I recognized the artist of that song too, which I think was kind of funny, but it's just like, you feel like, why they like it and why it's so powerful to them.","i, i, the artist, that song, which, i, it, you, they, it, it, them",Positive,0.8825
Peer Music,YP35AR_peer_music.txt,"Like you can kind of, I feel like I can kind of get that.","you, i, i, that",Neutral,0.6378
Peer Music,YP35AR_peer_music.txt,"And so like, even with someone that I don't really know, like, you know, I feel like I do know them a little bit.","someone, that, i, you, i, i, them",Neutral,0.7089
Peer Music,YP35AR_peer_music.txt,I enjoyed those songs more than the computer generated ones.,"i, those songs, ones",Positive,0.9391
Peer Music,5F2WAZ_peer_music.txt,I think like most of the other participant songs I didn't really like.,"i, the other participant songs, i",Negative,0.8546
Peer Music,5F2WAZ_peer_music.txt,Except for a few of them.,them,Neutral,0.6443
Peer Music,5F2WAZ_peer_music.txt,"And then the ones that the other people were playing, I guess too, was just like, no real emotions and stuff behind it.","the ones, that, the other people, i, no real emotions, stuff, it",Neutral,0.6963
Peer Music,5F2WAZ_peer_music.txt,"Just kind of like radio, like oversaturated, like music, I feel.","radio, music, i",Neutral,0.5735
Peer Music,5F2WAZ_peer_music.txt,"So when I was saying like I didn't like the other people's songs, it's not because it's not my genre.","i, i, the other people's songs, it, it, my genre",Neutral,0.5486
Peer Music,5F2WAZ_peer_music.txt,"I just don't think they, I don't think they sound sounded good to me.","i, they, i, they, me",Negative,0.9392
Peer Music,5F2WAZ_peer_music.txt,"But for the other people's songs, it's more so like, I don't understand like why you would like this song.","the other people's songs, it, i, you, this song",Negative,0.7983
Peer Music,5F2WAZ_peer_music.txt,"That was like what I was thinking in my head is like, I don't understand like why someone would listen to this.","that, what, i, my head, i, someone, this",Negative,0.9515
Peer Music,WXA3LM_peer_music.txt,"I felt like it was like a lot of, I think when I was listening to other people, it was a lot of like other people's music."," i, it, a lot, i, i, other people, it, a lot, other people's music",Neutral,0.7238
Peer Music,WXA3LM_peer_music.txt,"So I don't know how much I fully connected them

 I don't like, there's the whole connection bit where you don't quite feel connected because I feel like connections spawn from like maybe how you find the music.","i, i, them, i, the whole connection bit, you, i, connections, you, the music",Negative,0.5761
Peer Music,WXA3LM_peer_music.txt,"So I don't think I felt connected to their songs, but I did generally enjoy them.","i, i, their songs, i, them",Neutral,0.5078
Peer Music,X8MNUK_peer_music.txt,"If it was someone else’s song, I would wonder who had picked it.","it, someone else’s song, i, who, it",Neutral,0.7098
Peer Music,X8MNUK_peer_music.txt,I definitely thought it was interesting to kind of picture why that person liked that song.,"i, it, kind of picture, that person, that song",Positive,0.9276
Peer Music,X8MNUK_peer_music.txt,"Or like, what about it made that their favorite song.",it,Neutral,0.8018
Peer Music,X8MNUK_peer_music.txt,I was wondering why they connected so much to the song and like what it was about the song that made them like it so much.,"i, they, the song, what, it, the song, that, them, it",Neutral,0.5356
Peer Music,X8MNUK_peer_music.txt,"Because when we were listening to the songs, some of them I didn't really relate to at all","we, the songs, some, them, i",Negative,0.7626
Peer Music,X8MNUK_peer_music.txt,"and I had no emotional connection to, but someone else obviously connected to it a lot.","i, no emotional connection, someone, it",Neutral,0.6106
Peer Music,X8MNUK_peer_music.txt,So I guess I would want to see what it was about.,"i, i, what, it",Neutral,0.8493
Peer Music,X8MNUK_peer_music.txt,"I just think it's interesting learning about different people, what it is about them that connects them to that song.","i, it, different people, what, it, them, that, them, that song",Positive,0.8883
Peer Music,X8MNUK_peer_music.txt,"I think that'd be cool, yeah.","i, that",Positive,0.9478
Peer Music,7D8BPD_peer_music.txt,"Yeah, I felt like there was one that I enjoyed more than the other.","i, that, i",Positive,0.8237
Peer Music,7D8BPD_peer_music.txt,"They very much seemed to be more like, in my opinion, what's popular right now.","they, my opinion, what",Neutral,0.6317
Peer Music,7D8BPD_peer_music.txt,"Like I could identify the genres and I was like,","i, the genres, i",Neutral,0.7416
Peer Music,7D8BPD_peer_music.txt,"oh yeah, like that makes sense.","that, sense",Positive,0.5318
Peer Music,7D8BPD_peer_music.txt,"I, you know, like a different person would enjoy this.","i, you, a different person, this",Positive,0.6436
Peer Music,2IR3MC_peer_music.txt,It was like interesting.,it,Positive,0.8868
Peer Music,2IR3MC_peer_music.txt,"I was like, so because there was a couple times where it was like my music, but it was only me in.","i, a couple times, it, my music, it, me",Neutral,0.7719
Peer Music,2IR3MC_peer_music.txt,the sort of breakout room thing.,"the sort, breakout room thing",Neutral,0.7524
Peer Music,2IR3MC_peer_music.txt,And then there was like certain situations where it was my music and it was other people.,"certain situations, it, my music, it, other people",Neutral,0.8089
Peer Music,2IR3MC_peer_music.txt,"And so when it was other people, I was sort of like, part of it was like, I wonder if they also know what this song is because some of the songs on my list were like not like super like underground songs.","it, other people, i, sort of like, part, it, i, they, what, this song, some, the songs, my list, underground songs",Neutral,0.7502
Peer Music,2IR3MC_peer_music.txt,They were like popular enough.,they,Positive,0.6563
Peer Music,2IR3MC_peer_music.txt,"But it was also sort of a situation, especially because this like last song, it was someone else's song, but I did not resonate with it at all.","it, sort of a situation, this, last song, it, someone else's song, i, it",Negative,0.7882
Peer Music,2IR3MC_peer_music.txt,"And so part of me like thinking retroactively, I'm like, I wonder if anyone else in listening to songs kind of had that same response where it's like, it sounds cool, but like I'm not like really resonating with it.","me, i, i, anyone, songs, that same response, it, it, i, it",Neutral,0.6067
Peer Music,2IR3MC_peer_music.txt,And then there was like another song from one of the participants.,"another song, the participants",Neutral,0.8801
Peer Music,2IR3MC_peer_music.txt,I think it might have just been I'm trying to think.,"i, it, i",Neutral,0.8247
Peer Music,2IR3MC_peer_music.txt,I think it was just one of their songs that makes them want to move or something like that.,"i, it, their songs, that, them, something, that",Neutral,0.8313
Peer Music,2IR3MC_peer_music.txt,And I liked it.,"i, it",Positive,0.8392
Peer Music,2IR3MC_peer_music.txt,"And I was like, oh, like, but what was interesting about both of those songs is like, I could vaguely hear and make like guesses on the artist, even if I didn't know the song, which was like really interesting.","i, what, both, those songs, i, guesses, the artist, i, the song, which",Positive,0.9342
Peer Music,PF65TG_peer_music.txt,"I think I was more excited to hear like someone else's like music tours, even if I like didn't like it.","i, i, someone, music tours, i, it",Positive,0.8475
Peer Music,PF65TG_peer_music.txt,"Like I was still like, oh, like it's a new song","i, it, a new song",Neutral,0.6337
Peer Music,PF65TG_peer_music.txt,and then I've never heard it before.,"i, it",Neutral,0.5546
Peer Music,PF65TG_peer_music.txt,Like I'll listen to it.,"i, it",Positive,0.4959
Peer Music,V4HSKU_peer_music.txt,I don't really care about what other people are thinking about during in that room just because it's my favorite and I enjoy it.,"i, what, other people, that room, it, i, it",Positive,0.9427
Peer Music,V4HSKU_peer_music.txt,"And then along with the other people, or I guess I'll just stick with that for now, but with the other people in the room with their favorite song, I feel like I was more prone to like wanting to enjoy it for their purposes because it's someone else's favorite song in the room.","the other people, i, i, that, the other people, the room, their favorite song, i, i, it, their purposes, it, someone else's favorite song, the room",Positive,0.6812
Peer Music,V4HSKU_peer_music.txt,then there's other people in the room.,"other people, the room",Neutral,0.7634
Peer Music,V4HSKU_peer_music.txt,I would say I was kind of doing the same thing.,"i, i, the same thing",Neutral,0.8391
Peer Music,V4HSKU_peer_music.txt,"Like I wanted other people to enjoy it, but also like it's my favorite song.","i, other people, it, it, my favorite song",Positive,0.9435
Peer Music,J4J4VY_peer_music.txt,"I thought it was cool seeing like where other people were from

Honestly, I heard mostly my songs, I thought, but one of the other person's songs I thought felt very like music theater type of vibe in a way that I don't really enjoy.","i, it, other people, i, my songs, i, the other person's songs, i, music theater type, vibe, a way, that, i",Positive,0.628
Peer Music,J4J4VY_peer_music.txt,But I still thought it was like more enjoyable compared to the first computer generate or the algorithm song.,"i, it, the first computer generate, the algorithm song",Positive,0.8732
Peer Music,J4J4VY_peer_music.txt,"Yeah, the real person's song, I was more of like, this is someone's favorite song.","the real person's song, i, this, someone's favorite song",Positive,0.6325
Peer Music,J4J4VY_peer_music.txt,"Like, they must like something about it.","they, something, it",Positive,0.6049
Peer Music,J4J4VY_peer_music.txt,And I was kind of curious like what they like about it.,"i, what, they, it",Neutral,0.7424
Peer Music,J4J4VY_peer_music.txt,"It was more interesting, I would say, just because I don't know anything about them.","it, i, i, anything, them",Positive,0.8058
Peer Music,J4J4VY_peer_music.txt,"That I found myself kind of being like, oh, what type of person do I think would like this?","i, myself, what type, person, i, this",Neutral,0.7712
Peer Music,J4J4VY_peer_music.txt,"Or based on the map that I saw, like, which school do I think they might be from?","the map, that, i, i, they",Neutral,0.9135
Peer Music,J4J4VY_peer_music.txt,So I thought that part was interesting.,"i, that part",Positive,0.9314
Peer Music,J4J4VY_peer_music.txt,"It also felt like less pressure to be like, I really like this.","it, less pressure, i, this",Positive,0.948
Peer Music,J4J4VY_peer_music.txt,"So normally when my friends recommend me music, I'm more inclined to say I like it.","my friends, me, music, i, i, it",Positive,0.8043
Peer Music,J4J4VY_peer_music.txt,"If I actually don't, then I was with the anonymous people.","i, i, the anonymous people",Neutral,0.6637
Peer Music,XWM6DC_peer_music.txt,I've already forgotten half of them.,"i, half, them",Negative,0.54
Peer Music,XWM6DC_peer_music.txt,"Fine to good in general, I suppose.",i,Positive,0.694
Peer Music,XWM6DC_peer_music.txt,"Like, I mean, they were songs.","i, they, songs",Neutral,0.7699
Peer Music,XWM6DC_peer_music.txt,I hadn't heard any of them before.,"i, any, them",Neutral,0.6861
Peer Music,IF5UTV_peer_music.txt,"when I was there, it was like, the person was also from a place that's meaningful to me.","i, it, the person, a place, that, me",Neutral,0.6082
Peer Music,IF5UTV_peer_music.txt,"And it was a song I hadn't heard before, but that I really connected with.","it, a song, i, i",Positive,0.9338
Peer Music,IF5UTV_peer_music.txt,"And I feel like I was able to like, it was a really sad song.","i, i, it, a really sad song",Neutral,0.4698
Peer Music,IF5UTV_peer_music.txt,So I feel like I connected to it more.,"i, i, it",Positive,0.9085
Peer Music,IF5UTV_peer_music.txt,And it almost felt like more meaningful.,it,Positive,0.8462
Peer Music,IF5UTV_peer_music.txt,"But otherwise, I didn't experience a lot of connection.","i, a lot, connection",Negative,0.7103
Peer Music,IF5UTV_peer_music.txt,"When my favorite song was playing one time, and there were like four different people from four different states, I was like, I wonder what the person from Texas is thinking of this song versus like the person from New Jersey.","my favorite song, four different people, four different states, i, i, what, the person, texas, this song, the person, new jersey",Neutral,0.5956
Peer Music,IF5UTV_peer_music.txt,Like I hope they both like it.,"i, they, both, it",Positive,0.7919
Peer Music,IF5UTV_peer_music.txt,"Like I wish I could see if they liked it, but that's really it.","i, i, they, it, that, it",Neutral,0.6859
Peer Music,IF5UTV_peer_music.txt,"The one song that I heard when the other person was in the room, I really liked.","the one song, that, i, the other person, the room, i",Positive,0.9521
Peer Music,IF5UTV_peer_music.txt,The other one was like completely out of my normal listening habits.,"the other one, my normal listening habits",Negative,0.6247
Peer Music,IF5UTV_peer_music.txt,And I found it like abrasive.,"i, it",Neutral,0.5483
Peer Music,IF5UTV_peer_music.txt,So I wasn't a big fan of it.,"i, a big fan, it",Negative,0.8643
Peer Music,IF5UTV_peer_music.txt,"For other people's songs, I went in like very open-minded and pretty excited.","other people's songs, i",Positive,0.9568
Peer Music,IF5UTV_peer_music.txt,"Like, I like hearing songs that are meaningful to people and trying to figure out why they are meaningful.","i, songs, that, people, they",Positive,0.8963
Peer Music,IF5UTV_peer_music.txt,So I was excited about those,"i, those",Positive,0.9842
Peer Music,Y9N2G1_peer_music.txt,"It was nice, you know, listening to other folks' interests, which I was not sure about.","it, you, other folks' interests, i",Positive,0.8354
Peer Music,Y9N2G1_peer_music.txt,"So, like, now I get to know that people do have different kind of tastes.","i, people, different kind, tastes",Neutral,0.6684
Peer Music,Y9N2G1_peer_music.txt,They were very varied.,they,Neutral,0.7317
Peer Music,Y9N2G1_peer_music.txt,"A few were kind of, I mean, on the valence scale, like few were, like, I mean, there were songs which made me feel happy.","i, the valence scale, i, songs, which, me",Positive,0.8881
Peer Music,Y9N2G1_peer_music.txt,"There were also like kind of slow songs, mellow songs, which were kind of made me feel sad.","slow songs, mellow songs, which, me",Negative,0.6383
Peer Music,Y9N2G1_peer_music.txt,"So yeah, there were on a huge scale, I would say.","a huge scale, i",Neutral,0.7381
Peer Music,IOEYMP_peer_music.txt,"I think it was, I think it's a cool concept, but since we don't actually get to interact, then it's, it like doesn't really feel like there are other people.","i, it, i, it, a cool concept, we, it, it, other people",Neutral,0.5501
Peer Music,IOEYMP_peer_music.txt,"It's just like, there could be people that are listening to the same music at the same time as me.","it, people, that, the same music, the same time, me",Neutral,0.6346
Peer Music,IOEYMP_peer_music.txt,"But it's just, there's like a disconnect.","it, a disconnect",Negative,0.5704
Peer Music,IOEYMP_peer_music.txt,"at the same time in like the rooms that I was in with people, I was also like, if we were listening to my music, then I was like, oh, I hope this isn't, I hope this doesn't like suck.","the same time, the rooms, that, i, people, i, we, my music, i, i, this, i, this",Negative,0.4941
Peer Music,IOEYMP_peer_music.txt,I hope it's not like a bad song choice or something.,"i, it, a bad song choice, something",Neutral,0.6604
Peer Music,IOEYMP_peer_music.txt,"Like I was like kind of more critical of like my music taste, I guess.","i, my music taste, i",Neutral,0.7807
Peer Music,IOEYMP_peer_music.txt,"I think I only listened to like a couple of other people's songs, but the first one I heard I like really liked.","i, i, a couple, other people's songs, the first one, i, i",Positive,0.9462
Peer Music,IOEYMP_peer_music.txt,It was like something that I would listen to.,"it, something, that, i",Positive,0.6011
Peer Music,IOEYMP_peer_music.txt,"And I was like, oh, I would listen to something like this.","i, i, something, this",Positive,0.5161
Peer Music,IOEYMP_peer_music.txt,So I was like kind of excited about that.,"i, that",Positive,0.9736
Peer Music,WOGMXV_peer_music.txt,I thought it was kind of cool when I was in a room with multiple people and I was listening to someone else's song.,"i, it, i, a room, multiple people, i, someone else's song",Positive,0.9666
Peer Music,WOGMXV_peer_music.txt,I feel like because with the participants songs I was trying to figure out like how the song would connect to them and kind of like I guess understand it on a more personal level and a human level.,"i, the participants songs, i, the song, them, i, it, a more personal level, a human level",Neutral,0.77
Peer Music,WOGMXV_peer_music.txt,"It's like comforting to know that when someone listened to a song, they thought, oh, I think that Gianna would like this song, or I think that this person would like this song.","it, someone, a song, they, i, gianna, this song, i, this person, this song",Positive,0.8193
Peer Music,WOGMXV_peer_music.txt,"I, in listening to the other, I think it was once I like listened to someone else's favorite song","i, i, it, i, someone else's favorite song",Positive,0.7353
Peer Music,WOGMXV_peer_music.txt,and I had literally no idea like why that song meant something to them.,"i, no idea, that song, something, them",Negative,0.5207
Peer Music,WOGMXV_peer_music.txt,I listened to two songs that were like other people's favorites and I had never heard of either of them.,"i, two songs, that, other people's favorites, i, either, them",Neutral,0.6336
Peer Music,WOGMXV_peer_music.txt,So it was just kind of like a completely new song.,"it, a completely new song",Neutral,0.7681
Peer Music,WOGMXV_peer_music.txt,"I was like, oh, cool.",i,Positive,0.883
Peer Music,WOGMXV_peer_music.txt,Yeah.,No clear aspect,Neutral,0.5491
Peer Music,WOGMXV_peer_music.txt,"Just taking in the song itself and just, yeah.","the song, itself",Neutral,0.7831
Peer Music,WOGMXV_peer_music.txt,Cool.,No clear aspect,Positive,0.842
Peer Music,6759KU_peer_music.txt,"I think,",i,Neutral,0.6807
Peer Music,6759KU_peer_music.txt,"yeah,",No clear aspect,Neutral,0.5388
Peer Music,6759KU_peer_music.txt,"I was definitely more focused when it came to like other people's suggestions versus the computers, just because...","i, it, other people's suggestions, the computers",Positive,0.5286
Peer Music,6759KU_peer_music.txt,I enjoy learning about other people's music tastes and stuff and really want to try to see if I would enjoy like listening to it as well.,"i, other people's music, stuff, i, it",Positive,0.919
Peer Music,X1QQ4F_peer_music.txt,"or some of the songs that other people picked, it just wasn't my style and I was like, “oh, I wonder why this is their favorite.”

there was one with guitar that actually I thought it was nice","or some, the songs, that, other people, it, my style, i, i, this, guitar, that, i, it",Neutral,0.5366
Peer Music,X1QQ4F_peer_music.txt,"and it was fun, but that one also felt long, so I don't know if it was just because it was.","it, i, it, it",Positive,0.6545
Peer Music,X1QQ4F_peer_music.txt,If it's stagnant or it was just kind of the same thing for a while.,"it, it, kind of the same thing, a while",Neutral,0.5347
Peer Music,X1QQ4F_peer_music.txt,But they were cool.,they,Positive,0.7993
Peer Music,X1QQ4F_peer_music.txt,It was definitely interesting.,it,Positive,0.9665
Peer Music,X1QQ4F_peer_music.txt,"But yeah, not my cup of tea usually.","but yeah, not my cup, tea",Negative,0.6045
Peer Music,X1QQ4F_peer_music.txt,"there's a chance that maybe it was like when I listened to one of the other person's songs where it was, like, maybe they were thinking the same thing.","a chance, it, i, the other person's songs, it, they, the same thing",Neutral,0.8534
Peer Music,X6YZK0_peer_music.txt,"I don't know if like this makes sense, but I almost like gave it more attention because I felt like, it's like respectful to actually like listen to it before I pass judgment to it.","i, this, sense, i, it, more attention, i, it, it, i, judgment, it",Neutral,0.5628
Peer Music,OSF8B7_peer_music.txt,I really liked the one.,"i, the one",Positive,0.97
Peer Music,OSF8B7_peer_music.txt,I think I've heard it like once before.,"i, i, it",Neutral,0.8064
Peer Music,OSF8B7_peer_music.txt,It kind of sounded like a Lovejoy song.,"it, a lovejoy song",Positive,0.5839
Peer Music,OSF8B7_peer_music.txt,It might have been a Lovejoy song.,"it, a lovejoy song",Neutral,0.5912
Peer Music,OSF8B7_peer_music.txt,It sounded like them.,"it, them",Neutral,0.7207
Peer Music,OSF8B7_peer_music.txt,But my friend really likes that band and it sounds like a song she would like.,"my friend, that band, it, a song, she",Positive,0.965
Peer Music,OSF8B7_peer_music.txt,And I think I've heard it from her.,"i, i, it, her",Neutral,0.7555
Peer Music,OA8J4N_peer_music.txt,"I think I was definitely more open-minded to the ones from other participants because I'm like, they're other people.","i, i, the ones, other participants, i, they, other people",Positive,0.7398
Peer Music,OA8J4N_peer_music.txt,So they have like a reason why this is their favorite song or this is a song that makes them want to dance or whatever.,"they, a reason, this, their favorite song, this, a song, that, them",Neutral,0.523
Peer Music,Z01ABO_peer_music.txt,there was just something so like personal about somebody like me imagining somebody like totally like jamming out through a song.,"just something, somebody, me, somebody, a song",Neutral,0.5011
Peer Music,Z01ABO_peer_music.txt,just something about knowing that it's like somebody was like sharing it was fun.,"just something, it, somebody, it",Positive,0.845
Peer Music,Z01ABO_peer_music.txt,"I know of the ones that I received, they were generally like fairly like happy kind of like romance songs.","i, the ones, that, i, they, romance songs",Positive,0.7528
Peer Music,Z01ABO_peer_music.txt,"And they're kind of like I don't know, like any artist, because it was actually kind of funny, because I was listening to it, and I was like, these songs remind me of my friend Katie, who listens to songs like these.","they, i, any artist, it, i, it, i, these songs, me, my friend, katie, who, songs, these",Positive,0.9055
Peer Music,0M3LDX_peer_music.txt,I thought it was alright.," i, it",Positive,0.616
Peer Music,0M3LDX_peer_music.txt,Like it sounded good.,it,Positive,0.9278
Peer Music,0M3LDX_peer_music.txt,"And like I can see how someone would be interested in that, be connected to it.","i, someone, that, it",Positive,0.504
Peer Music,0M3LDX_peer_music.txt,"It's, it wasn't something I was personally interested in, but I could see the appeal","it, it, something, i, i, the appeal",Neutral,0.5513
Peer Music,0M3LDX_peer_music.txt,"and I was like, it's kind of cool.","i, it",Positive,0.9592
Peer Music,0M3LDX_peer_music.txt,"Just not my vibe, I guess.",i,Negative,0.8293
Peer Music,0M3LDX_peer_music.txt,"My thoughts were kind of different because when I was listening to the someone else's favorite song, it was like, okay, someone likes this.","my thoughts, i, the someone else's favorite song, it, someone, this",Positive,0.6643
Peer Music,0M3LDX_peer_music.txt,"They put, they took the time to write it out on the survey on the list.","they, they, the time, it, the survey, the list",Neutral,0.8648
Peer Music,0M3LDX_peer_music.txt,"Like, it's someone's personal favorite for some reason.","it, someone's personal favorite, some reason",Neutral,0.5358
Peer Music,0M3LDX_peer_music.txt,"And, you know, there's like that human connection to it.","you, that, human connection, it",Neutral,0.7221
Peer Music,0M3LDX_peer_music.txt,"For the human selected ones, a human actually went through that, has some sort of connection to it.","the human selected ones, a human, that, some sort, connection, it",Neutral,0.8806
Peer Music,35A4QY_peer_music.txt,"It was really, I thought it would have been cool to hear more people's other like favorite songs because the last one was someone else's and that was like an incredible song.","it, i, it, more people, favorite songs, the last one, someone, that, an incredible song",Positive,0.9723
Peer Music,35A4QY_peer_music.txt,And it was cool to see that.,"it, that",Positive,0.9742
Peer Music,35A4QY_peer_music.txt,"I was like, oh, like it's cool that they put that in because I can see why it was like their favorite song kind of.","i, it, they, that, i, it, their favorite song kind",Positive,0.8756
Peer Music,35A4QY_peer_music.txt,Like cool how I could like imagine the way that they like would have it as their favorite song and like experience that.,"i, the way, that, they, it, their favorite song, that",Positive,0.7481
Peer Music,35A4QY_peer_music.txt,"And that was just cool and also cool to share like one of our own too, basically.",that,Positive,0.9818
Peer Music,35A4QY_peer_music.txt,I think I heard one that like makes you move from the other person and one that was like their personal favorite song basically.,"i, i, that, you, the other person, one, that, their personal favorite song",Neutral,0.7408
Peer Music,35A4QY_peer_music.txt,She's like it's more connected.,"she, it",Positive,0.5097
Peer Music,35A4QY_peer_music.txt,And like the one that makes you move song is like that was still a cool song obviously.,"the one, that, you, song, that, a cool song",Positive,0.8125
Peer Music,35A4QY_peer_music.txt,"It's just this less, has less emotional depth of just like, they enjoy it, but it's less like, I can really see how the other one's more connected to them, basically.","it, less emotional depth, they, it, it, i, them",Neutral,0.557
Peer Music,J0QRGC_peer_music.txt,It was good.,it,Positive,0.9725
Peer Music,J0QRGC_peer_music.txt,I don't know.,i,Neutral,0.5667
Peer Music,J0QRGC_peer_music.txt,I really.,i,Neutral,0.6539
Peer Music,J0QRGC_peer_music.txt,"kind of didn't like some of the other songs that like the other participants liked, but yeah.","some, the other songs, that, the other participants",Negative,0.5674
Peer Music,J0QRGC_peer_music.txt,"I kind of thought that there would be a wider range of genres, like from other people.","i, a wider range, genres, other people",Neutral,0.8264
Peer Music,J0QRGC_peer_music.txt,"I think for like listening to other people's songs, I kind of just like listening to it, I kind of just tried to like enjoy it and see if I recognized the song and if I liked it and thought it was like relatable.","i, other people's songs, i, it, i, it, i, the song, i, it, it",Positive,0.7845
Peer Music,J0QRGC_peer_music.txt,And most of the time it wasn't.,"the time, it",Neutral,0.5738
Peer Music,J0QRGC_peer_music.txt,"And I was also kind of just thinking like how similar they are to other songs that I like

I feel like some of the songs that I listen to or that I like, I know that most other people probably won't like them or it just sounds weird to them.","i, they, other songs, that, i, i, some, the songs, that, i, i, i, most other people, them, it, them",Neutral,0.49
Peer Music,J0QRGC_peer_music.txt,But I still liked listening to those songs.,"i, those songs",Positive,0.7874
Peer Music,382LOS_peer_music.txt,"From the ones that I heard, they weren't my, I wouldn't say they weren't my kind of taste.","the ones, that, i, they, my, i, they, my kind, taste",Neutral,0.6627
Peer Music,382LOS_peer_music.txt,"I did, find myself trying to enjoy the music.","i, myself, the music",Positive,0.8045
Peer Music,382LOS_peer_music.txt,"I didn't find myself, trying to judge the other person for it.","i, myself, the other person, it",Negative,0.5054
Peer Music,382LOS_peer_music.txt,"More of like, okay, this is one of your favorite songs.","this, your favorite songs",Positive,0.9263
Peer Music,382LOS_peer_music.txt,I'll try to understand why.,i,Neutral,0.8047
Peer Music,382LOS_peer_music.txt,"And, you know, there was like 1 Taylor Swift song that I reckoned.","you, 1 taylor swift song, that, i",Neutral,0.797
Peer Music,382LOS_peer_music.txt,that I didn't recognize.,i,Neutral,0.4811
Peer Music,382LOS_peer_music.txt,I just knew her voice.,"i, her voice",Neutral,0.7015
Peer Music,382LOS_peer_music.txt,"Like, okay, I don't like Taylor Swift personally, but I saw myself trying to understand why this person would like this song.","i, taylor swift, i, myself, this person, this song",Negative,0.5166
Peer Music,382LOS_peer_music.txt,And the same goes for other songs that I heard that weren't mine.,"other songs, that, i, that",Neutral,0.6668
Peer Music,382LOS_peer_music.txt,"I think I was just trying to listen to the beauty of it, I guess.","i, i, the beauty, it, i",Positive,0.4987
Peer Music,382LOS_peer_music.txt,"Trying to recognize, okay, this is objectively, this is a good song.","this, this, a good song",Positive,0.8691
Peer Music,382LOS_peer_music.txt,I kind of understand this is why somebody would listen to it.,"i, this, somebody, it",Neutral,0.5754
Peer Music,382LOS_peer_music.txt,And I did lack a little bit in paying attention to the lyrics and the meaning out of it.,"i, attention, the lyrics, the meaning, it",Negative,0.6599
Peer Music,382LOS_peer_music.txt,But I definitely found myself a lot more just trying to find the feeling that the song might give somebody.,"i, myself, the feeling, the song, somebody",Positive,0.5174
Peer Music,382LOS_peer_music.txt,And hopefully that would be like the reason why they like that song so much.,"that, the reason, they, that song",Positive,0.8517
Peer Music,382LOS_peer_music.txt,"Yeah, it was more about just like the feeling","it, the feeling",Neutral,0.722
Peer Music,382LOS_peer_music.txt,and I guess the aesthetic of the song rather than the actual meaning behind it that I focused more on.,"i, the aesthetic, the song, the actual meaning, it, i",Neutral,0.6394
Peer Music,9772KI_peer_music.txt,I didn't know either of the like other people's like answers that they had submitted that were played.,"i, the like other people, answers, that, they, that",Negative,0.4919
Peer Music,9772KI_peer_music.txt,So I liked those too.,"i, those",Positive,0.8805
Peer Music,9772KI_peer_music.txt,"And for the other peoples, I kind of like wondered if they would be like songs that I knew and both of them weren't.","the other peoples, i, they, songs, that, i, both, them",Neutral,0.6999
Peer Music,9772KI_peer_music.txt,So that was interesting to like open up to.,that,Positive,0.9577
Peer Music,6R5ITB_peer_music.txt,I thought that was kind of fun.,"i, that, kind of fun",Positive,0.9555
Peer Music,6R5ITB_peer_music.txt,It was kind of fun to just like listen to other people's music and my music.,"it, kind of fun, other people's music, my music",Positive,0.9627
Peer Music,6R5ITB_peer_music.txt,I thought they were good.,"i, they",Positive,0.8585
Peer Music,6R5ITB_peer_music.txt,"I hadn't heard any of them before, which I was a little bit surprised, but also not surprised by.","i, any, them, i",Neutral,0.5964
Peer Music,6R5ITB_peer_music.txt,I feel like there's just so much music out there.,"i, just so much music",Positive,0.8136
Peer Music,6R5ITB_peer_music.txt,I didn't really expect to know them.,"i, them",Negative,0.5331
Peer Music,6R5ITB_peer_music.txt,Sure.,No clear aspect,Neutral,0.4753
Peer Music,6R5ITB_peer_music.txt,But I thought they were good.,"i, they",Positive,0.7401
Peer Music,6R5ITB_peer_music.txt,"I feel like they were just maybe a little bit different than the music that I listened to, but it was still fun.","i, they, the music, that, i, it",Positive,0.8327
Peer Music,6R5ITB_peer_music.txt,"Like I could kind of see where, like why someone would have this as their favorite song or like why they would have it as their, like a upbeat song.","i, someone, this, their favorite song, they, it, their, a upbeat song",Neutral,0.6879
Peer Music,6R5ITB_peer_music.txt,"And then for other people's, music.","other people's, music",Neutral,0.8207
Peer Music,6R5ITB_peer_music.txt,I don't know if I had any expectations.,"i, i, any expectations",Negative,0.5029
Peer Music,6R5ITB_peer_music.txt,I was kind of just excited to see what other people put.,"i, what, other people",Positive,0.9464
Peer Music,6R5ITB_peer_music.txt,I was kind of cool to see like where they were from.,"i, they",Positive,0.9316
Peer Music,6R5ITB_peer_music.txt,There was this one song that was a little bit more country-esque.,"this one song, that",Neutral,0.6998
Peer Music,6R5ITB_peer_music.txt,"And I was like, yeah, this checks out.","i, this",Positive,0.7574
Peer Music,6R5ITB_peer_music.txt,"I liked when, this is gonna sound silly, but I feel like I could like kind of like make up their personality, even though I couldn't like see them based on the song.","i, this, i, i, their personality, i, them, the song",Positive,0.7912
Peer Music,6R5ITB_peer_music.txt,"Just because I feel like certain types of music kind of have certain personalities of not always, but so I was kind of like imagining like, what that person is like in my head.","i, certain types, music, certain personalities, i, what, that person, my head",Neutral,0.8397
Peer Music,62U759_peer_music.txt,I think that it's... kind of a big honor to listen to somebody else's favorite song or something like that.,"i, it, kind of a big honor, somebody else's favorite song, something, that",Positive,0.9656
Peer Music,62U759_peer_music.txt,So I definitely felt like a certain level of responsibility to pay attention.,"i, a certain level, responsibility, attention",Neutral,0.715
Peer Music,62U759_peer_music.txt,"And that's sort of the, like when you mentioned talking about like thinking about connection, like that's what I was thinking about, like the respect of like giving somebody's favorite thing the attention that it deserves.","that, sort of the, you, connection, that, what, i, the respect, somebody's favorite thing, the attention, that, it",Neutral,0.6425
Peer Music,62U759_peer_music.txt,"I think especially with songs, they're is a lot of meaning behind it and who showed you that song for the first time.","i, songs, they, a lot, meaning, it, who, you, that song, the first time",Neutral,0.7021
Peer Music,62U759_peer_music.txt,Like you'll always have certain memories associated with a song and like who you have shared it with.,"you, certain memories, a song, who, you, it",Neutral,0.7378
Peer Music,62U759_peer_music.txt,So I think that it sort of gives you a view of a person and their experience without them necessarily telling you.,"i, it, you, a view, a person, their experience, them, you",Neutral,0.8466
Peer Music,62U759_peer_music.txt,"And like with these being complete strangers where I couldn't see their faces, like I was like, oh, maybe they have some sort of connection to this in their personal life and that deserves a certain level of empathy and respect.","these, complete strangers, i, their faces, i, they, some sort, connection, this, their personal life, that, a certain level, empathy, respect",Neutral,0.6607
Peer Music,62U759_peer_music.txt,"I mean, sharing anything, like sharing your favorite food with somebody.","i, anything, your favorite food, somebody",Neutral,0.5855
Peer Music,62U759_peer_music.txt,Like it's something that means something to you.,"it, something, that, something, you",Positive,0.5626
Peer Music,62U759_peer_music.txt,And so you want it to mean things to other people.,"you, it, things, other people",Neutral,0.5506
Peer Music,62U759_peer_music.txt,"And that's just heightened with songs and music, I feel like.","that, songs, music, i",Neutral,0.7792
Peer Music,62U759_peer_music.txt,"I think that even though the songs that played that they were saying were their favorite, I had no idea.","i, the songs, that, they, i, no idea",Neutral,0.6065
Peer Music,62U759_peer_music.txt,I had never heard them before.,"i, them",Neutral,0.5846
Peer Music,62U759_peer_music.txt,Like listening to the lyrics and not having any distractions sort of made me focus on the lyrics and that definitely made me feel a certain level of connection.,"the lyrics, any distractions, me, the lyrics, that, me, a certain level, connection",Positive,0.8741
Peer Music,62U759_peer_music.txt,to the people and made me kind of curious to learn more about them.,"the people, me, them",Positive,0.8068
Peer Music,62U759_peer_music.txt,"Like, why is this your favorite?","this, your favorite",Neutral,0.6541
Peer Music,62U759_peer_music.txt,It made me want to ask them questions.,"it, me, them, questions",Positive,0.5089
Peer Music,1JVZTM_peer_music.txt,"They weren't like a genre that I would like pick to listen to, but I like probably wouldn't skip them if they were like in a playlist.","they, a genre, that, i, i, them, they, a playlist",Neutral,0.608
Peer Music,1JVZTM_peer_music.txt,So.,No clear aspect,Neutral,0.617
Peer Music,IQLWA6_peer_music.txt,People had really good songs.,"people, really good songs",Positive,0.9377
Peer Music,IQLWA6_peer_music.txt,I liked the participants' songs more than the computer suggestions.,"i, the participants' songs, the computer suggestions",Positive,0.9295
Peer Music,IQLWA6_peer_music.txt,"But when it was like someone else's like, I don't know, it's just something to it.","it, someone, i, it, something, it",Neutral,0.7242
Peer Music,IQLWA6_peer_music.txt,"But I was like, oh, I want to know this song like outside of here.","i, i, this song",Neutral,0.5134
Peer Music,IQLWA6_peer_music.txt,"the other participants' songs were like actually, you felt differently about those.","the other participants' songs, you, those",Neutral,0.8526
Peer Music,IQLWA6_peer_music.txt,"when I listen to like, the ones that like, this is another participant song.","i, that, this, another participant song",Neutral,0.6684
Peer Music,IQLWA6_peer_music.txt,I try to like picture what they're like.,"i, picture, what, they",Neutral,0.649
Peer Music,IQLWA6_peer_music.txt,"And especially if I did like the song, I'd be like, you sound like a really chill person.","i, the song, i, you, a really chill person",Positive,0.7271
Peer Music,IQLWA6_peer_music.txt,"I was like, I want to be friends.","i, i, friends",Positive,0.6041
Peer Music,IQLWA6_peer_music.txt,"Because I think when even like with the participant song, like in the beginning, like I was like really focused on like, oh, like what is this?","i, the participant song, the beginning, i, what, this",Neutral,0.7552
Peer Music,IQLWA6_peer_music.txt,And then like they keep me engaged until the end,"they, me, the end",Neutral,0.782
Peer Music,IQLWA6_peer_music.txt,"and then I'd be like, oh, that's a good song.","i, that, a good song",Positive,0.9217
Peer Music,QNJQ2F_peer_music.txt,It was okay.,it,Positive,0.8193
Peer Music,QNJQ2F_peer_music.txt,It wasn't like my thing really.,"it, my thing",Negative,0.4793
Peer Music,QNJQ2F_peer_music.txt,"But I mean, some of it was similar to what I would listen to.","i, some, it, what, i",Neutral,0.7282
Peer Music,W5T7LB_peer_music.txt,It was fun when like there was other people in the room and it said that it was someone else's favorite song," it, other people, the room, it, it, someone, else's favorite song",Positive,0.9343
Peer Music,W5T7LB_peer_music.txt,"and then I could kind of like I was kind of like guessing like where they were maybe, or when it was my favorite song and being like, do they think it's like me?

it was definitely more enjoyable when it was like, when I could see other people were listening as well","i, i, they, it, my favorite song, they, it, me, it, it, i, other people",Positive,0.9233
Peer Music,W5T7LB_peer_music.txt,"And then like the other participants, a couple of them I liked, and some of them I didn't, I wouldn't like gravitate towards.","the other participants, a couple, them, i, some, them, i, i, gravitate",Neutral,0.5269
Peer Music,W5T7LB_peer_music.txt,"But like I could recognize like artists in some of them, which was cool, but I didn't recognize like, I don't think any of the songs I, other than my own were ones that I like actually recognized.","i, artists, some, them, which, i, i, any, the songs, i, ones, that, i",Neutral,0.5539
Peer Music,V1B21E_peer_music.txt,"But I did like the songs from the other participants, like the very varying genres.","i, the songs, the other participants, the very varying genres",Positive,0.8947
Peer Music,V1B21E_peer_music.txt,"The first one I heard was exactly the genres that I listened to, but the last one I heard was very much not.","the first one, i, exactly the genres, that, i, the last one, i",Neutral,0.4717
Peer Music,V1B21E_peer_music.txt,"It was more like Wrap in production and whatnot, but it had a bunch of orchestral elements in it, which was really cool.","it, wrap, production, it, a bunch, orchestral elements, it, which",Positive,0.9772
Peer Music,V1B21E_peer_music.txt,"Yeah, there's always at least like one part in every song from another participant that I'm like,","one part, every song, another participant, that, i",Neutral,0.7031
Peer Music,V1B21E_peer_music.txt,"oh yeah, that was actually a really good part","that, a really good part",Positive,0.9849
Peer Music,V1B21E_peer_music.txt,and it'd be worth listening to the song again to hear it again.,"it, the song, it",Positive,0.9297
Peer Music,V1B21E_peer_music.txt,"I wish I could like provide context to them because two of them, it was like your personal favorite song.","i, i, context, them, them, it, your personal favorite song",Positive,0.491
Peer Music,V1B21E_peer_music.txt,"And I was like, under very certain circumstances, Are those like my very personal favorite songs?","i, very certain circumstances, those, my very personal favorite songs",Neutral,0.6315
Peer Music,V1B21E_peer_music.txt,"Because they're from like olden times, is like how I describe them.","they, olden times, i, them",Neutral,0.7942
Peer Music,V1B21E_peer_music.txt,Because I just listen to music through like weekly obsessions.,"i, music, weekly obsessions",Neutral,0.6505
Peer Music,V1B21E_peer_music.txt,"So like my personal favorite song is not the ones that were up there, but obviously that's why I picked those because like they last kind of through the obsessions.","my personal favorite song, the ones, that, that, i, those, they, the obsessions",Positive,0.6711
Peer Music,V1B21E_peer_music.txt,"But yeah, I wish I could like explain why or how I ended up with them.","i, i, i, them",Neutral,0.5455
Peer Music,PUN5JW_peer_music.txt,Yeah.,No clear aspect,Neutral,0.5491
Peer Music,PUN5JW_peer_music.txt,I really liked one person's song that was like somebody's in the session.,"i, one person's song, that, somebody, the session",Positive,0.9485
Peer Music,VD1PLG_peer_music.txt,"Some, like I think like a lot of like the personal songs, like not the like fun ones, are just different.","some, i, a lot, the personal songs, not the like fun ones",Neutral,0.6714
Peer Music,VD1PLG_peer_music.txt,Like they're not for me.,"they, me",Negative,0.725
Peer Music,VD1PLG_peer_music.txt,I just don't think like I relate to it.,"i, i, it",Negative,0.896
Peer Music,VD1PLG_peer_music.txt,"One of the songs, I only see like, remember when it was like moonlight themed?","the songs, i, it, moonlight",Neutral,0.8586
Peer Music,VD1PLG_peer_music.txt,It was like by a guy.,"it, a guy",Neutral,0.7403
Peer Music,VD1PLG_peer_music.txt,"But I was like, this means something to someone.","i, this, something, someone",Neutral,0.5201
Peer Music,VD1PLG_peer_music.txt,"So I'm like, I was like, for a second I was like, I wonder how they think of my songs.","i, i, i, i, they, my songs",Neutral,0.838
Peer Music,VD1PLG_peer_music.txt,I don't think I count like songs like that as my favorite because I don't emotionally relate to them.,"i, i, songs, that, i, them",Negative,0.7499
Peer Music,VD1PLG_peer_music.txt,"I'm like, I feel like a lot of them are like from the perspective of a man to begin with.","i, i, a lot, them, the perspective, a man",Neutral,0.6556
Peer Music,IAFS52_peer_music.txt,They were a lot more similar to my music tastes than they thought they would be.,"they, my music, they, they",Positive,0.6955
Peer Music,IAFS52_peer_music.txt,That kind of like shocked me.,"that kind, me",Negative,0.8505
Peer Music,IAFS52_peer_music.txt,"the other people's songs that they had, that you heard, you felt like you were able to relate to those a little bit more. 

or at least it felt like I'm connecting to someone even though I do not know them.","that, they, you, you, you, those, it, i, someone, i, them",Positive,0.699
Peer Music,Y1I6D6_peer_music.txt,"They're all just kind of like not very great songs, I don't think.","they, not very great songs, i",Negative,0.9069
Peer Music,Y1I6D6_peer_music.txt,One sounded like it was from a musical,it,Neutral,0.7027
Peer Music,Y1I6D6_peer_music.txt,and I didn't really like that.,"i, that",Negative,0.8423
Peer Music,Y1I6D6_peer_music.txt,Another one was very repetitive.,another one,Negative,0.9336
Peer Music,Y1I6D6_peer_music.txt,And then they were just all kind of sad.,they,Negative,0.9163
Peer Music,Y1I6D6_peer_music.txt,"And I was like, I don't know.","i, i",Neutral,0.6151
Peer Music,Y1I6D6_peer_music.txt,I don't like this music right now.,"i, this music",Negative,0.9765
Peer Music,Y1I6D6_peer_music.txt,But the rest of them I was kind of like... this is garbage.,"the rest, them, i, this, garbage",Negative,0.9361
Peer Music,Y1I6D6_peer_music.txt,This is hot garbage.,"this, hot garbage",Negative,0.9625
Peer Music,Y1I6D6_peer_music.txt,Yeah.,No clear aspect,Neutral,0.5491
Peer Music,Y1I6D6_peer_music.txt,A whole bunch of hot garbage.,"a whole bunch, hot garbage",Negative,0.9695
Peer Music,P7WEZC_peer_music.txt,"But then when I saw this is a computer [suggested] song that's recommended for you, I was just like, “OK, cool.”","i, this, a computer, song, that, you, i",Positive,0.8029
Peer Music,P7WEZC_peer_music.txt,"I like this too, but it's not the same because it's not somebody else recommending this for you.","i, this, it, it, somebody, this, you",Neutral,0.5351
Peer Music,JAC6MU_peer_music.txt,I don't think I heard enough of it.,"i, i, it",Negative,0.698
Peer Music,JAC6MU_peer_music.txt,I guess the study should have just been longer.,"i, the study",Neutral,0.6073
Peer Music,JAC6MU_peer_music.txt,That's what I thought.,"that, what, i",Neutral,0.8091
Peer Music,JAC6MU_peer_music.txt,Because I only heard two other people's songs.,"i, two other people's songs",Neutral,0.5203
Peer Music,JAC6MU_peer_music.txt,Okay.,No clear aspect,Neutral,0.5844
Peer Music,JAC6MU_peer_music.txt,And they were okay.,they,Positive,0.71
Peer Music,JAC6MU_peer_music.txt,They're fine.,they,Positive,0.63
Peer Music,JAC6MU_peer_music.txt,I don't know.,i,Neutral,0.5667
Peer Music,JAC6MU_peer_music.txt,I didn't have a strong reaction to either of them.,"i, a strong reaction, either, them",Negative,0.5487
Peer Music,JAC6MU_peer_music.txt,"But the two, like from other people, actually one of them I really liked.","other people, them, i",Positive,0.9312
Peer Music,JAC6MU_peer_music.txt,One of them I was a big fan of.,"them, i, a big fan",Positive,0.7883
Peer Music,JAC6MU_peer_music.txt,"But with the other people, it's like, okay, I'll hear you out.","the other people, it, i, you",Neutral,0.7481
Peer Music,L0CULX_peer_music.txt,I don't know.,i,Neutral,0.5667
Peer Music,L0CULX_peer_music.txt,"I was like, I guess I was kind of eager to like maybe think what another participant thought of what my music was.","i, i, i, what, what, my music",Neutral,0.5475
Peer Music,L0CULX_peer_music.txt,"There were some, I don't know, like there were two very, like one computer selected one was very electronic.","some, i, one computer",Neutral,0.8285
Peer Music,L0CULX_peer_music.txt,"And then some, one other, the last one I heard was like that.","some, the last one, i, that",Neutral,0.8095
Peer Music,L0CULX_peer_music.txt,"And then the one other one was more indie, I would think.","the one other one, i",Neutral,0.8464
Peer Music,L0CULX_peer_music.txt,But I kind of enjoyed them all.,"i, them, all",Positive,0.9393
Peer Music,L0CULX_peer_music.txt,"The one that the person suggested one was, more, it was like unique, I guess.","the one, that, the person, it, i",Neutral,0.7416
Peer Music,L0CULX_peer_music.txt,Like the sounded like the guy had a lisp in the song and the way I felt like the song was written was more unique than like the computer one.,"the guy, a lisp, the song, the way, i, the song, the computer",Neutral,0.607
Peer Music,L0CULX_peer_music.txt,"guess I connected more because I was thinking about lyrics and thinking about, like that was another thing for other people's things as well.","i, i, lyrics, that, another thing, other people's things",Positive,0.813
Peer Music,L0CULX_peer_music.txt,"I was thinking about their, like what their lyrics were and like maybe if they chose it off that.","i, their, what, their lyrics, they, it, that",Neutral,0.9012
Peer Music,L0CULX_peer_music.txt,I don't know.,i,Neutral,0.5667
Peer Music,2MDJD4_peer_music.txt,especially the part where it was like you were listening to other people's like chosen songs and stuff that like meant something to them.,"especially the part, it, you, other people's like chosen songs, stuff, that, something, them",Neutral,0.5279
Peer Music,2MDJD4_peer_music.txt,I thought that was kind of cool.,"i, that",Positive,0.9729
Peer Music,2MDJD4_peer_music.txt,"It was kind of like, it was kind of cool.","it, it",Positive,0.9581
Peer Music,2MDJD4_peer_music.txt,knowing that you were listening to other people.,"you, other people",Neutral,0.8285
Peer Music,2MDJD4_peer_music.txt,"It's also kind of cool too, because you can't help but wonder, especially when it's like a personal song or whatever, it's just like, oh, they're like a personal connection song or whatever it was or their favorite song.","it, you, it, a personal song, whatever, it, they, a personal connection song, whatever, it, their favorite song",Positive,0.9394
Peer Music,V47GRV_peer_music.txt,"I mean, obviously less engaging because I don't know them, but I mean, they weren't bad.","i, i, them, i, they",Neutral,0.5053
Peer Music,V47GRV_peer_music.txt,I expected the other people's favorite songs to be a more diverse set of genres.,"i, the other people's favorite songs, a more diverse set, genres",Neutral,0.6688
Peer Music,V47GRV_peer_music.txt,It's kind of cool because in a way you kind of feel like you're sharing.,"it, a way, you, you",Positive,0.966
Peer Music,V47GRV_peer_music.txt,Like when it's my song,"it, my song",Neutral,0.6155
Peer Music,V47GRV_peer_music.txt,"and it's other people, you kind of feel like you're sharing it and you're kind of glad that the other people get to hear it.","it, other people, you, you, it, you, the other people, it",Positive,0.86
Peer Music,V47GRV_peer_music.txt,But yeah.,No clear aspect,Neutral,0.6504
Computer Music,L0CULX_computer_music.txt,"So one of the like more indie songs that the computer suggested, I don't know, I would like categorize that one and the person's chosen one as like pretty similar sounding.","the like more indie songs, that, the computer, i, i, the person, pretty similar sounding",Positive,0.6029
Computer Music,L0CULX_computer_music.txt,It wouldn't be something I would personally listen to all that much.,"it, something, i",Negative,0.5932
Computer Music,L0CULX_computer_music.txt,"but I did, I felt like their themes were quite similar.","i, i, their themes",Positive,0.8303
Computer Music,L0CULX_computer_music.txt,I felt like the computer one had more of that like classic like drums,"i, the computer, that, drums",Neutral,0.7741
Computer Music,L0CULX_computer_music.txt,"and then it's like had like its verse, its melody and then chorus","it, its verse, its melody, then chorus",Neutral,0.8255
Computer Music,PUN5JW_computer_music.txt,"And then, yeah, I also liked one song from the computer generated.","i, one song, the computer",Positive,0.871
Computer Music,OA8J4N_computer_music.txt,"With the computer, I was just like, well, the computer doesn't have any feelings or any like.","the computer, i, the computer, any feelings",Neutral,0.4854
Computer Music,OA8J4N_computer_music.txt,"So it's kind of like, I was thinking about when my Apple Music like randomly suggests a song in there.","it, i, my apple music, a song",Neutral,0.637
Computer Music,OA8J4N_computer_music.txt,"It's like, okay, you're just looking at kind of what I listen to and picking something based on that.","it, you, what, i, something, that",Neutral,0.8206
Computer Music,OA8J4N_computer_music.txt,So.,No clear aspect,Neutral,0.617
Computer Music,XWM6DC_computer_music.txt,"The first computer algorithm song which I don't know the title, they don't tell you the titles, of course, felt, I don't know, I guess similar to maybe things I've already heard, the kind of stuff that I, you know, maybe it was drawing on one of my suggestions or something, I don't know.","which, i, the title, they, you, the titles, course, i, i, maybe things, i, the kind, stuff, that, i, you, it, my suggestions, something, i",Neutral,0.7702
Computer Music,XWM6DC_computer_music.txt,I've already forgotten half of them.,"i, half, them",Negative,0.54
Computer Music,XWM6DC_computer_music.txt,"Fine to good in general, I suppose.",i,Positive,0.694
Computer Music,XWM6DC_computer_music.txt,"Like, I mean, they were songs.","i, they, songs",Neutral,0.7699
Computer Music,XWM6DC_computer_music.txt,I hadn't heard any of them before.,"i, any, them",Neutral,0.6861
Computer Music,WOGMXV_computer_music.txt,I thought it was interesting when I was like listening to the computer algorithm songs.,"i, it, i, the computer algorithm songs",Positive,0.9253
Computer Music,WOGMXV_computer_music.txt,"Whereas with the computer songs, it was very much like, oh, this was just suggested by technology as opposed to like a real human being.","the computer songs, it, this, technology, a real human being",Neutral,0.4862
Computer Music,Q71QCH_computer_music.txt,"The computer generated, or the computer gave a song that was also horrible, but that's just because I don't like I don't think I liked that guy's voice for the last song that I listened to.","the computer, the computer, a song, that, that, i, i, i, that guy's voice, the last song, that, i",Negative,0.9649
Computer Music,Q71QCH_computer_music.txt,"And had that been somebody's favorite, I would have offered them less because I didn't, I wouldn't have wanted to give them anything for that one.","that, i, them, i, i, them, anything",Negative,0.593
Computer Music,Q71QCH_computer_music.txt,And so it played a clip from the song that the computer suggested.,"it, a clip, the song, that, the computer",Neutral,0.8284
Computer Music,Q71QCH_computer_music.txt,"And I was already kind of thinking, like, what is that?","i, what, that",Neutral,0.7347
Computer Music,Q71QCH_computer_music.txt,"Like, it was kind of interesting because nobody says San Anton.","it, nobody, san anton",Positive,0.8658
Computer Music,Q71QCH_computer_music.txt,that I don't know if I trust a computer most often to really get the genre that I like based off of like only like 8 songs or however many I like input that were country and not metal.,"i, i, a computer, the genre, that, i, 8 songs, i, input, that, country, not metal",Neutral,0.6709
Computer Music,Q71QCH_computer_music.txt,"So I was probably actually a little skeptical going, like thinking about it.","i, a little skeptical going, it",Neutral,0.4851
Computer Music,Q71QCH_computer_music.txt,"Like I could, I feel like I'm skeptical when it comes to anybody suggesting any, like, music based off of what they think I like.","i, i, i, it, anybody, any, like, music, what, they, i",Negative,0.589
Computer Music,Q71QCH_computer_music.txt,Because they don't know usually what I like about most of the music I listen to.,"they, what, i, the music, i",Neutral,0.6387
Computer Music,Q71QCH_computer_music.txt,So.,No clear aspect,Neutral,0.617
Computer Music,X6YZK0_computer_music.txt,"Honestly, I didn't enjoy them all that much.","i, them",Negative,0.8944
Computer Music,X6YZK0_computer_music.txt,"I don't know if it was, I felt like the genre that they were picking was like mainly pop","i, it, i, the genre, that, they",Neutral,0.776
Computer Music,X6YZK0_computer_music.txt,"and I don't like, I'm not like solely pop.","i, i",Negative,0.8981
Computer Music,X6YZK0_computer_music.txt,"I definitely still try to listen to it, but definitely not as hard.","i, it",Positive,0.6851
Computer Music,X6YZK0_computer_music.txt,"I was like, a computer picked this.","i, a computer, this",Neutral,0.5698
Computer Music,X6YZK0_computer_music.txt,"I was like, who cares?","i, who",Neutral,0.4926
Computer Music,X6YZK0_computer_music.txt,"I was like, I'm not going to hurt a computer's feelings","i, i, a computer's feelings",Neutral,0.5171
Computer Music,V47GRV_computer_music.txt,"The computer songs sounded pretty much how I thought they would, because I figured it would be pretty similar to what I had submitted.","the computer songs, i, they, i, it, what, i",Positive,0.6679
Computer Music,X1QQ4F_computer_music.txt,"I thought the algorithm was, I don't want to say tender","i, the algorithm, i, tender",Negative,0.4891
Computer Music,X1QQ4F_computer_music.txt,"[catered?] to what I kind of like, but in a sense it almost felt like it.","what, i, a sense, it, it",Neutral,0.6954
Computer Music,6R5ITB_computer_music.txt,I also hadn't heard those songs before.,"i, those songs",Neutral,0.6602
Computer Music,6R5ITB_computer_music.txt,I thought that they were good.,"i, they",Positive,0.8771
Computer Music,6R5ITB_computer_music.txt,"They didn't have, I think, as much like emotional connection as I thought like my songs are like the participants' songs.","they, i, emotional connection, i, my songs, the participants' songs",Neutral,0.6022
Computer Music,6R5ITB_computer_music.txt,"Whereas the computer recommended ones were like, they were good, but not the same.","the computer, ones, they",Neutral,0.5174
Computer Music,6R5ITB_computer_music.txt,"It felt kind of like, it had like a good beat, but there wasn't like a lot of like emotions behind it.","it, it, a good beat, a lot, emotions, it",Neutral,0.5922
Computer Music,6R5ITB_computer_music.txt,"I kind of thought, at least when I think of computer suggestions, I kind of think of like, oh, the top 100s or like, oh, like just kind of, it usually picks, I don't know how like algorithms really work or anything like that.","i, i, computer suggestions, i, oh, the top 100s, it, i, algorithms, that",Neutral,0.5049
Computer Music,6R5ITB_computer_music.txt,But I feel like it usually picks songs that I hear very frequently.,"i, it, songs, that, i",Neutral,0.5873
Computer Music,6R5ITB_computer_music.txt,So I was a little bit surprised to hear songs that I had never heard before.,"i, songs, that, i",Neutral,0.5558
Computer Music,IQLWA6_computer_music.txt,"the last one I got was a computer suggestion and it kind of bored me

I think the computer suggestion was just so, I don't know.","the last one, i, a computer suggestion, it, me, i, the computer suggestion, i",Negative,0.7954
Computer Music,IQLWA6_computer_music.txt,"It felt like it was trying to find something that like people would like because it's a beat, but like, maybe someone out there does like those songs, but like for me, like they didn't really like give me anything.","it, it, something, that, people, it, a beat, someone, those songs, me, they, me, anything",Neutral,0.6555
Computer Music,IQLWA6_computer_music.txt,"Like it was just like a really like, I don't know how to explain that kind of beat.","it, i, that kind, beat",Neutral,0.5383
Computer Music,IQLWA6_computer_music.txt,"But the computer ones, like I'd get the first beats of it","but the computer ones, i, the first beats, it",Neutral,0.687
Computer Music,IQLWA6_computer_music.txt,"and it's like halfway through, I'd be like, oh, like it's, I felt like the song was repetitive.","it, i, it, i, the song",Negative,0.6984
Computer Music,IQLWA6_computer_music.txt,"And I was like, I'm not feeling that anymore.","i, i, that",Negative,0.8764
Computer Music,OSF8B7_computer_music.txt,It was someone else's favorite.,"it, someone",Neutral,0.5121
Computer Music,OSF8B7_computer_music.txt,I didn't like either of the computer generated ones very much.,"i, the computer generated ones",Negative,0.9575
Computer Music,OSF8B7_computer_music.txt,"And then the other computer generated one, it kind of sounded like the king of swing, but if the king of swing wasn't as good.","the other computer, it, the king, swing, the king, swing",Neutral,0.6568
Computer Music,OSF8B7_computer_music.txt,"Okay, gotcha.","okay, gotcha",Neutral,0.6077
Computer Music,OSF8B7_computer_music.txt,Like a bad ripoff of that song.,"a bad ripoff, that song",Negative,0.7521
Computer Music,V1B21E_computer_music.txt,computer suggested song and that was just kind of sad because I felt like a waste of an opportunity.,"computer, song, that, i, a waste, an opportunity",Negative,0.9669
Computer Music,V1B21E_computer_music.txt,The computer suggested songs made sense given the other songs that I had heard.,"the computer, songs, sense, the other songs, that, i",Positive,0.5057
Computer Music,V1B21E_computer_music.txt,"They were kind of just like, here's a guitar and people singing.","they, a guitar, people",Neutral,0.7709
Computer Music,V1B21E_computer_music.txt,"So I was like, it makes sense, but it wasn't as good as the other songs.","i, it, sense, it, the other songs",Negative,0.7225
Computer Music,V1B21E_computer_music.txt,But like the other spectrum of the genre where like I don't really listen to that side of it that much.,"the other spectrum, the genre, i, that side, it",Neutral,0.4949
Computer Music,V1B21E_computer_music.txt,"So I don't know how to really describe that, just as not quite the same.","i, that",Negative,0.8073
Computer Music,V1B21E_computer_music.txt,"the genre overhaul I think would be kind of described as like folk, but that one led more into I don't know if I would describe it as like Country Sorrow, but I don't remember if it was actually like a happy or sad song, but it had more of that like, you would hear it on the radio and it would just kind of be on.","the genre overhaul, i, folk, that one, i, i, it, country sorrow, i, it, a happy or sad song, it, that, you, it, the radio, it",Neutral,0.7071
Computer Music,V1B21E_computer_music.txt,Yeah.,No clear aspect,Neutral,0.5491
Computer Music,V1B21E_computer_music.txt,I don't really know.,i,Neutral,0.6497
Computer Music,V1B21E_computer_music.txt,"Okay, yeah.",No clear aspect,Neutral,0.6096
Computer Music,V1B21E_computer_music.txt,A lot less involved in like musically diverse.,No clear aspect,Neutral,0.5959
Computer Music,V1B21E_computer_music.txt,"It was more generic, I suppose.","it, i",Neutral,0.5549
Computer Music,V1B21E_computer_music.txt,"But with the computer ones, it was kind of just like the passing by tune.","the computer ones, it, the passing, tune",Neutral,0.8264
Computer Music,V1B21E_computer_music.txt,Like I would never go listen to it again forcefully.,"i, it",Negative,0.9299
Computer Music,NX3IYL_computer_music.txt,"All right,",No clear aspect,Neutral,0.5122
Computer Music,NX3IYL_computer_music.txt,yeah.,No clear aspect,Neutral,0.5112
Computer Music,NX3IYL_computer_music.txt,"Because like the second one, I feel like matched kind of close, but the first one, I was very curious as to how that one got recommended.","i, i",Neutral,0.7579
Computer Music,NX3IYL_computer_music.txt,But I liked it more than I'd expected when I first heard it.,"i, it, i, i, it",Positive,0.9524
Computer Music,NX3IYL_computer_music.txt,The one that I didn't really like.,"the one, that, i",Negative,0.7917
Computer Music,NX3IYL_computer_music.txt,Yeah.,No clear aspect,Neutral,0.5491
Computer Music,NX3IYL_computer_music.txt,"I definitely didn't, I approached the computer algorithm ones expecting to like them more than the others.","i, i, the computer algorithm ones, them, the others",Neutral,0.6017
Computer Music,NX3IYL_computer_music.txt,But I'd say it was kind of a mixed bag.,"i, it, kind of a mixed bag",Neutral,0.5404
Computer Music,NX3IYL_computer_music.txt,I'd say that the method of the new song coming to me didn't really have much influence on how much I liked it.,"i, the method, the new song, me, much influence, i, it",Neutral,0.5851
Computer Music,2KDZ22_computer_music.txt,"Whereas with the algorithm ones it was like, I didn't really give it much thought while I was listening to it if I didn't like it, so I just kind of reflected that in the ratings.","the algorithm ones, it, i, it, much thought, i, it, i, it, i, the ratings",Neutral,0.6197
Computer Music,1JVZTM_computer_music.txt,"A lot of the lyrics seem to be like less like meaningful, I guess.","a lot, the lyrics, i",Negative,0.7138
Computer Music,IF5UTV_computer_music.txt,the computer suggested things were absolute ****.,"the computer, things, *",Negative,0.9012
Computer Music,IF5UTV_computer_music.txt,Like I expected it to be kind of like same artists or like same like era.,"i, it, same artists, era",Neutral,0.7607
Computer Music,IF5UTV_computer_music.txt,And I had never heard any of the other songs before.,"i, any, the other songs",Neutral,0.6517
Computer Music,IF5UTV_computer_music.txt,And I really did not like them.,"i, them",Negative,0.9558
Computer Music,IF5UTV_computer_music.txt,"Like the, I couldn't really tell what genre they were.","the, i, what genre, they",Neutral,0.6565
Computer Music,IF5UTV_computer_music.txt,"Like it almost seemed like hip hop, but not like old school hip hop, but it seemed like very Lin-Manuel Miranda.","it, hip hop, old school hip hop, it, very lin-manuel miranda",Neutral,0.6601
Computer Music,IF5UTV_computer_music.txt,"And I was like really caught off guard because I'm like, why does this kind of sound like if Lin-Manuel Miranda like pursued a hip hop career?","i, guard, i, this kind, sound, lin-manuel miranda, a hip hop career",Neutral,0.4895
Computer Music,IF5UTV_computer_music.txt,"Like, it was just like confusing and not my style.","it, not my style",Negative,0.8688
Computer Music,IF5UTV_computer_music.txt,"And I didn't enjoy it, so I wouldn't listen to those songs again.","i, it, i, those songs",Negative,0.9614
Computer Music,IF5UTV_computer_music.txt,"with the computer generated ones, I was also pretty excited.","the computer generated ones, i",Positive,0.9829
Computer Music,IF5UTV_computer_music.txt,And my expectations were that it was going to be based off of my music taste.,"my expectations, it, my music taste",Neutral,0.6708
Computer Music,IF5UTV_computer_music.txt,And I like my music taste.,"i, my music taste",Positive,0.8939
Computer Music,IF5UTV_computer_music.txt,"So I was like, here come more songs that I like.","i, more songs, that, i",Positive,0.8381
Computer Music,1ZWUFF_computer_music.txt,I like the computer suggestions.,"i, the computer suggestions",Positive,0.9108
Computer Music,1ZWUFF_computer_music.txt,"Seems to them, they were similar to the music I would listen to.","them, they, the music, i",Neutral,0.6288
Computer Music,1ZWUFF_computer_music.txt,"I feel like it's not as expected because I feel like computer like suggestions, like I don't know how the algorithm works, but I feel like it's kind of more based on like the vibe of the song or like the beat, I guess.","i, it, i, suggestions, i, the algorithm, i, it, the vibe, the song, the beat, i",Neutral,0.6204
Computer Music,JAC6MU_computer_music.txt,"Like I didn't, the two computer songs, I was like, this is bad.","i, i, this",Negative,0.9536
Computer Music,JAC6MU_computer_music.txt,I was not a fan of either of those.,"i, a fan, either, those",Negative,0.9145
Computer Music,JAC6MU_computer_music.txt,"On like a base level, I just didn't like what the computer chose.","a base level, i, what, the computer",Negative,0.9614
Computer Music,JAC6MU_computer_music.txt,"But on like a, I don't know, for your research, I think something I felt was, I did feel informed by like computer algorithm.","a, i, your research, i, something, i, i, computer algorithm",Neutral,0.8397
Computer Music,JAC6MU_computer_music.txt,"Like that instantly made me think, okay, what is this gonna be?","that, me, what, this",Neutral,0.5926
Computer Music,JAC6MU_computer_music.txt,Like I instantly kind of had a bit of a negative bias,"i, a bit, a negative bias",Negative,0.7311
Computer Music,JAC6MU_computer_music.txt,and then I'm instantly like looking for like that type of like similarities or stuff that it's trying to find to the music I would listen to.,"i, that type, similarities, stuff, that, it, the music, i",Neutral,0.7253
Computer Music,JAC6MU_computer_music.txt,"And it instantly feels like I don't know, I already have a predisposition to not like that one.","it, i, i, a predisposition",Negative,0.7513
Computer Music,IOEYMP_computer_music.txt,"I was kind of like, these are good songs.","i, these, good songs",Positive,0.9186
Computer Music,IOEYMP_computer_music.txt,Like I kind of wish other people were here to listen to them with me.,"i, other people, them, me",Neutral,0.6682
Computer Music,IOEYMP_computer_music.txt,"I felt like, I mean, if they were computer generated to like my music taste, I feel like it was a bit inaccurate.","i, i, they, computer, my music taste, i, it",Negative,0.7906
Computer Music,IOEYMP_computer_music.txt,"Like there was one like song in specific where I guess I could see where it was, where it like got like that information from.","song, i, i, it, it, that information",Neutral,0.8915
Computer Music,IOEYMP_computer_music.txt,Because it was like a hip hop artist.,"it, a hip hop artist",Neutral,0.8015
Computer Music,IOEYMP_computer_music.txt,And I listened to like Kendrick and Tyler.,"i, kendrick, tyler",Positive,0.507
Computer Music,IOEYMP_computer_music.txt,"So I guess like I could see where they came from, but I wasn't, it wasn't really my favorite.","i, i, they, i, it",Negative,0.6808
Computer Music,IOEYMP_computer_music.txt,"And the other one, I feel like it wasn't very accurate at all in terms of mine, but maybe the other participants.","i, it, terms, mine, maybe the other participants",Negative,0.7616
Computer Music,J0QRGC_computer_music.txt,I liked them.,"i, them",Positive,0.879
Computer Music,J0QRGC_computer_music.txt,"I think there were like 2, two or three.",i,Neutral,0.865
Computer Music,J0QRGC_computer_music.txt,And One of them I do remember that I liked.,"them, i, i",Positive,0.6838
Computer Music,J0QRGC_computer_music.txt,"They seemed kind of similar to some of the songs that I put on the lists and kind of sort of fit into those genres, but I think one of them kind of sounded like a mix of two genres that I really like.","they, some, the songs, that, i, the lists, those genres, i, them, a mix, two genres, that, i",Positive,0.8582
Computer Music,J0QRGC_computer_music.txt,"for like the computer suggested songs, except I like this more.","the computer, songs, i, this",Positive,0.9128
Computer Music,X8MNUK_computer_music.txt,"And then the computer ones, it kind of reminds me of when Spotify or Apple Music keeps playing and it picks random songs, and like, oh, this is close, but not quite something I want to listen to.","it, me, spotify, apple music, it, random songs, this, not quite something, i",Negative,0.4331
Computer Music,X8MNUK_computer_music.txt,"It would be the right genre, or the right time period, or group of songs I guess that I'd normally listen to.","it, the right genre, the right time period, group, songs, i, i",Neutral,0.6723
Computer Music,X8MNUK_computer_music.txt,But it doesn't have the same feeling behind it.,"it, the same feeling, it",Negative,0.5133
Computer Music,X8MNUK_computer_music.txt,"Like it doesn't have the same kind of artistry-- it's not a bad artistry, it's just a different type than what I would normally pick.","it, the same kind, artistry--, it, a bad artistry, it, just a different type, what, i",Neutral,0.6653
Computer Music,X8MNUK_computer_music.txt,It was definitely the computer-chosen ones that I was a little more “meh” on.,"it, the computer-chosen ones, that, i, a little more “meh",Neutral,0.7045
Computer Music,X8MNUK_computer_music.txt,"For me, just knowing myself, when I hear a song for the first time I usually struggle to connect with it.","me, myself, i, a song, the first time, i, it",Neutral,0.5457
Computer Music,X8MNUK_computer_music.txt,I have to listen to something multiple times to like the song.,"i, something, the song",Neutral,0.6875
Computer Music,X8MNUK_computer_music.txt,I kind of feel like I need to know what's coming to enjoy it more.,"i, i, what, it",Positive,0.5827
Computer Music,X8MNUK_computer_music.txt,"I always struggle with that anyway, but I felt like the computer ones, I wasn't thinking about the person behind it as much, so I wasn't really connecting with it at all.","i, that, i, the computer ones, i, the person, it, i, it",Negative,0.8127
Computer Music,WXA3LM_computer_music.txt,it felt generic also because it was computer generated like suggestion.,"it, it, computer, suggestion",Negative,0.6916
Computer Music,WXA3LM_computer_music.txt,"But I think there wasn't like, because it was like, not only do I not necessarily care about the song, I also don't care about it being someone's favorite or something, like a reason behind it being there other than just the computer outgo?","i, it, i, the song, i, it, a reason, it, just the computer outgo",Negative,0.5115
Computer Music,W5T7LB_computer_music.txt,"For the computer ones, I didn't really like them.","the computer ones, i, them",Negative,0.9106
Computer Music,W5T7LB_computer_music.txt,"Like it was like close though, I was like, I could see how like maybe an algorithm would think that like I would like this if I'm comparing it to like the other songs that I heard from like the other participants and like I could see how it could be like recommended, I guess.","it, i, i, an algorithm, i, this, i, it, the other songs, that, i, the other participants, i, it, i",Neutral,0.7705
Computer Music,W5T7LB_computer_music.txt,"But it was like, something was like off, and it just wasn't something that I like would naturally gravitate towards right now.","it, something, it, something, that, i",Negative,0.6749
Computer Music,W5T7LB_computer_music.txt,"But I kind of also realized during it that like context is really important for me, I like to know like what else the artist does, how long they've been making music, when the song came out, like all those kinds of things kind of play a role in like my enjoyment of a song.","i, it, context, me, i, what, the artist, they, music, the song, all those kinds, things, a role, my enjoyment, a song",Neutral,0.6542
Computer Music,W5T7LB_computer_music.txt,"I really, realized during that.","i, that",Neutral,0.6157
Computer Music,W5T7LB_computer_music.txt,"so maybe if I knew more about the artist or heard other songs by the artist, then I would enjoy those ones more.","i, the artist, other songs, the artist, i, those ones",Positive,0.6763
Computer Music,W5T7LB_computer_music.txt,"But for just listening to it, I wasn't a huge fan of the ones that were like recommended.","it, i, a huge fan, the ones, that",Negative,0.7854
Computer Music,0M3LDX_computer_music.txt,little bit surprised at the computer-selected songs.,the computer-selected songs,Neutral,0.5998
Computer Music,0M3LDX_computer_music.txt,I'm not sure why.,i,Neutral,0.531
Computer Music,0M3LDX_computer_music.txt,"It's just like, they felt very like, I guess relevant and like popular.","it, they, i",Positive,0.7481
Computer Music,0M3LDX_computer_music.txt,I'm not sure what I was expecting.,"i, what, i",Negative,0.6175
Computer Music,0M3LDX_computer_music.txt,"I guess just like, I don't know.","i, i",Neutral,0.5463
Computer Music,0M3LDX_computer_music.txt,It's hard to explain.,it,Negative,0.5752
Computer Music,0M3LDX_computer_music.txt,It just caught me by surprise for some reason.,"it, me, surprise, some reason",Neutral,0.5835
Computer Music,0M3LDX_computer_music.txt,"what was surprising to me was how sort of accurate it was, like what I typically enjoy, which is also similar to what I experience when I get algorithm suggested playlists and whatnot.","what, me, it, what, i, which, what, i, i, algorithm, playlists",Positive,0.7109
Computer Music,0M3LDX_computer_music.txt,With the computer,the computer,Neutral,0.7031
Computer Music,0M3LDX_computer_music.txt,"[suggested] ones, it's like, okay, it's based off of someone's-- I don't know how the algorithm works exactly, so I'm just going off of how I'm guessing it works.","ones, it, it, someone's--, i, the algorithm, i, i, it",Neutral,0.7288
Computer Music,0M3LDX_computer_music.txt,"But the algorithm, it picks songs based off what it thinks the listener will like, which I know, I tend to humanize computers, as a computer science major, a little bit.","it, songs, what, it, the listener, which, i, i, computers, a computer science major, a little bit",Neutral,0.6851
Computer Music,0M3LDX_computer_music.txt,"But the computer ones, it's, connection isn't there.","the computer ones, it, connection",Negative,0.5907
Computer Music,0M3LDX_computer_music.txt,It's just an algorithm spitting out what it thinks is most optimal.,"it, an algorithm, what, it",Neutral,0.7254
Computer Music,V4HSKU_computer_music.txt,"But then when it came to the computer algorithm, I felt myself not wanting to like pay as much attention to the song or not wanting to enjoy it, or like not needing to enjoy it as much because I didn't have any like personal connection to anyone at least that was in the room.","it, the computer algorithm, i, myself, as much attention, the song, it, it, i, any, personal connection, anyone, that, the room",Negative,0.6758
Computer Music,JBNB4U_computer_music.txt,"The first one, I would pass on it, but second one, not bad.","i, it",Positive,0.5524
Computer Music,JBNB4U_computer_music.txt,"It was just like fun how the computer chose this song out of the few songs that I put in there, or you did, or whatever.","it, the computer, this song, the few songs, that, i, you",Positive,0.8104
Computer Music,JBNB4U_computer_music.txt,"But it was interesting, kind of like what the algorithm kind of, it's kind of cool to think about.","it, what, it",Positive,0.9781
Computer Music,JBNB4U_computer_music.txt,"the computer was more like, would I like the song based on the criteria, just like more surface level, I'd say.","the computer, i, the song, the criteria, more surface level, i",Neutral,0.7863
Computer Music,XRONEG_computer_music.txt,they were both very different and both kind of like outliers compared to like what I was listening to with the other like users.,"they, outliers, what, i, users",Neutral,0.7657
Computer Music,XRONEG_computer_music.txt,"And so it caught me off guard because I was like, wait, this seems like very new and different.","it, me, guard, i, this",Neutral,0.5577
Computer Music,XRONEG_computer_music.txt,And I'd never heard of those songs either.,"i, those songs",Neutral,0.5018
Computer Music,XRONEG_computer_music.txt,So I don't know if like the computer algorithm was like super like on the head with like what we were already listening to.,"i, the computer, algorithm, the head, what, we",Neutral,0.6443
Computer Music,XRONEG_computer_music.txt,"It's like, it kind of reminded me of like when Spotify, like when you're queuing songs, they try to like auto suggest","it, it, me, you, songs, they, auto suggest",Neutral,0.7293
Computer Music,XRONEG_computer_music.txt,"and it's like, it just ruins the vibe and everyone's like, what?","it, it, the vibe, everyone",Negative,0.94
Computer Music,XRONEG_computer_music.txt,"So that's what that reminded me of, but it was just all still interesting.","that, what, that, me, it",Positive,0.9078
Computer Music,XRONEG_computer_music.txt,"Again, I like knew it was based off of an algorithm, and so like once I saw the banner say like, Oh, this is a computer suggested song.","i, it, an algorithm, i, the banner, this, a computer suggested song",Neutral,0.7103
Computer Music,XRONEG_computer_music.txt,I was just trying to actively listen to it to see if I could connect with it in any way.,"i, it, i, it, any way",Neutral,0.7499
Computer Music,33BW0G_computer_music.txt,"I, there was one song, it reminded me of like Fiona Apple.","i, one song, it, me, fiona apple",Positive,0.6468
Computer Music,33BW0G_computer_music.txt,"So that one song I did like, I feel like the other ones, like it's like definitely like something I would have to get used to.","i, i, the other ones, it, something, i",Positive,0.689
Computer Music,33BW0G_computer_music.txt,"Like I kind of feel bad for not liking it, but also it's like music is subjective.","i, it, it, music",Negative,0.7235
Computer Music,33BW0G_computer_music.txt,Yeah.,No clear aspect,Neutral,0.5491
Computer Music,33BW0G_computer_music.txt,"So it's like, I don't feel too guilty about it.","it, i, it",Neutral,0.5878
Computer Music,33BW0G_computer_music.txt,"But it's like also, I would like these songs particularly, like I wouldn't mind hearing on the radio, like on a drive.","it, i, these songs, i, the radio, a drive",Positive,0.8395
Computer Music,33BW0G_computer_music.txt,"They kind of feel more like, something that I would personally like Because sometimes when I'm listening to doing something important, I don't like listening to my favorite songs.","they, that, i, i, something, i, my favorite songs",Negative,0.5389
Computer Music,33BW0G_computer_music.txt,I just let like my Spotify like play whatever.,"i, whatever",Neutral,0.7369
Computer Music,33BW0G_computer_music.txt,And these songs are something that we have in the background.,"these songs, something, that, we, the background",Neutral,0.7294
Computer Music,33BW0G_computer_music.txt,So.,No clear aspect,Neutral,0.617
Computer Music,TU93WC_computer_music.txt,"And there was one song that the computer suggested that I was like, oh, I don't like this at all.","one song, that, the computer, i, i, this",Negative,0.9424
Computer Music,TU93WC_computer_music.txt,"And I can understand where like it got it from, like how it thought I might like something like that.","i, it, it, it, i, something, that",Neutral,0.7635
Computer Music,TU93WC_computer_music.txt,"But I was like, I didn't care for it.","i, i, it",Negative,0.7438
Computer Music,TU93WC_computer_music.txt,"But that was the only song that I didn't like that I heard

Honestly, it just was kind of shallow to me.","that, the only song, that, i, that, i, it, me",Negative,0.9409
Computer Music,TU93WC_computer_music.txt,"Like I thought the lyrics were very generic and the beat would, like wasn't able to compensate for that.","i, the lyrics, the beat, that",Negative,0.8897
Computer Music,TU93WC_computer_music.txt,And it was also a little bit generic.,it,Negative,0.7093
Computer Music,TU93WC_computer_music.txt,"So I was like, this feels like just kind of a corporate sort of song.","i, this, just kind of a corporate sort, song",Neutral,0.7074
Computer Music,TU93WC_computer_music.txt,"And that's, if that's important to me, I feel like, the lyrics don't always have to be like super profound or whatever, but I appreciate when there's at least like thought, put into it.","that, that, me, i, the lyrics, whatever, i, thought, it",Positive,0.7059
Computer Music,TU93WC_computer_music.txt,"There's like a vision, Sure, yeah.",a vision,Neutral,0.5299
Computer Music,TU93WC_computer_music.txt,"And with the computer, I think it was kind of similar because I was thinking like, what about this song makes it","the computer, i, it, i, this song, it",Neutral,0.7213
Computer Music,TU93WC_computer_music.txt,"so it's being recommended, what is the key component of it?","it, what, the key component, it",Neutral,0.8886
Computer Music,TU93WC_computer_music.txt,"Like, is it going to be the beat over the lyrics in that situation or whatever?","it, the beat, the lyrics, that situation, whatever",Neutral,0.8417
Computer Music,PYIPEW_computer_music.txt,"Yeah, I actually wasn't as invested.",i,Negative,0.7002
Computer Music,PYIPEW_computer_music.txt,"I was like, okay, this isn't like a real person that likes this song.","i, this, a real person, that, this song",Negative,0.6565
Computer Music,PYIPEW_computer_music.txt,"So like what I don't, I was like not as inclined to care and pay attention to like the lyrics and stuff like that.","what, i, i, attention, the lyrics, stuff, that",Negative,0.5918
Computer Music,PYIPEW_computer_music.txt,"Yeah, I didn't dislike it.","i, it",Neutral,0.4695
Computer Music,PYIPEW_computer_music.txt,"I mean, there was one that I was just like, it wasn't something that I would listen to.","i, that, i, it, something, that, i",Negative,0.6092
Computer Music,PYIPEW_computer_music.txt,And I think that was when I was also in a room by myself.,"i, that, i, a room, myself",Neutral,0.7998
Computer Music,PYIPEW_computer_music.txt,"And I was like, okay.",i,Positive,0.5806
Computer Music,PYIPEW_computer_music.txt,"But so I mean, generally, like I wasn't upset about the music or anything.","i, i, the music, anything",Neutral,0.6897
Computer Music,PYIPEW_computer_music.txt,"And I like still was like, moving along to it or whatever, I was like, okay, it's good.","i, it, whatever, i, it",Positive,0.8355
Computer Music,PYIPEW_computer_music.txt,"But I just wasn't like trying to be as, I don't know, I guess thoughtful about the way that I engaged with it versus like when it was another person that chose it, if that makes sense.","i, i, i, the way, that, i, it, it, another person, that, it, that, sense",Neutral,0.5904
Computer Music,XV0S8C_computer_music.txt,Like a lot of it was about like activism or a lot of like even the computer generated ones.,"a lot, it, activism, a lot, even the computer generated ones",Neutral,0.7834
Computer Music,XV0S8C_computer_music.txt,"I was, yeah.",i,Neutral,0.7042
Computer Music,XV0S8C_computer_music.txt,"Just like, to see why it would suggest that.","it, that",Neutral,0.7404
Computer Music,XV0S8C_computer_music.txt,"But yeah, I was.",i,Neutral,0.6287
Computer Music,XV0S8C_computer_music.txt,listening to just the lyrics for all of them really.,"just the lyrics, all, them",Neutral,0.8213
Computer Music,XV0S8C_computer_music.txt,"Just because like for one of the computer songs, like it was just like the content just like wasn't meaningful to me.","the computer songs, it, the content, me",Negative,0.8032
Computer Music,XV0S8C_computer_music.txt,It was just like about money.,"it, money",Neutral,0.6519
Computer Music,XV0S8C_computer_music.txt,"Like I said, I was just like, okay, I mean, I love money, but like, what I'm saying?","i, i, i, i, money, what, i",Neutral,0.5253
Computer Music,XV0S8C_computer_music.txt,"It's just not, that wouldn't be someone's favorite song for the content.","it, that, someone's favorite song, the content",Negative,0.698
Computer Music,XV0S8C_computer_music.txt,"It would be someone's favorite song for the sounds, in my opinion.","it, someone's favorite song, the sounds, my opinion",Positive,0.9117
Computer Music,XV0S8C_computer_music.txt,So it was less like interesting to me.,"it, me",Negative,0.8685
Computer Music,IAFS52_computer_music.txt,"The computer, one of them, I didn't mind one of them, and the other one, I just didn't like the vocals A lot.","the computer, them, i, them, i, the vocals",Negative,0.6893
Computer Music,IAFS52_computer_music.txt,"It was too like screamy, because I'm very much like, I like having a specific voice, so that just threw me off.","it, i, i, a specific voice, me",Negative,0.6503
Computer Music,IAFS52_computer_music.txt,"I was like, I can see why this was recommended based on like the songs that I've put in there and the songs that I've heard, but still.","i, i, this, the songs, that, i, the songs, that, i",Neutral,0.7865
Computer Music,IAFS52_computer_music.txt,"With the computer generated songs, I was like, I was trying to figure out like why the algorithm was suggesting like kind of it, and it didn't feel like as personal, if that makes sense, because it just felt like some random numbers being inputted in to get like something out.","the computer, i, i, the algorithm, kind, it, it, that, sense, it, some random numbers, something",Neutral,0.5058
Computer Music,IAFS52_computer_music.txt,"It's like, it kind of sounds like the stuff that I've listened to and I've listened to through other songs, but I felt like it like missed some of the key features.","it, it, the stuff, that, i, i, other songs, i, it, some, the key features",Negative,0.508
Computer Music,Y1I6D6_computer_music.txt,I liked one of the songs that the computer generated and the rest I was not a fan of.,"i, the songs, that, the computer, the rest, i, a fan",Neutral,0.4932
Computer Music,Y1I6D6_computer_music.txt,"like the computer generated songs I was like, oh, those beats are kind of nice.","the computer, songs, i, those beats",Positive,0.9632
Computer Music,YP35AR_computer_music.txt,The first one I just thought was kind of funny.,"the first one, i",Positive,0.9055
Computer Music,YP35AR_computer_music.txt,"Like, I didn't love it.","i, it",Negative,0.944
Computer Music,YP35AR_computer_music.txt,I think it was just kind of like funny as a song.,"i, it, a song",Positive,0.8684
Computer Music,YP35AR_computer_music.txt,"But the second one, it was a little bit more of like what I was talking like poetry music.","it, what, i, poetry music",Neutral,0.7062
Computer Music,YP35AR_computer_music.txt,I thought it was a little bit like nicer.,"i, it",Neutral,0.6424
Computer Music,YP35AR_computer_music.txt,I thought it was kind of fun.,"i, it, kind of fun",Positive,0.9597
Computer Music,V6UZPS_computer_music.txt,"The rest were just computer suggestions, and I liked the one that was...","the rest, computer suggestions, i, the one, that",Positive,0.8368
Computer Music,V6UZPS_computer_music.txt,"actually, I think maybe 2.... I liked the two that were like, user suggestions.","i, i, that, user suggestions",Positive,0.8674
Computer Music,V6UZPS_computer_music.txt,I felt like the algorithm the computer chose maybe was...,"i, the algorithm, the computer",Neutral,0.7313
Computer Music,V6UZPS_computer_music.txt,"it didn't really have a lot of feeling to it, like songs that meant anything.","it, a lot, feeling, it, songs, that, anything",Neutral,0.5121
Computer Music,R5EXRJ_computer_music.txt,I guess I just noticed that like the computer algorithm was kind of weird.,"i, i, the computer algorithm",Negative,0.8183
Computer Music,R5EXRJ_computer_music.txt,"I liked the first one, cbut it definitely had a weird start to it","i, it, a weird start, it",Positive,0.5494
Computer Music,R5EXRJ_computer_music.txt,and then I really did not like the second one.,i,Negative,0.939
Computer Music,R5EXRJ_computer_music.txt,So I don't know.,i,Neutral,0.6297
Computer Music,R5EXRJ_computer_music.txt,It was interesting to see how it varied to my tastes.,"it, it, my tastes",Positive,0.823
Computer Music,R5EXRJ_computer_music.txt,"And the first one, I guess like when I first started listening to it, I was like, this is really weird.","i, i, it, i, this",Negative,0.7008
Computer Music,R5EXRJ_computer_music.txt,Like weird.,No clear aspect,Negative,0.7047
Computer Music,R5EXRJ_computer_music.txt,It was like really techy.,it,Neutral,0.6125
Computer Music,R5EXRJ_computer_music.txt,music.,music,Neutral,0.6817
Computer Music,R5EXRJ_computer_music.txt,And then it got more into the song and I started to really like it.,"it, the song, i, it",Positive,0.9628
Computer Music,R5EXRJ_computer_music.txt,And then I looked at it,"i, it",Neutral,0.7144
Computer Music,R5EXRJ_computer_music.txt,"and I was like, it's computer generated.","i, it, computer",Neutral,0.5372
Computer Music,R5EXRJ_computer_music.txt,"So then I guess that throws in like another bias of like, oh, well, it's the computer.","i, another bias, it, the computer",Negative,0.5162
Computer Music,R5EXRJ_computer_music.txt,So it's going to be weird.,it,Neutral,0.5178
Computer Music,R5EXRJ_computer_music.txt,Like it's not going to be like personal.,it,Neutral,0.5643
Computer Music,7D8BPD_computer_music.txt,"I definitely could see, I assume the computer pulled like from what's like kind of related to mine and what I enjoy.","i, i, the computer, what, mine, what, i",Positive,0.549
Computer Music,7D8BPD_computer_music.txt,"I could kind of tell, you know, that it was like, they had the strong like guitar bass, you know, stuff like that.","i, you, it, they, guitar bass, you, that",Neutral,0.8553
Computer Music,7D8BPD_computer_music.txt,So I pretty much enjoyed them.,"i, them",Positive,0.9688
Computer Music,7D8BPD_computer_music.txt,I think that the I wish there was more from them because I think it was a mix of the bass that I really enjoy and then the more popular style.,"i, the i, them, i, it, a mix, the bass, that, i",Positive,0.8406
Computer Music,P7WEZC_computer_music.txt,"No, definitely whenever I saw that it was another participant's personal favorite, I would take it into account more.","i, it, another participant's personal favorite, i, it, account",Positive,0.7243
Computer Music,P7WEZC_computer_music.txt,"I'd be like, “oh, I can understand why this person likes this or that.”","i, i, this person, this, that",Neutral,0.6405
Computer Music,P7WEZC_computer_music.txt,"Or, “this aspect is cool.”",this aspect,Positive,0.8105
Computer Music,P7WEZC_computer_music.txt,And I understand that that's what they might gravitate to.,"i, that, what, they",Neutral,0.8095
Computer Music,2MDJD4_computer_music.txt,"I think there was probably only like one of them where I was like, okay, I feel like connected to this or I enjoyed that song.","i, them, i, i, this, i, that song",Positive,0.754
Computer Music,2MDJD4_computer_music.txt,"Like, I don't know, I don't think it like necessarily hit the mark too, much.","i, i, it, the mark",Negative,0.5221
Computer Music,2MDJD4_computer_music.txt,"Just because I think it's like, people's taste in music sometimes can be like so like complex and stuff.","i, it, people's taste, music, stuff",Neutral,0.8051
Computer Music,2MDJD4_computer_music.txt,"And like a lot of the times for songs people listen to, like there's the connections like we keep bringing up.","a lot, the times, songs, people, the connections, we",Neutral,0.829
Computer Music,2MDJD4_computer_music.txt,"So I think it doesn't necessarily like hit the mark as well as like, if somebody you knew was like, hey, I think you'd like this song because they know you, they know your experiences.","i, it, the mark, somebody, you, i, you, this song, they, you, they, your experiences",Neutral,0.7039
Computer Music,2MDJD4_computer_music.txt,they know more about what you do and don't like.,"they, what, you",Neutral,0.54
Computer Music,2MDJD4_computer_music.txt,It was missing the human aspect of it.,"it, the human aspect, it",Negative,0.5345
Computer Music,2MDJD4_computer_music.txt,"Like the human understanding and being like, okay, I can see why you connect to this.","the human understanding, i, you, this",Neutral,0.5294
Computer Music,2MDJD4_computer_music.txt,"Because obviously, it's a computer, it doesn't necessarily like get the human like emotional feeling aspect of it.","it, a computer, it, the human like emotional feeling aspect, it",Negative,0.6101
Computer Music,35A4QY_computer_music.txt,I didn't like it.,"i, it",Negative,0.9356
Computer Music,35A4QY_computer_music.txt,I only heard one of them.,"i, them",Neutral,0.6798
Computer Music,35A4QY_computer_music.txt,"And I was like, it's like not a bad song per se, especially like structurally, but I just, it didn't have any like uniqueness.","i, it, a bad song, i, it, any like uniqueness",Neutral,0.5909
Computer Music,35A4QY_computer_music.txt,"And it was just kind of like, okay.",it,Positive,0.7232
Computer Music,35A4QY_computer_music.txt,To be honest with you.,you,Neutral,0.7729
Computer Music,35A4QY_computer_music.txt,Which I thought was interesting.,"which, i",Positive,0.8948
Computer Music,35A4QY_computer_music.txt,"Oh, sorry.",No clear aspect,Negative,0.6696
Computer Music,35A4QY_computer_music.txt,That was one of the times.,"that, the times",Neutral,0.6541
Computer Music,35A4QY_computer_music.txt,Then I actually did hear another one I remember.,"i, another one, i",Neutral,0.8466
Computer Music,35A4QY_computer_music.txt,The other one that I heard I thought was really good.,"the other one, that, i, i",Positive,0.9459
Computer Music,35A4QY_computer_music.txt,"It just like, and that one I enjoyed a lot, but I couldn't really see myself being like, this would be like, make it like better than other ones because it didn't have a lot of like specific things that would like I guess, like Tony to baking, to it being very like emotionally beautiful or it has really good like storyline.","it, that one, i, i, myself, this, it, other ones, it, a lot, specific things, that, i, tony, it, it, storyline",Positive,0.5978
Computer Music,35A4QY_computer_music.txt,It's just kind of like a very good song.,"it, a very good song",Positive,0.962
Computer Music,35A4QY_computer_music.txt,"So I guess, yeah.",i,Neutral,0.6777
Computer Music,35A4QY_computer_music.txt,"So, no, like the first one was just like an okay song.",an okay song,Positive,0.6093
Computer Music,35A4QY_computer_music.txt,Okay.,No clear aspect,Neutral,0.5844
Computer Music,35A4QY_computer_music.txt,"And the second one was good, but it was missing those things.","the second one, it, those things",Neutral,0.4327
Computer Music,35A4QY_computer_music.txt,I thought that the computer suggested songs probably be more like mainstream,"i, the computer, songs",Neutral,0.7773
Computer Music,35A4QY_computer_music.txt,and I'm kind of glad they weren't.,"i, they",Positive,0.6445
Computer Music,35A4QY_computer_music.txt,And then I figured I'd hear at least some of my own and some of others.,"i, i, at least some, some, others",Neutral,0.8223
Computer Music,35A4QY_computer_music.txt,"So not really as much, but it was cooler experience and stuff.","it, cooler experience, stuff",Positive,0.8523
Computer Music,PF65TG_computer_music.txt,I liked the first computer suggested song.,"i, the first computer, song",Positive,0.95
Computer Music,PF65TG_computer_music.txt,I don't know what it was called.,"i, what, it",Neutral,0.601
Computer Music,PF65TG_computer_music.txt,"I've never heard of it before, but I would definitely like see myself listening to it.","i, it, i, myself, it",Positive,0.9134
Computer Music,PF65TG_computer_music.txt,"Yeah, for sure.",No clear aspect,Neutral,0.5615
Computer Music,PF65TG_computer_music.txt,"But with the computer suggestion, that was like a little bit different.","the computer suggestion, that",Neutral,0.8146
Computer Music,PF65TG_computer_music.txt,"With the computer, I was like, the first one I was shocked that it like played like a song that I would enjoy.","the computer, i, i, it, a song, that, i",Neutral,0.4565
Computer Music,PF65TG_computer_music.txt,"But then the second one, I was like shocked that it like changed from like a, the first one was like a happy, like upbeat song.","i, it, a, upbeat song",Neutral,0.5244
Computer Music,PF65TG_computer_music.txt,The second one was kind of like a sadder song.,"the second one, a sadder song",Negative,0.5266
Computer Music,PF65TG_computer_music.txt,I was like surprised that there was like a little difference between the two.,"i, a little difference",Positive,0.5272
Computer Music,382LOS_computer_music.txt,I was listening to them completely different.,"i, them",Neutral,0.7136
Computer Music,382LOS_computer_music.txt,"Because since I knew that they weren't somebody else's songs, I wasn't worried about, you know, sitting there and trying to find why this person actually liked the song.","i, they, somebody else's songs, i, you, this person, the song",Neutral,0.5638
Computer Music,382LOS_computer_music.txt,I just sat there and enjoyed the song.,"i, the song",Positive,0.9062
Computer Music,382LOS_computer_music.txt,That's it.,"that, it",Neutral,0.5321
Computer Music,382LOS_computer_music.txt,I was just like laid back.,i,Neutral,0.7309
Computer Music,382LOS_computer_music.txt,"I was like, okay, I'll lay back.","i, i",Neutral,0.7102
Computer Music,382LOS_computer_music.txt,I relaxed.,i,Positive,0.6881
Computer Music,382LOS_computer_music.txt,"I was like, okay, let me just focus on the song.","i, me, the song",Neutral,0.6046
Computer Music,382LOS_computer_music.txt,I wasn't worried about anything else.,"i, anything",Neutral,0.7128
Computer Music,382LOS_computer_music.txt,I was just worried about listening to the music.,"i, the music",Neutral,0.5619
Computer Music,382LOS_computer_music.txt,Yeah.,No clear aspect,Neutral,0.5491
Computer Music,382LOS_computer_music.txt,I like those songs.,"i, those songs",Positive,0.9495
Computer Music,382LOS_computer_music.txt,The ones that they recommend.,"the ones, that, they",Neutral,0.7058
Computer Music,382LOS_computer_music.txt,I did like them songs.,"i, them, songs",Positive,0.8889
Computer Music,382LOS_computer_music.txt,Would I probably listen to it?,"i, it",Neutral,0.8637
Computer Music,382LOS_computer_music.txt,Maybe.,No clear aspect,Neutral,0.6051
Computer Music,382LOS_computer_music.txt,But they were nice.,they,Positive,0.8136
Computer Music,382LOS_computer_music.txt,They were nice,they,Positive,0.9588
Computer Music,382LOS_computer_music.txt,"and they did, I want to call it, kind of fit some of the songs that I listened to a little bit.","they, i, it, some, the songs, that, i, a little bit",Positive,0.6246
Computer Music,06ECDB_computer_music.txt,"I think they're pretty on point with what I heard, at least when I inputted for myself and kind of what I heard from others.","i, they, point, what, i, i, myself, what, i, others",Positive,0.8306
Computer Music,06ECDB_computer_music.txt,It seemed like along the same lines or same genre of music.,"it, the same lines, same genre, music",Neutral,0.8158
Computer Music,5F2WAZ_computer_music.txt,But then all of the like computer generated like algorithm ones and I wasn't messing with those.,"but then all, the like computer, algorithm ones, i, those",Neutral,0.7611
Computer Music,5F2WAZ_computer_music.txt,"The computer generated ones, they sounded like, just like flat, They didn't really sound like, I would say maybe like manmade really, like maybe like AI or something.","the computer, ones, they, they, i, ai, something",Neutral,0.5605
Computer Music,5F2WAZ_computer_music.txt,"For the computer one, I was just like, I don't know, like how the algorithm works for that computer to shoot that song or if you guys show that song.","the computer, i, i, the algorithm, that computer, that song, you guys, that song",Neutral,0.5575
Computer Music,5F2WAZ_computer_music.txt,"Then I was like, okay, well, I don't really feel bad for like, you know, like down rating it or whatever.","i, i, you, it, whatever",Neutral,0.7063
Computer Music,4TPXHQ_computer_music.txt,"From the computer, it was a strange country pop thing.","the computer, it, a strange country pop thing",Neutral,0.7426
Computer Music,4TPXHQ_computer_music.txt,I hadn't heard any of the other songs before.,"i, any, the other songs",Neutral,0.7527
Computer Music,4TPXHQ_computer_music.txt,"But of like the computer generated one, it was kind of strange in that they were, they felt like, the generic country pop where it could be anything and anyone singing about anything.","the computer, it, they, they, the generic country pop, it, anything, anyone, anything",Neutral,0.5831
Computer Music,79TSTS_computer_music.txt,"The 2 songs that were selected by the computer algorithm kind of were on the same genre, I guess.","the 2 songs, that, the computer algorithm, the same genre, i",Neutral,0.8891
Computer Music,79TSTS_computer_music.txt,I had the same feeling about those two songs.,"i, the same feeling, those two songs",Neutral,0.8178
Computer Music,6759KU_computer_music.txt,I noticed that the computer did like have some pretty similar like options as like some of the music I've been hearing from like my own and then some of the other people's as well.,"i, the computer, options, some, the music, i, some, the other people",Neutral,0.5087
Computer Music,6759KU_computer_music.txt,Like it definitely would fit in.,it,Positive,0.7457
Computer Music,6759KU_computer_music.txt,"with the rest of them, which was interesting.","the rest, them, which",Positive,0.883
Computer Music,6759KU_computer_music.txt,"I didn't think that the computer would be able to distinguish kind of like exactly what would be, I don't know, what a person would choose, like as close, but yeah.","i, the computer, exactly what, i, what, a person",Neutral,0.5581
Computer Music,J4J4VY_computer_music.txt,"didn't like the computer algorithm songs that much compared to other people's songs


The first one I heard just felt kind of, it just wasn't really my like type of music taste.","other people's songs, the first one, i, it, my like type, music taste",Negative,0.8216
Computer Music,J4J4VY_computer_music.txt,It felt It was very like Eminem.,"it, it, eminem",Neutral,0.8057
Computer Music,J4J4VY_computer_music.txt,"I don't know if that was actually the artist, but that's just kind of out of my like normal type of music that I enjoy.","i, that, the artist, that, my like normal type, music, that, i",Neutral,0.5444
Computer Music,J4J4VY_computer_music.txt,The second algorithm song I had more like neutral feelings about.,"the second algorithm song, i, neutral feelings",Neutral,0.7493
Computer Music,J4J4VY_computer_music.txt,"Whereas the computer generated song, I was more thinking of like, why was this suggested based on, like, was this based on my music?","the computer, song, i, more thinking, this, this, my music",Neutral,0.728
Computer Music,J4J4VY_computer_music.txt,Was this based on someone else's music?,"this, someone else's music",Neutral,0.8609
Computer Music,J4J4VY_computer_music.txt,"Because I'm not sure exactly why it would be based on, if it was based on mine, why that would be recommended for me?","i, it, it, mine, that, me",Neutral,0.6844
Computer Music,Z01ABO_computer_music.txt,I think it was like I was kind of like observing this in myself where I was kind of like eh with the computer ones.,"i, it, i, this, myself, i, the computer ones",Neutral,0.8403
Computer Music,Z01ABO_computer_music.txt,obviously with the computer generated ones there are people who would enjoy them.,"the computer, ones, people, who, them",Neutral,0.5143
Computer Music,2IR3MC_computer_music.txt,"Honestly, it was really interesting because the first song that I had was one of the algorithm songs.","it, the first song, that, i, the algorithm songs",Positive,0.9779
Computer Music,2IR3MC_computer_music.txt,"And I was like, this sounds like a song that I would listen to, like of my own accord.","i, this, a song, that, i, my own accord",Positive,0.7807
Computer Music,2IR3MC_computer_music.txt,"It wasn't a song that I had ever heard of, but now I'm sort of like, I want to try to find what that song was because I liked it so much.","it, a song, that, i, i, i, what, that song, i, it",Positive,0.8432
Computer Music,2IR3MC_computer_music.txt,And so it was like interesting because I think the song after the Coldplay song was maybe one of the algorithm songs.,"it, i, the song, the coldplay song, the algorithm songs",Positive,0.8731
Computer Music,2IR3MC_computer_music.txt,"And that one was also, it wasn't like indie, but it was sort of like, all How do I explain it?","that one, it, it, i, it",Neutral,0.7775
Computer Music,2IR3MC_computer_music.txt,"Kind of like a Leve, like Biba Doobie type of situation, like that sort of genre.","a leve, biba doobie type, situation, that sort, genre",Neutral,0.8935
Computer Music,2IR3MC_computer_music.txt,Okay.,No clear aspect,Neutral,0.5844
Computer Music,2IR3MC_computer_music.txt,And so it almost sort of seemed like the algorithm shifted the songs that came after it in a way.,"it, the algorithm, the songs, that, it, a way",Neutral,0.8265
Computer Music,KI6KAH_computer_music.txt,They were interesting.,they,Positive,0.8661
Computer Music,KI6KAH_computer_music.txt,I guess I do want to clarify.,"i, i",Neutral,0.7986
Computer Music,KI6KAH_computer_music.txt,"They are like normal songs, just like computer picked them, right?","they, normal songs, computer, them",Neutral,0.6359
Computer Music,KI6KAH_computer_music.txt,Like the computer didn't make the songs.,"the computer, the songs",Negative,0.4878
Computer Music,KI6KAH_computer_music.txt,"Exactly, yeah.",No clear aspect,Neutral,0.5801
Computer Music,KI6KAH_computer_music.txt,That's what I figured.,"that, what, i",Neutral,0.8088
Computer Music,KI6KAH_computer_music.txt,"And like, what factor did they consider?","what factor, they",Neutral,0.8114
Computer Music,KI6KAH_computer_music.txt,"Did it, like, why did it pick that song?","it, it, that song",Neutral,0.7345
Computer Music,KI6KAH_computer_music.txt,"They're definitely, like, interesting, but I do think I felt less inclined to care about them.","they, i, i, them",Neutral,0.4903
Computer Music,KI6KAH_computer_music.txt,"This is like, okay, a computer is just thinking I should like this, not like a person.","this, a computer, i, this, a person",Negative,0.4674
Computer Music,KI6KAH_computer_music.txt,Yeah.,No clear aspect,Neutral,0.5491
Computer Music,KI6KAH_computer_music.txt,"It's a little bit like, computer doesn't need to know what I like.","it, computer, what, i",Neutral,0.6408
Computer Music,KI6KAH_computer_music.txt,"But yeah, I think it was just because there's not that like, oh, a person.","i, it, that like, oh, a person",Neutral,0.6292
Computer Music,KI6KAH_computer_music.txt,"But then some of them I was like, this is interesting.","some, them, i, this",Positive,0.8903
Computer Music,KI6KAH_computer_music.txt,maybe it's right.,it,Neutral,0.5708
Computer Music,KI6KAH_computer_music.txt,I do kind of like this song.,"i, this song",Positive,0.9571
Computer Music,KI6KAH_computer_music.txt,"Or stuff like that where it's like, oh, like, yeah, this beat matches with things that I've heard before.","or stuff, that, it, things, that, i",Neutral,0.8462
Computer Music,KI6KAH_computer_music.txt,"Well, I guess, yeah.",i,Neutral,0.6691
Computer Music,KI6KAH_computer_music.txt,"Like it thinks I should like it, which is, it is a something, but it's not like someone else saying, oh, I like this song","it, i, it, which, it, a something, it, someone, i, this song",Neutral,0.512
Computer Music,KI6KAH_computer_music.txt,and I want to share it with you.,"i, it, you",Positive,0.5174
Computer Music,KI6KAH_computer_music.txt,"It's a computer being like, hey, you like songs.","it, a computer, you, songs",Neutral,0.6764
Computer Music,KI6KAH_computer_music.txt,You might like this one too.,"you, this one",Positive,0.9269
Computer Music,1MM3K9_computer_music.txt,I didn't feel as connected to them.,"i, them",Negative,0.8065
Computer Music,1MM3K9_computer_music.txt,"I, between like all of the songs that I listened to, I think that the computer generated ones were my least favorite.","i, all, the songs, that, i, i, the computer",Negative,0.5134
Computer Music,1MM3K9_computer_music.txt,And I also didn't feel like I had the same obligation to like them as if it were my own songs or somebody else's songs.,"i, i, the same obligation, them, it, my own songs, somebody else's songs",Neutral,0.4943
Computer Music,1MM3K9_computer_music.txt,"Yeah, it like, and the computer didn't have a experience with the song, like in the way that, like the songs that are important to me are ones that I have like memories attached to, but a computer's not gonna have that.","it, the computer, a experience, the song, the way, that, the songs, that, me, ones, that, i, memories, a computer, that",Neutral,0.6123
Computer Music,1MM3K9_computer_music.txt,I think that it just came along as I was listening.,"i, it, i",Neutral,0.8047
Computer Music,1MM3K9_computer_music.txt,"I think I was also paying closer attention to like the lyrics and the ones of participants, thinking like, oh, how could this song be important to them?","i, i, closer attention, the lyrics, the ones, participants, this song, them",Neutral,0.6932
Computer Music,1MM3K9_computer_music.txt,I didn't really do that same thing with the computer songs.,"i, that same thing, the computer songs",Neutral,0.6929
Computer Music,1MM3K9_computer_music.txt,Like it didn't.,it,Neutral,0.4967
Computer Music,1MM3K9_computer_music.txt,"come as naturally, I guess.",i,Neutral,0.6874
Computer Music,9772KI_computer_music.txt,"The computer algorithm, like recommended ones were interesting.","the computer, algorithm, recommended ones",Positive,0.8404
Computer Music,9772KI_computer_music.txt,They were very like catered toward a specific part of my taste.,"they, a specific part, my taste",Neutral,0.7512
Computer Music,9772KI_computer_music.txt,So the first song was like a computer algorithm one,"the first song, a computer, algorithm",Neutral,0.8542
Computer Music,9772KI_computer_music.txt,"and I was like, that's interesting.","i, that",Positive,0.8929
Computer Music,9772KI_computer_music.txt,I wonder what I put on my list to suggest that.,"i, what, i, my list, that",Neutral,0.8262
Computer Music,9772KI_computer_music.txt,But it made sense.,"it, sense",Positive,0.5041
Computer Music,VD1PLG_computer_music.txt,"I was like, what is going on?","i, what",Neutral,0.5049
Computer Music,VD1PLG_computer_music.txt,"And I was like, It was, I think that song was a little like, I don't know, I just didn't like it.","i, it, i, that song, i, i, it",Negative,0.9225
Computer Music,VD1PLG_computer_music.txt,I thought it was lazy.,"i, it",Negative,0.6145
Computer Music,VD1PLG_computer_music.txt,Just had like the lyrics were just felt lazy to me.,"the lyrics, me",Negative,0.8454
Computer Music,VD1PLG_computer_music.txt,I think also it threw me off.,"i, it, me",Negative,0.9234
Computer Music,VD1PLG_computer_music.txt,"Like I was kind of like, on the like fence.","i, the like fence",Neutral,0.7544
Computer Music,VD1PLG_computer_music.txt,"And then there was like a line where it was like, just said the days of the week.","a line, it, the days, the week",Neutral,0.8086
Computer Music,VD1PLG_computer_music.txt,"And I was like, yeah, this is a lazy song.","i, this, a lazy song",Neutral,0.5793
Computer Music,VD1PLG_computer_music.txt,"Like the beat is good, but it's just not well thought out.","the beat, it",Negative,0.7486
Computer Music,VD1PLG_computer_music.txt,"But I might be a little harsh in my judgment, but that's how I saw it.","i, my judgment, that, i, it",Neutral,0.6331
Computer Music,QNJQ2F_computer_music.txt,"I think the ones suggested by the computer were more accurate to what I would listen to than I thought it would be, if that was what the goal was.","i, the ones, the computer, what, i, i, it, that, what, the goal",Neutral,0.6094
Computer Music,QNJQ2F_computer_music.txt,"I didn't know any of them, but they were, I liked them.","i, any, them, they, i, them",Positive,0.8526
Computer Music,P7TX2P_computer_music.txt,but like the song going into it that was just a “robot” song,"the song, it, that, just a “robot” song",Neutral,0.7701
Computer Music,P7TX2P_computer_music.txt,"and I was like, “shit, this robot got taste.”

: I liked them.","i, this robot, taste, i, them",Negative,0.4418
Computer Music,P7TX2P_computer_music.txt,I tried to remember a verse in it,"i, a verse, it",Neutral,0.834
Computer Music,P7TX2P_computer_music.txt,"so I could Google it later, because I'm like, I'll listen to that.","i, it, i, i, that",Positive,0.6096
Computer Music,P7TX2P_computer_music.txt,"I don't know when something’s computer suggested, it makes me think of the Spotify algorithm where it's a new song, but it's usually a popular song too.","i, something’s computer, it, me, the spotify algorithm, it, a new song, it, a popular song",Neutral,0.6015
Computer Music,P7TX2P_computer_music.txt,"And I was like, I've never heard of this ever.","i, i, this",Neutral,0.5001
Computer Music,P7TX2P_computer_music.txt,Sounds like some indie thing,some indie thing,Neutral,0.7983
Computer Music,P7TX2P_computer_music.txt,"and I was like, this is pretty good.","i, this",Positive,0.9821
Computer Music,Y9N2G1_computer_music.txt,"there were two songs which I really liked, which were, kind of, they were in line with my taste.","two songs, which, i, which, they, line, my taste",Positive,0.9436
Computer Music,Y9N2G1_computer_music.txt,There was one song which I did not maybe like.,"one song, which, i",Negative,0.7993
Computer Music,62U759_computer_music.txt,"The first one was very similar to one of the songs that I recommend, that I had said was one of my favorite.","the first one, the songs, that, i, i, my favorite",Positive,0.9434
Computer Music,62U759_computer_music.txt,"And I was like, oh, like, That's cool.","i, that",Positive,0.9319
Computer Music,62U759_computer_music.txt,"It wasn't my favorite necessarily that I'd ever heard, but I was like, oh my computer.","it, that, i, i, my computer",Negative,0.5018
Computer Music,62U759_computer_music.txt,"Like, I see where you're coming from with that.","i, you, that",Neutral,0.6473
Computer Music,62U759_computer_music.txt,"The computer generated one was like an EDM-ish house with like, when they repeat only two words, I think it was like hold on or something like that.","the computer, an edm-ish house, they, only two words, i, it, hold, something, that",Neutral,0.8112
Computer Music,62U759_computer_music.txt,And the one that I had recommended has more lyrics to it and I like to like sing and dance to lyrics more.,"the one, that, i, more lyrics, it, i, lyrics",Positive,0.8543
Computer Music,62U759_computer_music.txt,"So I liked the like beat of it, but I wish like Hold on.","i, the like beat, it, i",Positive,0.7171
Computer Music,62U759_computer_music.txt,"I was like, okay, I got it.","i, i, it",Positive,0.5376
Computer Music,62U759_computer_music.txt,"I liked it and I would have like vibed with that concert like a lot better, but compared to like the more meaningful songs that people had said were their favorites, it like, it didn't have that same sort of like to it.","i, it, i, that concert, the more meaningful songs, that, people, their favorites, it, it, that same sort, it",Positive,0.6669
Computer Music,62U759_computer_music.txt,"I think that the combination of the lack of lyrics plus it being recommended by a computer, I was like less enthused.","i, the combination, the lack, lyrics, it, a computer, i",Negative,0.8814
Computer Music,62U759_computer_music.txt,"I think that if it had, if I had known that it was recommended by a person, then I would have like potentially felt different towards it and had those sort of like looking in questions of like, why is this person listening to a song and saying, hold on, hold on, hold on.","i, it, i, it, a person, i, it, questions, this person, a song",Neutral,0.6659
