participant_id,theme,sentence_idx,sentence,sentiment_score,sentiment_label,vader_pos,vader_neu,vader_neg
06ECDB,Algorithms,0,"Or I do like a, on Spotify since I have that, search up a song and just kind of play whatever comes next, not necessarily from my playlist, but just kind of hearing a couple different songs similar to what I already like or enjoy and just just finding other songs in that genre.",0.8706,positive,0.194,0.806,0.0
06ECDB,Algorithms,1,Typically if I'm doing like Spotify on my phone and doing like a CarPlay or something like that would do that.,0.7579,positive,0.306,0.694,0.0
06ECDB,Algorithms,2,Give me something a little bit more upbeat or fun or happy to kind of be listening to.,0.8055,positive,0.326,0.674,0.0
0M3LDX,Algorithms,0,"A part of me, I guess, is like a little bit surprised at the computer-selected songs.",0.4804,positive,0.273,0.727,0.0
0M3LDX,Algorithms,2,"It's just like, they felt very like, I guess relevant and like popular.",0.8519,positive,0.563,0.437,0.0
0M3LDX,Algorithms,3,I'm not sure what I was expecting.,-0.2411,negative,0.0,0.718,0.282
0M3LDX,Algorithms,4,"I guess just like, I don't know.",0.3612,positive,0.385,0.615,0.0
0M3LDX,Algorithms,5,It's hard to explain.,-0.1027,negative,0.0,0.682,0.318
0M3LDX,Algorithms,6,It just caught me by surprise for some reason.,0.2732,positive,0.208,0.792,0.0
0M3LDX,Algorithms,7,"Oh, I remember why it was surprising to me.",0.2732,positive,0.231,0.769,0.0
0M3LDX,Algorithms,8,"Sorry, but that does answer your question.",-0.0387,neutral,0.0,0.839,0.161
0M3LDX,Algorithms,9,"So what was surprising to me was how sort of accurate it was, like what I typically enjoy, which is also similar to what I experience when I get algorithm suggested playlists and whatnot.",0.7943,positive,0.224,0.776,0.0
0M3LDX,Algorithms,10,"Like it includes stuff that I enjoy, not that the computer ones did, but similar genres.",0.431,positive,0.228,0.772,0.0
0M3LDX,Algorithms,11,"And it plays music that I know and have already listened to and enjoy, but also new, similar things that I probably will enjoy.",0.7845,positive,0.294,0.706,0.0
0M3LDX,Algorithms,12,So that is my experience with that.,0.0,neutral,0.0,1.0,0.0
0M3LDX,Algorithms,13,Usually I don't use those algorithms just because sometimes I'm a little bit nervous about listening to new things.,-0.2075,negative,0.0,0.898,0.102
0M3LDX,Algorithms,14,"But yeah, that's my limited experience with them.",0.1154,positive,0.251,0.538,0.211
0M3LDX,Algorithms,16,And I just sort of remember that band's name or that artist's name.,0.0,neutral,0.0,1.0,0.0
0M3LDX,Algorithms,17,And then when they inevitably pop up I give them a listen.,0.0,neutral,0.0,1.0,0.0
0M3LDX,Algorithms,18,"And then sometimes, you know, the Spotify explore feature where you can just choose a genre and then swipe up on songs and like hear like 30 second snippets of them.",0.6124,positive,0.152,0.848,0.0
0M3LDX,Algorithms,19,I also use that sometimes when I'm bored.,-0.2732,negative,0.0,0.741,0.259
0M3LDX,Algorithms,20,"And yeah, it's pretty cool.",0.7717,positive,0.794,0.206,0.0
0M3LDX,Algorithms,21,"With the computer [suggested] ones, it's like, okay, it's based off of someone's-- I don't know how the algorithm works exactly, so I'm just going off of how I'm guessing it works.",0.5267,positive,0.132,0.868,0.0
0M3LDX,Algorithms,22,"But the algorithm, it picks songs based off what it thinks the listener will like, which I know, I tend to humanize computers, as a computer science major, a little bit.",0.5023,positive,0.111,0.889,0.0
0M3LDX,Algorithms,23,"But I can see the “effort” or “thought” put into it and be like, that's, you made an “effort” and sometimes it works, sometimes it doesn't, but it doesn't feel as human.",0.5023,positive,0.098,0.902,0.0
0M3LDX,Algorithms,24,Like the connection isn't really there.,0.3612,positive,0.333,0.667,0.0
0M3LDX,Algorithms,25,"For the human selected ones, a human actually went through that, has some sort of connection to it.",0.0,neutral,0.0,1.0,0.0
0M3LDX,Algorithms,26,"But the computer ones, it's, connection isn't there.",0.0,neutral,0.0,1.0,0.0
0M3LDX,Algorithms,27,It's just an algorithm spitting out what it thinks is most optimal.,0.4201,positive,0.202,0.798,0.0
1JVZTM,Algorithms,2,I used to use the Spotify like DJ thing a lot.,0.3612,positive,0.238,0.762,0.0
1JVZTM,Algorithms,3,But then it would like sometimes just gives you a bunch of stuff that I don't want to listen to.,0.4436,positive,0.158,0.777,0.065
1JVZTM,Algorithms,4,"So I was like, So a lot of the times I'll go like, if there's like an artist, I'll like, on Spotify, there's like a tab that's like, other listeners like listen to these bands too, so I'll do that.",0.9549,positive,0.393,0.607,0.0
1MM3K9,Algorithms,0,I think most of it comes from the suggestions from Spotify.,0.0,neutral,0.0,1.0,0.0
1MM3K9,Algorithms,1,It's like I get a lot from the day list or whatever it's suggesting for me.,0.3612,positive,0.161,0.839,0.0
1MM3K9,Algorithms,2,That's where I get a lot of my new stuff.,0.0,neutral,0.0,1.0,0.0
1MM3K9,Algorithms,3,But then also if like one of my favorite artists is releasing a new album.,0.8047,positive,0.377,0.623,0.0
1MM3K9,Algorithms,4,I will stay up till midnight to listen to it and then do that.,0.0,neutral,0.0,1.0,0.0
1MM3K9,Algorithms,5,But most of it is probably from just the algorithm.,0.0,neutral,0.0,1.0,0.0
1ZWUFF,Algorithms,0,Just through like Spotify suggested songs.,0.3612,positive,0.333,0.667,0.0
1ZWUFF,Algorithms,1,"I usually like, I play my life songs and then I have a shuffle set so it has some AI suggestions in there.",0.5994,positive,0.224,0.776,0.0
2MDJD4,Algorithms,0,"Like sometimes I will get it from a curated playlist, but it's usually like a mix on Spotify that's already like 90% of the songs that I already have liked and they just kind of put them together.",0.899,positive,0.285,0.715,0.0
2MDJD4,Algorithms,1,"Yeah, like if it goes off of like strictly, I guess, like if it chooses stuff from like artists you've already like listened to or it sees that you listen to frequently, you've way higher a chance of being like, okay, I like this.",0.9618,positive,0.432,0.568,0.0
2MDJD4,Algorithms,2,"Then if it's just like a random artist you've never heard and you're just like, oh, okay.",0.7096,positive,0.347,0.653,0.0
33BW0G,Algorithms,0,"Because sometimes when I'm listening to doing something important, I don't like listening to my favorite songs.",0.3999,positive,0.241,0.653,0.106
33BW0G,Algorithms,1,I just let like my Spotify like play whatever.,0.7506,positive,0.597,0.403,0.0
33BW0G,Algorithms,2,And these songs are something that we have in the background.,0.0,neutral,0.0,1.0,0.0
4TPXHQ,Algorithms,0,"I'll sometimes do like the, you know, on Spotify, the like play Station or like make more about this one.",0.836,positive,0.382,0.618,0.0
4TPXHQ,Algorithms,1,I don't find that that's ever particularly accurate.,0.0,neutral,0.0,1.0,0.0
4TPXHQ,Algorithms,2,or if like I'm looking for a song with this vibe and I say play Station just plays other ones by that artist.,0.7096,positive,0.277,0.723,0.0
4TPXHQ,Algorithms,3,But I wanted ones with the vibe.,0.0,neutral,0.0,1.0,0.0
4TPXHQ,Algorithms,4,"So it's like, it's a hit or miss.",0.2911,positive,0.296,0.533,0.171
4TPXHQ,Algorithms,5,But there have definitely been some that hit.,0.5499,positive,0.336,0.664,0.0
5F2WAZ,Algorithms,0,"No, I don't really like to use those because I feel like they always just give you like, it'll be like the same songs.",-0.8593,negative,0.0,0.596,0.404
5F2WAZ,Algorithms,1,"Like I've had the conversation like with my friends And then they're like, does this song always come on like randomly in your algorithm?",0.9022,positive,0.408,0.592,0.0
5F2WAZ,Algorithms,3,"So I think it's just like, it's not really catered to me if they were trying to give me like a curated playlist, you know, even if they say it's like, based off of this, you might like this, they're probably showing that same playlist or like very similar to other people.",0.8885,positive,0.217,0.783,0.0
62U759,Algorithms,0,I listen to my Spotify Discover weekly every week.,0.0,neutral,0.0,1.0,0.0
62U759,Algorithms,1,I like just looking at my suggested that pops up through the computer for that as well.,0.5574,positive,0.247,0.753,0.0
62U759,Algorithms,2,"I think in terms of volume, the Discover Weekly is able to put a lot more songs at me.",0.0,neutral,0.0,1.0,0.0
62U759,Algorithms,3,Because sometimes I like a song on Discover Weekly and I just don't revisit it.,0.3612,positive,0.185,0.815,0.0
62U759,Algorithms,4,"Like I don't come back to whatever, if that makes sense.",0.3612,positive,0.217,0.783,0.0
62U759,Algorithms,5,Like I liked it in the moment and then.,0.6486,positive,0.469,0.531,0.0
62U759,Algorithms,6,"Like I would listen to music, but I would listen to only like the music that I knew.",0.6124,positive,0.278,0.722,0.0
62U759,Algorithms,7,And I would like listen to the same few songs.,0.3612,positive,0.238,0.762,0.0
62U759,Algorithms,8,"And like I started listening to the Discover Weekly, I think it was, and I would be like, whoa, like there's something to this.",0.7579,positive,0.294,0.706,0.0
62U759,Algorithms,9,"And I would like start to pay attention more once that sort of got put on my radar and it kind of just exploded into having like, I want to listen to everything ever kind of deal.",0.5994,positive,0.163,0.801,0.036
6759KU,Algorithms,0,"Yeah, I mainly use Spotify.",0.296,positive,0.423,0.577,0.0
6759KU,Algorithms,1,"And so they have like, a lot of the playlists that either come from random people or are like computer, I think, generated or whatever.",0.6734,positive,0.208,0.792,0.0
6759KU,Algorithms,2,Like they can add songs that are kind of similar.,0.3612,positive,0.217,0.783,0.0
6759KU,Algorithms,3,So I will end up using that a lot.,0.0,neutral,0.0,1.0,0.0
6R5ITB,Algorithms,0,And so I feel like I get a lot of new music that way because it'll like recommend stuff based on what me and the other person like.,0.87,positive,0.34,0.66,0.0
6R5ITB,Algorithms,1,"I sometimes like to do, like Spotify has this like AI DJ.",0.7579,positive,0.484,0.516,0.0
6R5ITB,Algorithms,3,Sometimes it's good and then sometimes it just isn't quite the vibe.,0.4404,positive,0.209,0.791,0.0
6R5ITB,Algorithms,4,"But sometimes it'll like, or like it does like the daily, like the daily mixes or something.",0.9186,positive,0.5,0.5,0.0
6R5ITB,Algorithms,5,I'll play those sometimes and sometimes there's some new songs in there.,0.34,positive,0.179,0.821,0.0
6R5ITB,Algorithms,6,"I also think I get a lot of my music recommendations from social media, like TikTok.",0.3612,positive,0.172,0.828,0.0
6R5ITB,Algorithms,8,"Because I'll hear something on there and I'm like, oh, that's really cool.",0.624,positive,0.316,0.684,0.0
6R5ITB,Algorithms,9,"Or I'll hear like a artist like promoting that they're going on tour and I'll hear like their music and I'm like, oh, that's a really good song.",0.9286,positive,0.44,0.56,0.0
79TSTS,Algorithms,0,Right now it's like through the suggestions that Spotify makes usually.,0.3612,positive,0.2,0.8,0.0
79TSTS,Algorithms,1,So Spotify has a smart shuffle kind of feature where it adds its own songs.,0.4522,positive,0.186,0.814,0.0
79TSTS,Algorithms,2,And I think Spotify does a good job with that thing where the songs that it suggests usually resonates with my playlist of the songs I'm currently listening to.,0.4404,positive,0.1,0.9,0.0
79TSTS,Algorithms,3,"And that's, I come up with new songs and I feel good about it.",0.4404,positive,0.209,0.791,0.0
7D8BPD,Algorithms,0,So I really stick to what I know in my playlist.,0.0,neutral,0.0,1.0,0.0
7D8BPD,Algorithms,1,"And then once those playlists like get run through, my own like music platform will start suggesting music to me and I'll be like, oh, that's cool.",0.8316,positive,0.299,0.701,0.0
7V6SPY,Algorithms,0,"And then like on Instagram or TikTok or something like that, if someone plays a song and I'm like, I really like that song, let me go look at it.",0.875,positive,0.343,0.657,0.0
7V6SPY,Algorithms,1,I use Apple Music and very briefly.,0.0,neutral,0.0,1.0,0.0
7V6SPY,Algorithms,2,I find sometimes it does like the continuing playing similar music.,0.5106,positive,0.35,0.65,0.0
7V6SPY,Algorithms,3,"And a lot of the times it's either very, very bad, in my opinion, or there's songs I've already heard and I listen to a lot.",-0.6214,negative,0.0,0.844,0.156
7V6SPY,Algorithms,4,Every once in a while I stumble on a song that I really like that I haven't heard.,0.4201,positive,0.189,0.811,0.0
7V6SPY,Algorithms,5,And then the curated playlists aren't really my favorite either for that same reason.,-0.3991,negative,0.0,0.829,0.171
7V6SPY,Algorithms,6,"And I think with computer generations, it's hard because they try and fit all the songs into like labels.",0.5574,positive,0.234,0.701,0.065
7V6SPY,Algorithms,7,But in my kind of music's very different across the board.,0.0,neutral,0.0,1.0,0.0
7V6SPY,Algorithms,8,"So if I'm looking on the internet for something, I already know what I'm intending to looking for.",0.0,neutral,0.0,1.0,0.0
7V6SPY,Algorithms,9,"I'm fitting that specific, not need, but that want to listen to that type of music.",0.1154,positive,0.088,0.912,0.0
7V6SPY,Algorithms,10,"Whereas with Apple Music, it's more the computer filling it out for you and it's not as well as like figuring out what you want to listen to, in my opinion.",0.2467,positive,0.113,0.833,0.054
9772KI,Algorithms,0,"Yeah, I like, I use Spotify, so I like sometimes just listening to like what is recommended for me.",0.8591,positive,0.511,0.489,0.0
9SZ2DJ,Algorithms,0,"I think, like in the past, I've like tried to like find like playlists based on what I'm trying to listen to.",0.8402,positive,0.37,0.63,0.0
9SZ2DJ,Algorithms,1,"Like, I think sometimes like I remember this summer, I was thinking songs that are just the vibes of a road trip.",0.6124,positive,0.238,0.762,0.0
9SZ2DJ,Algorithms,2,"And we were driving to Miami and more songs like that, you know, I feel like Miami is kind of a genre, So, things like that, I look up, I look up playlists and just look at random people's playlists and look at stuff, or if it's like heartbreak music, like I'll just look at other people's playlists, see like what other people are listening to.",0.8994,positive,0.221,0.73,0.049
9SZ2DJ,Algorithms,3,"But I feel like recently it's been like, But definitely, I feel like the ones that I stick to the most are the ones my friends tell me about because it's like, they know what you listen to and they, but then they also want to introduce you to their music taste.",0.9688,positive,0.345,0.655,0.0
9SZ2DJ,Algorithms,4,"So it's like cool to listen to your friends' music and then be like, oh, I like this too, Yeah.",0.9349,positive,0.555,0.445,0.0
B4A6KD,Algorithms,1,Or like the computer [suggested] songs.,0.3612,positive,0.333,0.667,0.0
B4A6KD,Algorithms,2,"I just like... there was one I was like, “I hate this.”",-0.296,negative,0.176,0.563,0.261
B4A6KD,Algorithms,3,I do algorithm stuff.,0.0,neutral,0.0,1.0,0.0
B4A6KD,Algorithms,4,I follow artists that I already know.,0.0,neutral,0.0,1.0,0.0
B4A6KD,Algorithms,5,"And then like Spotify has like a, “you may know this artist.”",0.6124,positive,0.333,0.667,0.0
B4A6KD,Algorithms,6,And then typically I like when my friends send me songs and I'll like go through that artist and then find things related.,0.7964,positive,0.299,0.701,0.0
B4A6KD,Algorithms,7,"So like, through friends and then algorithms step 2 type of thing.",0.7316,positive,0.406,0.594,0.0
B4A6KD,Algorithms,8,A lot of my favorite songs have been things that people have shown me as well.,0.6249,positive,0.282,0.718,0.0
B4A6KD,Algorithms,9,"Were the computer [suggested] songs, were those real?",0.0,neutral,0.0,1.0,0.0
B4A6KD,Algorithms,10,That's my only question.,0.0,neutral,0.0,1.0,0.0
B4A6KD,Algorithms,11,Like they're not like AI generated?,0.1002,positive,0.29,0.465,0.245
IAFS52,Algorithms,0,"I don't know, just algorithms, a much game.",0.0,neutral,0.0,1.0,0.0
IAFS52,Algorithms,1,"I listened to like, it's also just like, for context, I think it was like 2017.",0.7579,positive,0.405,0.595,0.0
IAFS52,Algorithms,2,"So it was like still somewhat relevant in like mainstream, if that makes sense.",0.6734,positive,0.315,0.685,0.0
IAFS52,Algorithms,3,"Cause it's like, it's around the time when like MCR and like, especially Fallout Boy, like Fallout Boy was like in main media.",0.8885,positive,0.41,0.59,0.0
IAFS52,Algorithms,4,"And I was like, okay, I like Fall Out Boy.",0.7096,positive,0.58,0.42,0.0
IAFS52,Algorithms,5,And then algorithms kept on just recommending me stuff like that.,0.3612,positive,0.2,0.8,0.0
IAFS52,Algorithms,6,"And I was like, this is kind of interesting.",0.6003,positive,0.45,0.55,0.0
IAFS52,Algorithms,7,And I kind of like this.,0.2975,positive,0.356,0.644,0.0
IF5UTV,Algorithms,2,"It's harder for me to go into someone's playlist and pick out things that I like because it's very, it's only when I really care about a person will I like sit down and listen to their playlist and not do anything else and like listen to the music and be like, oh my God, that song hit me so hard about that song.",0.914,positive,0.221,0.752,0.026
IF5UTV,Algorithms,3,"And, but usually what I do is I do like the, when I have a song that I really like and I love the vibe, I just do the like go to radio thing in Spotify.",0.9513,positive,0.389,0.611,0.0
IF5UTV,Algorithms,4,"And I don't like, some of the Spotify mixes like funky mix or like Brazilian mix.",-0.6937,negative,0.0,0.587,0.413
IF5UTV,Algorithms,5,"It's like, I find them really repetitive.",0.0534,positive,0.284,0.455,0.261
IF5UTV,Algorithms,6,"So when I'm trying to look for new music, I usually go to the radio of the song that I'm using too.",0.0,neutral,0.0,1.0,0.0
IIW3F8,Algorithms,0,I feel like it depends.,0.3612,positive,0.455,0.545,0.0
IIW3F8,Algorithms,1,Sometimes I'm A Spotify girl.,0.0,neutral,0.0,1.0,0.0
IIW3F8,Algorithms,2,"So like I'll hit shuffle on my playlist or whatever, but then I'll let it play into the like suggested songs.",0.8265,positive,0.325,0.675,0.0
IIW3F8,Algorithms,3,"And sometimes I will just, like I'll look up one song that I want and then it'll play songs that are similar to that.",0.6369,positive,0.246,0.754,0.0
IIW3F8,Algorithms,4,"So that's usually how I find new music, but it's also like my friends have similar music tastes and sometimes I'll hear a song and I'm like, whoa, what is that?",0.8922,positive,0.291,0.709,0.0
IIW3F8,Algorithms,5,And then I'll like look at it on my own.,0.3612,positive,0.217,0.783,0.0
IIW3F8,Algorithms,6,"But a lot of it is just like, This is a playlist that I like, but I want to get new music, so I'll hit the very last song and then let it give me suggested songs.",0.7876,positive,0.209,0.791,0.0
IOEYMP,Algorithms,0,"If they are recommending me like an artist, then I'll just go to the artist profile and then hit play because it'll play like their most popular songs.",0.8977,positive,0.359,0.641,0.0
IOEYMP,Algorithms,1,"And then from there, if I do continue to like them, then I'll like add their songs on my playlists and I'll like listen to their song radios and artist radios.",0.7579,positive,0.217,0.783,0.0
IQLWA6,Algorithms,1,"if they had come up on my music recommendations, I probably would have stayed to listen.",0.0,neutral,0.0,1.0,0.0
IQLWA6,Algorithms,3,"And so they'll give me something, but it is kind of hard to find new music.",-0.2592,negative,0.0,0.88,0.12
IQLWA6,Algorithms,4,"I think, because I don't use YouTube, I use Spotify A lot.",0.0,neutral,0.0,1.0,0.0
IQLWA6,Algorithms,5,And the only way to really get new music is to search something up and then let it be random.,0.0,neutral,0.0,1.0,0.0
IQLWA6,Algorithms,6,"But even then, sometimes I feel like it doesn't give me what I want, so I just give up and listen to it, I know.",0.5719,positive,0.198,0.802,0.0
J0QRGC,Algorithms,0,"I listen to a lot of music on Spotify, so sometimes I just like search for a genre and like look through some playlists.",0.6734,positive,0.235,0.765,0.0
J0QRGC,Algorithms,1,"But I also use also like social media, sometimes I find these songs that way.",0.5023,positive,0.213,0.787,0.0
J0QRGC,Algorithms,2,"Just by coincidence, I guess.",0.0,neutral,0.0,1.0,0.0
J0QRGC,Algorithms,3,"But I also, sometimes when I'm, I know that I'm trying to get into a specific genre, I go to a website, I don't know if you've heard of it, it's called every noise.com.",0.0,neutral,0.0,1.0,0.0
J0QRGC,Algorithms,4,"And it has, like, I think it uses, whatever like data from Spotify, but it kind of just like, it's kind of just a giant list of every genre that you could possibly think of.",0.6956,positive,0.184,0.816,0.0
J4J4VY,Algorithms,0,"Generally, I use Apple Music.",0.0,neutral,0.0,1.0,0.0
J4J4VY,Algorithms,1,So I sometimes will find new music from like their autoplay suggestions.,0.3612,positive,0.2,0.8,0.0
J4J4VY,Algorithms,2,I don't typically listen to the curated playlists from Apple Music.,0.0,neutral,0.0,1.0,0.0
J4J4VY,Algorithms,3,I'm honestly not sure if they have them.,0.2589,positive,0.274,0.547,0.179
J4J4VY,Algorithms,4,"And if they are, I don't think they're, I don't think their suggestions are generally that good for me.",0.4404,positive,0.153,0.847,0.0
J4J4VY,Algorithms,5,And I feel like I hear the same ones often.,0.3612,positive,0.263,0.737,0.0
J4J4VY,Algorithms,6,And I feel like they're kind of like generic compared to the typical music I listen to.,0.6124,positive,0.278,0.722,0.0
J4J4VY,Algorithms,7,"I will there's a website, I think it's called Spotalike, that you like input a song or two and then it recommends more based on that.",0.5267,positive,0.18,0.82,0.0
J4J4VY,Algorithms,8,And I think that algorithm finds things that I enjoy more than the Apple Music suggestions.,0.4939,positive,0.198,0.802,0.0
JAC6MU,Algorithms,0,"I don't like to engage with like internet music discourse that much, but sometimes I'll like watch a video about somebody talking about music and then they'll mention this song and I'll be like, okay, I'll check it out.",-0.6816,negative,0.054,0.716,0.23
JAC6MU,Algorithms,2,But it's never from an algorithm.,0.0,neutral,0.0,1.0,0.0
JAC6MU,Algorithms,3,Or that's not entirely true because like YouTube algorithm and like other stuff like that.,0.6949,positive,0.38,0.504,0.117
JAC6MU,Algorithms,4,"But like never from like, I use Spotify, never from like Discover Weekly or stuff like that.",0.9186,positive,0.52,0.48,0.0
JAC6MU,Algorithms,5,"Or it's usually like related bands maybe, or like bands on like the same label, like that type of stuff.",0.8402,positive,0.385,0.615,0.0
JAC6MU,Algorithms,6,I feel like I've really been developing my personal taste like exponentially over the past like maybe half decade.,0.7579,positive,0.333,0.667,0.0
JAC6MU,Algorithms,7,"Part of that was getting Spotify Premium, which I hate to say.",-0.5719,negative,0.0,0.73,0.27
JAC6MU,Algorithms,8,"I'm very like, screw Spotify and all these streaming services, but also, God, it's showing me so much good stuff.",0.8164,positive,0.337,0.612,0.051
JAC6MU,Algorithms,9,It's like just the realm of possibilities is so open.,0.3612,positive,0.217,0.783,0.0
L0CULX,Algorithms,0,I love like listening to new music.,0.7717,positive,0.626,0.374,0.0
L0CULX,Algorithms,1,So I usually like Spotify is the streaming platform I use.,0.4173,positive,0.258,0.742,0.0
L0CULX,Algorithms,2,So I usually just like it gives you the like top hits every week.,0.7451,positive,0.423,0.577,0.0
L0CULX,Algorithms,3,"And then it also gives you the, your suggested topics.",0.0,neutral,0.0,1.0,0.0
L0CULX,Algorithms,4,"So weekly, I'll just go and be like, listen through it.",0.3612,positive,0.2,0.8,0.0
MH2DWX,Algorithms,0,"I guess sort of like at random, if that makes sense.",0.2975,positive,0.197,0.803,0.0
MH2DWX,Algorithms,1,Some of my favorite songs are just ones that I found purely by chance.,0.6461,positive,0.324,0.676,0.0
MH2DWX,Algorithms,2,"Like I think one of them I found just like scrolling YouTube and I was like, oh, that music video looks really good.",0.8655,positive,0.401,0.599,0.0
MH2DWX,Algorithms,3,Became one of my favorite songs.,0.4588,positive,0.375,0.625,0.0
MH2DWX,Algorithms,4,Some of them are like suggestions.,0.3612,positive,0.333,0.667,0.0
MH2DWX,Algorithms,5,"Usually my like favorite, favorite ones are stuff I found like on my own that weren't necessarily recommended to me.",0.8558,positive,0.414,0.526,0.06
MH2DWX,Algorithms,6,I guess it feels more personal.,0.0,neutral,0.0,1.0,0.0
MH2DWX,Algorithms,8,I'm not like actively searching out recommended songs usually.,-0.312,negative,0.152,0.505,0.343
MH2DWX,Algorithms,10,I've only done that like once or twice.,0.3612,positive,0.263,0.737,0.0
MH2DWX,Algorithms,11,"I'm just like, I feel like new music, but I want something like familiar or something.",0.7351,positive,0.451,0.549,0.0
MH2DWX,Algorithms,12,But usually it just sort of pops up by chance.,0.3612,positive,0.217,0.783,0.0
MH2DWX,Algorithms,13,"Like I'm not looking for new songs, I guess.",0.3612,positive,0.263,0.737,0.0
NX3IYL,Algorithms,0,"Yeah, I use, that's how I've found like a couple of my favorite bands were just through some Spotify algorithms.",0.7717,positive,0.339,0.661,0.0
NX3IYL,Algorithms,1,"But mainly the Spotify algorithm, because I do like a pretty specific type of music.",0.8201,positive,0.407,0.593,0.0
OA8J4N,Algorithms,0,But sometimes I do like the generated ones.,0.5023,positive,0.351,0.649,0.0
OA8J4N,Algorithms,1,Like sometimes my Apple Music will be playing songs I hear all the time.,0.5106,positive,0.281,0.719,0.0
OA8J4N,Algorithms,2,So I'll do like a random playlist that's like in a genre that I like.,0.8069,positive,0.48,0.52,0.0
OA8J4N,Algorithms,3,So there's already auto-generated songs like curated and a mix together.,0.3612,positive,0.217,0.783,0.0
OSF8B7,Algorithms,0,"TikTok, I found a lot of small artists that I really like because they'll pop up and then I follow them.",0.4201,positive,0.149,0.851,0.0
OSF8B7,Algorithms,1,They do like the Discover mix.,0.3612,positive,0.333,0.667,0.0
OSF8B7,Algorithms,2,They'll renew it every week.,0.0,neutral,0.0,1.0,0.0
OSF8B7,Algorithms,3,I used to listen to it a lot more.,0.0,neutral,0.0,1.0,0.0
OSF8B7,Algorithms,4,I've never really found anything I loved off of it.,0.6326,positive,0.342,0.658,0.0
OSF8B7,Algorithms,5,Like the only thing I've ever found was it would take bands I already listened to.,0.3612,positive,0.152,0.848,0.0
OSF8B7,Algorithms,6,"And sometimes if they had newer music I hadn't listened to yet, it would be on there and I'd like that.",0.3612,positive,0.116,0.884,0.0
OSF8B7,Algorithms,7,But most of the straight out recommendations I did not enjoy.,-0.177,negative,0.194,0.564,0.243
OSF8B7,Algorithms,9,Or it was just really indifferent too.,-0.2716,negative,0.0,0.741,0.259
OSF8B7,Algorithms,10,Especially modern rap.,0.0,neutral,0.0,1.0,0.0
OSF8B7,Algorithms,12,And it kept trying to recommend that to me.,0.3612,positive,0.238,0.762,0.0
OSF8B7,Algorithms,13,So I kept thumbs downing it.,0.0,neutral,0.0,1.0,0.0
OSF8B7,Algorithms,14,And finally it stopped giving me rap songs.,0.128,positive,0.233,0.583,0.184
OSF8B7,Algorithms,15,"But then the other ones, a lot of the time it But then the other ones, a lot of the time it would just be like bland.",0.5023,positive,0.119,0.881,0.0
OSF8B7,Algorithms,16,"Weird term for music, but just be like, I would listen to it if it was on, but I wouldn't go out of the way to put it on.",0.4404,positive,0.11,0.845,0.046
OSF8B7,Algorithms,18,Like background music-ish.,0.3612,positive,0.556,0.444,0.0
PF65TG,Algorithms,1,I have my own CDs I put in my car.,0.0,neutral,0.0,1.0,0.0
PF65TG,Algorithms,2,"And then, well, I don't have Spotify Premium, but I'll listen to like the daily mix they'll make or like some of those other kind of like other playlists that they make, which I like.",0.9267,positive,0.342,0.658,0.0
PF65TG,Algorithms,3,I think most of the time they play like music that I've heard of before.,0.5994,positive,0.29,0.71,0.0
PF65TG,Algorithms,4,So sometimes I get a little frustrated that it's like no new song.,-0.4228,negative,0.158,0.506,0.336
PUN5JW,Algorithms,0,Spotify does like the the like day lists or makes playlists for you.,0.6124,positive,0.312,0.688,0.0
PUN5JW,Algorithms,1,So probably that too.,0.0,neutral,0.0,1.0,0.0
PYIPEW,Algorithms,0,"Yeah, a lot of times I'll like put on a song or two that I like and then just have Spotify like shuffle or I'll do I've been trying out the DJ lately.",0.8271,positive,0.272,0.728,0.0
PYIPEW,Algorithms,1,I don't know how I feel about it.,0.0,neutral,0.0,1.0,0.0
PYIPEW,Algorithms,2,Sometimes it's good.,0.4404,positive,0.592,0.408,0.0
PYIPEW,Algorithms,3,"Sometimes I'm like, But I definitely do like just hearing things that are like similar to what I'm listening to, but, you know, new to me still.",0.8957,positive,0.349,0.651,0.0
Q71QCH,Algorithms,0,"I usually rely on algorithms I do,",0.0,neutral,0.0,1.0,0.0
QNJQ2F,Algorithms,0,"I think the ones suggested by the computer were more accurate to what I would listen to than I thought it would be, if that was what the goal was.",0.0,neutral,0.0,1.0,0.0
QNJQ2F,Algorithms,1,"I didn't know any of them, but they were, I liked them.",0.5719,positive,0.291,0.709,0.0
R5EXRJ,Algorithms,0,I guess I just noticed that like the computer algorithm was kind of weird.,0.1298,positive,0.172,0.69,0.138
R5EXRJ,Algorithms,1,"I liked the first one, cbut it definitely had a weird start to it and then I really did not like the second one.",0.3456,positive,0.207,0.64,0.153
R5EXRJ,Algorithms,3,It was interesting to see how it varied to my tastes.,0.4019,positive,0.213,0.787,0.0
R5EXRJ,Algorithms,4,"Was just really... for me, it was like the genre, like I don't like country music.",0.7579,positive,0.385,0.615,0.0
R5EXRJ,Algorithms,5,"And so I heard a country song and I automatically was like, no, absolutely not.",0.0772,positive,0.17,0.68,0.15
R5EXRJ,Algorithms,6,"And the first one, I guess like when I first started listening to it, I was like, this is really weird.",0.4601,positive,0.227,0.682,0.091
R5EXRJ,Algorithms,8,It was like really techy.,0.3612,positive,0.385,0.615,0.0
R5EXRJ,Algorithms,10,And then it got more into the song and I started to really like it.,0.4201,positive,0.177,0.823,0.0
R5EXRJ,Algorithms,11,"And then I looked at it and I was like, it's computer generated.",0.3612,positive,0.2,0.8,0.0
R5EXRJ,Algorithms,12,"So then I guess that throws in like another bias of like, oh, well, it's the computer.",0.6908,positive,0.346,0.585,0.068
R5EXRJ,Algorithms,13,So it's going to be weird.,-0.1779,negative,0.0,0.746,0.254
R5EXRJ,Algorithms,14,Like it's not going to be like personal.,0.6124,positive,0.455,0.545,0.0
R5EXRJ,Algorithms,15,"Like on Spotify, they have the DJ and they'll like to, they'll be like, we'll play some music from your likes list.",0.8934,positive,0.428,0.572,0.0
R5EXRJ,Algorithms,16,And then I'll just throw a couple of different ones out there for you.,0.0,neutral,0.0,1.0,0.0
R5EXRJ,Algorithms,17,"And like the different ones, like some, like they really vary.",0.7579,positive,0.484,0.516,0.0
R5EXRJ,Algorithms,18,"Like sometimes I'm like, okay, like I can get into this.",0.8126,positive,0.61,0.39,0.0
R5EXRJ,Algorithms,19,"But for me personally, it's really hard to get into new music because I just, I don't know, it's hard for me to like stay and listen.",0.0441,neutral,0.111,0.75,0.139
R5EXRJ,Algorithms,20,"for this, it was good for me because I actually had to sit down and listen to the whole song, not just skip every 30 seconds.",0.4404,positive,0.108,0.892,0.0
TU93WC,Algorithms,0,"there was one song that the computer suggested that I was like, oh, I don't like this at all.",0.6124,positive,0.25,0.75,0.0
TU93WC,Algorithms,1,"And I can understand where like it got it from, like how it thought I might like something like that.",0.8402,positive,0.417,0.583,0.0
TU93WC,Algorithms,2,"But I was like, I didn't care for it.",-0.0495,neutral,0.278,0.428,0.294
TU93WC,Algorithms,3,But that was the only song that I didn't like that I heard.,-0.395,negative,0.0,0.79,0.21
TU93WC,Algorithms,5,"And with the computer, I think it was kind of similar because I was thinking like, what about this song makes it so it's being recommended, what is the key component of it?",0.552,positive,0.136,0.864,0.0
TU93WC,Algorithms,6,"Like, is it going to be the beat over the lyrics in that situation or whatever?",0.3612,positive,0.143,0.857,0.0
TU93WC,Algorithms,7,"So I think those are the things I was looking for the most, I would say.",0.0,neutral,0.0,1.0,0.0
V1B21E,Algorithms,0,"It felt like there were, I think, maybe twice where I was with a group, but then it was a computer suggested song and that was just kind of sad because I felt like a waste of an opportunity.",-0.1505,negative,0.193,0.622,0.184
V1B21E,Algorithms,1,The computer suggested songs made sense given the other songs that I had heard.,0.0,neutral,0.0,1.0,0.0
V1B21E,Algorithms,2,"They were kind of just like, here's a guitar and people singing.",0.3612,positive,0.2,0.8,0.0
V1B21E,Algorithms,3,"So I was like, it makes sense, but it wasn't as good as the other songs.",-0.3004,negative,0.105,0.722,0.173
V1B21E,Algorithms,4,It was definitely the same genre.,0.4019,positive,0.351,0.649,0.0
V1B21E,Algorithms,6,But like the other spectrum of the genre where like I don't really listen to that side of it that much.,0.7579,positive,0.265,0.735,0.0
V1B21E,Algorithms,7,"So I don't know how to really describe that, just as not quite the same.",0.0,neutral,0.0,1.0,0.0
V1B21E,Algorithms,8,"Yeah, I felt, so the genre overhaul I think would be kind of described as like folk, but that one led more into I don't know if I would describe it as like Country Sorrow, but I don't remember if it was actually like a happy or sad song, but it had more of that like, you would hear it on the radio and it would just kind of be on.",0.8126,positive,0.216,0.679,0.104
V1B21E,Algorithms,10,I don't really know.,0.0,neutral,0.0,1.0,0.0
V1B21E,Algorithms,12,A lot less involved in like musically diverse.,0.3041,positive,0.272,0.728,0.0
V1B21E,Algorithms,13,"It was more generic, I suppose.",0.0,neutral,0.0,1.0,0.0
V1B21E,Algorithms,14,So I think like people find the more interesting songs and better than the computer tends to.,0.8258,positive,0.4,0.6,0.0
V1B21E,Algorithms,15,"Because I can't listen to it, it's just kind of making assumptions.",0.0,neutral,0.0,1.0,0.0
V1B21E,Algorithms,16,"But with the computer ones, it was kind of just like the passing by tune.",0.5023,positive,0.188,0.812,0.0
V1B21E,Algorithms,17,Like I would never go listen to it again forcefully.,0.3612,positive,0.238,0.762,0.0
V1B21E,Algorithms,18,So Sometimes I'll try algorithms.,0.0,neutral,0.0,1.0,0.0
V1B21E,Algorithms,19,"I use Amazon Music, but their AI sucks.",-0.4404,negative,0.141,0.521,0.339
V1B21E,Algorithms,20,"So I have Spotify specifically to like find songs occasionally when I'm in the mood, because it has ads and I like that.",0.6124,positive,0.208,0.792,0.0
V1B21E,Algorithms,21,"I find the most success by whenever I'm hanging out with my friends and they're playing music, which is not super often, but when it happens, usually there's a song that I really like and then I'll just kind of dive through the artist and explore their stuff.",0.7624,positive,0.186,0.774,0.04
V1B21E,Algorithms,22,And then you can see what playlists and usually that and other stuff.,0.0,neutral,0.0,1.0,0.0
V1B21E,Algorithms,23,I kind of just like follow trails of what people find interesting.,0.6369,positive,0.366,0.634,0.0
V47GRV,Algorithms,0,"The computer songs sounded pretty much how I thought they would, because I figured it would be pretty similar to what I had submitted.",0.7506,positive,0.252,0.748,0.0
V47GRV,Algorithms,1,"But like I said, I expected the other people's favorite songs to be a more diverse set of genres.",0.8047,positive,0.341,0.659,0.0
V47GRV,Algorithms,2,"I pick up music very slowly and I've only had a Spotify account for the like, since I got into college, so about two years.",0.3612,positive,0.106,0.894,0.0
V47GRV,Algorithms,3,"now occasionally, because I have more of a defined playlist of adding things that I do enjoy, occasionally I will put use the Spotify algorithms to see what it suggests.",0.4939,positive,0.113,0.887,0.0
V47GRV,Algorithms,4,"And then sometimes if I really like it, or if it's a song that feels nostalgic that I haven't heard in a while, then I'll throw it in my playlist.",0.4201,positive,0.1,0.9,0.0
V47GRV,Algorithms,5,"Other than that, I don't know where I get my music.",0.0,neutral,0.0,1.0,0.0
V47GRV,Algorithms,6,Sometimes it just occurs and it just appears.,0.0,neutral,0.0,1.0,0.0
V47GRV,Algorithms,7,I went to my playlist on Spotify.,0.0,neutral,0.0,1.0,0.0
V47GRV,Algorithms,8,"I scrolled kind of more towards the bottom, towards the songs I've added more recently, because that's more consistent with my current taste.",0.0,neutral,0.0,1.0,0.0
V47GRV,Algorithms,9,I mostly sorted it probably by bands and artists that I enjoy more and listen to more often.,0.4939,positive,0.176,0.824,0.0
V47GRV,Algorithms,10,"And then just pick the ones that were, that I like, I guess.",0.3612,positive,0.2,0.8,0.0
V4HSKU,Algorithms,0,"when it came to the computer algorithm, I felt myself not wanting to like pay as much attention to the song or not wanting to enjoy it, or like not needing to enjoy it as much because I didn't have any like personal connection to anyone at least that was in the room.",-0.8746,negative,0.0,0.776,0.224
V4HSKU,Algorithms,1,"Yeah, that's a good question because sometimes I just, I don't really know.",0.6249,positive,0.389,0.611,0.0
V4HSKU,Algorithms,2,Sometimes I just kind of pick my favorite music and just have that match the vibe of whatever I'm feeling.,0.5423,positive,0.209,0.791,0.0
V4HSKU,Algorithms,4,"But a lot of times I, don't know actually, I think it's kind of random just maybe what I haven't listened to in a while between all my playlists or I use Spotify and I have the Discover Weekly playlist that comes out with like 20 new songs that you never listened to on your Spotify account based on what you might listen to.",0.5023,positive,0.054,0.946,0.0
V4HSKU,Algorithms,5,"So I use that a lot, like just at the beginning of the week to listen to some new songs and then incorporate that into my playlist.",0.3612,positive,0.094,0.906,0.0
V4HSKU,Algorithms,6,So I feel like I always resort to that when I don't feel a specific vibe or what I want to listen to.,0.4728,positive,0.203,0.797,0.0
V4HSKU,Algorithms,8,I used to Discover Weekly A lot.,0.0,neutral,0.0,1.0,0.0
V4HSKU,Algorithms,9,"And then, through other people too, and through specifically that one friend who I know that, we listen to a lot of bluegrass, that's the music I was kind of referring to, is that we have similar tastes in that.",0.4939,positive,0.082,0.918,0.0
V4HSKU,Algorithms,10,"And I love finding new bluegrass music, so I get it from her a lot.",0.6369,positive,0.276,0.724,0.0
V4HSKU,Algorithms,11,"My parents too, we all have kind of similar music tastes, but I think on a day-to-day basis, the Discover Weekly, or like the, I guess it's like Spotify generated playlist that they put on your homepage based on what you listen to.",0.7579,positive,0.146,0.854,0.0
V4HSKU,Algorithms,12,just to see if something new is good.,0.4404,positive,0.293,0.707,0.0
V4HSKU,Algorithms,13,And obviously the algorithm knows what I like to listen to.,0.3612,positive,0.217,0.783,0.0
V6UZPS,Algorithms,0,I think I only heard one that was from one other person.,0.0,neutral,0.0,1.0,0.0
V6UZPS,Algorithms,1,"The rest were just computer suggestions, and I liked the one that was... actually, I think maybe 2.... I liked the two that were like, user suggestions.",0.7964,positive,0.278,0.722,0.0
V6UZPS,Algorithms,2,"I felt like the algorithm the computer chose maybe was... it didn't really have a lot of feeling to it, like songs that meant anything.",0.6705,positive,0.245,0.755,0.0
V6UZPS,Algorithms,3,I was super excited.,0.743,positive,0.863,0.137,0.0
V6UZPS,Algorithms,4,I was kind of bummed when I realized nobody else was in the room when “What Does The Fox Say” was playing because I thought that would be a fun turn of events for whoever was in the music study.,0.6249,positive,0.13,0.87,0.0
V6UZPS,Algorithms,5,"But after they played two One Direction songs, I noticed that there was the same person in like Michigan.",0.7469,positive,0.284,0.716,0.0
V6UZPS,Algorithms,6,"I was like, “ooh, I hope they know that it's the same person doing this.”",0.6597,positive,0.329,0.671,0.0
V6UZPS,Algorithms,7,"Or even better if they don't know, and then like, just bring One Direction back.",0.6597,positive,0.293,0.707,0.0
V6UZPS,Algorithms,8,"I was kind of hoping that somebody would be like, “oh, this is a really good song I should add it to my playlist.”",0.802,positive,0.313,0.687,0.0
V6UZPS,Algorithms,9,"But I don't know if anyone's actually done that, I guess I won’t know.",0.0,neutral,0.0,1.0,0.0
V6UZPS,Algorithms,11,And Spotify did these little “message in a bottle” things.,0.0,neutral,0.0,1.0,0.0
V6UZPS,Algorithms,12,"And I opened mine actually on the way coming here, and I shared two of those songs on my Snapchat Story.",0.34,positive,0.118,0.882,0.0
V6UZPS,Algorithms,13,One was “a song that would be hard to explain to your great grandkids.”,0.5719,positive,0.234,0.686,0.08
V6UZPS,Algorithms,14,And I did like a Minecraft parody for that one.,0.3612,positive,0.263,0.737,0.0
V6UZPS,Algorithms,15,And I thought I was being hilarious.,0.4019,positive,0.403,0.597,0.0
V6UZPS,Algorithms,16,"I posted it on my story because I opened it and I posted... I made it a year ago, and I was like, “look how funny I am, guys!”",0.69,positive,0.222,0.778,0.0
VD1PLG,Algorithms,0,"Usually I would like just whatever song I like, I'll go to the artist and go through it.",0.6124,positive,0.263,0.737,0.0
VD1PLG,Algorithms,1,"But recently I've been trying like just telling the, I use Spotify and they have the AI DJ.",0.5023,positive,0.169,0.831,0.0
VD1PLG,Algorithms,2,"So I've been just telling it, like I've been into Pharrell's like production, like with the band Nerd.",0.6486,positive,0.316,0.591,0.093
VD1PLG,Algorithms,3,"So I just asked them, I'm like, hey, like I want, I want to hear something like produced by Pharrell or Nerd.",0.7096,positive,0.399,0.514,0.087
VD1PLG,Algorithms,4,And I'll like find some really cool songs that way.,0.624,positive,0.389,0.611,0.0
VD1PLG,Algorithms,5,"And I was like, I've been just using the, I've been trying to test out the like DJ AI thing and it's been pretty, pretty good.",0.9231,positive,0.417,0.583,0.0
VD1PLG,Algorithms,6,I've been finding really cool songs.,0.3804,positive,0.341,0.659,0.0
W5T7LB,Algorithms,0,"For the computer ones, I didn't really like them.",-0.3241,negative,0.0,0.751,0.249
W5T7LB,Algorithms,1,"Like it was like close though, I was like, I could see how like maybe an algorithm would think that like I would like this or like if I'm comparing it to like the other songs that I heard from like the other participants and like I could see how it could be like recommended, I guess.",0.9758,positive,0.429,0.571,0.0
W5T7LB,Algorithms,2,"But it was like, something was like off, and it just wasn't something that I like would naturally gravitate towards right now.",0.8674,positive,0.351,0.649,0.0
W5T7LB,Algorithms,3,"But I kind of also realized during it that like context is really important for me, I like to know like what else the artist does, how long they've been making music, when the song came out, like all those kinds of things kind of play a role in like my enjoyment of a song.",0.9787,positive,0.381,0.619,0.0
W5T7LB,Algorithms,4,"I really, realized during that.",0.0,neutral,0.0,1.0,0.0
W5T7LB,Algorithms,5,"so maybe if I knew more about the artist or heard other songs by the artist, then I would enjoy those ones more.",0.4939,positive,0.138,0.862,0.0
W5T7LB,Algorithms,6,"But for just listening to it, I wasn't a huge fan of the ones that were like recommended.",0.1441,positive,0.244,0.537,0.219
W5T7LB,Algorithms,7,"I'm like, the Spotify algorithm always gets me too, you know, like I'm always getting like, I listen to the day list, I listen to like, I don't know, I'll do the thing where I like search a song and click on it, and then it'll just play like whatever's recommended after that.",0.9451,positive,0.324,0.676,0.0
W5T7LB,Algorithms,8,"Those are ways that I tend to like find new artists, I guess.",0.3612,positive,0.2,0.8,0.0
WOGMXV,Algorithms,0,I thought it was interesting when I was like listening to the computer algorithm songs.,0.6369,positive,0.321,0.679,0.0
WOGMXV,Algorithms,1,"especially when there was no one else in the room, I feel like it was way less interesting for me.",0.4033,positive,0.212,0.692,0.095
WOGMXV,Algorithms,2,But I felt my mind wandering A lot.,0.0,neutral,0.0,1.0,0.0
WOGMXV,Algorithms,3,"And I had to keep going back and be like, okay, focus, think about the song.",0.5267,positive,0.253,0.747,0.0
WOGMXV,Algorithms,4,"But then also, I thought it was kind of cool when I was in a room with multiple people and I was listening to someone else's song.",0.3634,positive,0.102,0.898,0.0
WOGMXV,Algorithms,5,And I was like trying to figure out like who it would be.,0.6124,positive,0.333,0.667,0.0
WOGMXV,Algorithms,6,"I was like, whose favorite song is this?",0.6705,positive,0.524,0.476,0.0
WOGMXV,Algorithms,7,"But I don't, I just thought like those were some things that I noticed I was doing while I was listening.",-0.395,negative,0.0,0.849,0.151
WOGMXV,Algorithms,9,"Whereas with the computer songs, it was very much like, oh, this was just suggested by technology as opposed to like a real human being.",0.6764,positive,0.202,0.798,0.0
WOGMXV,Algorithms,10,"So it has like no connection to that technology that recommended the song to me, you know, as opposed to like the participants' favorite songs or personal favorites where like something that they specifically chose and they actually have like a strong connection with.",0.9569,positive,0.378,0.585,0.038
WOGMXV,Algorithms,11,I think that was the main reason why.,0.0,neutral,0.0,1.0,0.0
WOGMXV,Algorithms,12,"Yeah, sometimes I'll listen to like the day lists.",0.5719,positive,0.402,0.598,0.0
WOGMXV,Algorithms,13,"But I feel like a lot of the time, because I'm a dance teacher, so I listen to a lot of music while I'm teaching.",0.5023,positive,0.146,0.854,0.0
WOGMXV,Algorithms,14,And a lot of the times my day lists are based off of those.,0.0,neutral,0.0,1.0,0.0
WOGMXV,Algorithms,15,And I don't necessarily want to like listen to all my teaching music in my free time.,0.6786,positive,0.29,0.649,0.061
WOGMXV,Algorithms,16,"So sometimes it's like, accurate.",0.4144,positive,0.409,0.591,0.0
WOGMXV,Algorithms,18,I feel like it just kind of depends on the day.,0.3612,positive,0.217,0.783,0.0
WOGMXV,Algorithms,19,"But I tried the DJ thing once also, and I, it was, I just thought it was strange how there was like a person talking and everything.",0.2617,positive,0.118,0.801,0.08
WOGMXV,Algorithms,20,Like I'd rather just have the music playing back-to-back.,0.5106,positive,0.381,0.619,0.0
WOGMXV,Algorithms,21,But I have like tried those things.,0.5023,positive,0.394,0.606,0.0
WOGMXV,Algorithms,22,But usually I do go back to my preset playlist or I just like I play a song and then it like Spotify automatically plays like recommended songs kind of similar to that like first song that played.,0.9716,positive,0.479,0.521,0.0
WOGMXV,Algorithms,23,So sometimes I just like let that go and see if I find new songs.,0.4144,positive,0.187,0.813,0.0
WOGMXV,Algorithms,24,But I'm always like looking for new stuff.,0.5023,positive,0.317,0.683,0.0
WOGMXV,Algorithms,25,"So I would say that the like AI and like computer generated stuff is helpful sometimes, but other times it's like questionable.",0.5927,positive,0.315,0.583,0.102
WXA3LM,Algorithms,0,I felt like the two I got were kind of generic poppy.,0.3612,positive,0.217,0.783,0.0
WXA3LM,Algorithms,1,I don't know if it quite it didn't quite seem similar to like the songs I put.,0.3612,positive,0.152,0.848,0.0
WXA3LM,Algorithms,2,And I don't know if it quite seemed like overly similar to some of the other people's songs.,0.4173,positive,0.148,0.852,0.0
WXA3LM,Algorithms,3,"I think that was just like, it was nice, but it was a little bit generic in a way.",0.3919,positive,0.207,0.793,0.0
WXA3LM,Algorithms,4,Maybe it felt generic also because it was computer generated like suggestion.,0.3612,positive,0.185,0.815,0.0
WXA3LM,Algorithms,5,"But I think there wasn't like, because it was like, not only do I not necessarily care about the song, I also don't care about it being someone's favorite or something, like a reason behind it being there other than just the computer outgo?",-0.8714,negative,0.076,0.643,0.281
WXA3LM,Algorithms,6,"No, I definitely use the Spotify like generation system, like the playlist of the day or I definitely use those A lot.",0.802,positive,0.391,0.526,0.083
WXA3LM,Algorithms,7,And then either that or just from TikToks or videos online or maybe I'll just hear like a snippet of the song and I just like that one snippet so I'll find it.,0.6124,positive,0.147,0.853,0.0
WXA3LM,Algorithms,8,"But then I also like do a lot of like, because with the Spotify song, you can generate like the radio based on that song or like or again, the one of the day, of the whatever it is.",0.9186,positive,0.283,0.717,0.0
WXA3LM,Algorithms,9,But a lot of it just comes from just randomly finding them.,0.0,neutral,0.0,1.0,0.0
WXA3LM,Algorithms,10,"Honestly, I feel like I've always been pretty attached to music.",0.8271,positive,0.554,0.446,0.0
WXA3LM,Algorithms,11,"Like At some point, I think my parents got an iPad and then they didn't actually use it, so they just gave it down to me.",0.3612,positive,0.094,0.906,0.0
WXA3LM,Algorithms,12,And I think I probably found music through YouTube or something.,0.0,neutral,0.0,1.0,0.0
WXA3LM,Algorithms,13,I can't remember that exactly.,0.0,neutral,0.0,1.0,0.0
WXA3LM,Algorithms,15,"But I remember just the, I have a lot of songs from just the Apple Music when I used to use Apple Music.",0.0,neutral,0.0,1.0,0.0
WXA3LM,Algorithms,16,"I think probably between like, especially like TikTok stuff with like animation's always like connected to songs, because it just makes it more catchy.",0.8402,positive,0.345,0.655,0.0
WXA3LM,Algorithms,17,"There's probably been some that I like found through just like, oh, I can't, again, I can't quite remember the list, because some of them don't really come to that, like the Bulgarian one, or like, I don't, there's one from like this European Song Contest.",0.8885,positive,0.253,0.747,0.0
WXA3LM,Algorithms,18,"I don't know if I, because it is used a lot, incidentally, in like other medias.",0.3612,positive,0.161,0.839,0.0
WXA3LM,Algorithms,19,But I don't know if I found it through that or if I just found it through the song contest.,0.0,neutral,0.0,1.0,0.0
WXA3LM,Algorithms,21,"But a lot of it does tend to, again, it's like all kind of catchy and like upbeat and like some of the stuff that you would use in like fandom stuff anyway.",0.9186,positive,0.317,0.683,0.0
WXA3LM,Algorithms,22,And I think one of them is also from like a concept musical.,0.3612,positive,0.2,0.8,0.0
WXA3LM,Algorithms,23,"So like, I think it's also just the connection between like music and like visual stuff that also kind of ties in or like the music and like storyline or music and like plot stuff that also just exists as like a other thing.",0.9555,positive,0.358,0.642,0.0
X1QQ4F,Algorithms,0,I was going to ask you about the last song that I heard because I really liked it.,0.4754,positive,0.181,0.819,0.0
X1QQ4F,Algorithms,1,Probably after this I'll try to find it anyways.,0.0,neutral,0.0,1.0,0.0
X1QQ4F,Algorithms,2,"Yeah, and actually I liked the first one too.",0.6124,positive,0.455,0.545,0.0
X1QQ4F,Algorithms,3,"I thought the algorithm was, I don't want to say tender [catered?]",-0.0572,negative,0.0,0.88,0.12
X1QQ4F,Algorithms,4,"to what I kind of like, but in a sense it almost felt like it.",0.529,positive,0.286,0.714,0.0
X1QQ4F,Algorithms,5,"The other people's music was definitely different, but it wasn't as different as I was expecting.",0.2144,positive,0.117,0.883,0.0
X1QQ4F,Algorithms,6,I was expecting something very different.,0.0,neutral,0.0,1.0,0.0
X1QQ4F,Algorithms,7,I don't really know why.,0.0,neutral,0.0,1.0,0.0
X1QQ4F,Algorithms,8,Probably just because of where they live.,0.0,neutral,0.0,1.0,0.0
X6YZK0,Algorithms,0,"Honestly, I didn't enjoy them all that much.",0.0956,positive,0.282,0.47,0.247
X6YZK0,Algorithms,1,"I don't know if it was, I felt like the genre that they were picking was like mainly pop and I don't like, I'm not like solely pop.",0.8402,positive,0.323,0.677,0.0
X6YZK0,Algorithms,2,"Like if a song's just pop, I don't really like it.",0.0447,neutral,0.211,0.592,0.197
X6YZK0,Algorithms,3,"And like, I remember two out of the three songs were like about breakups.",0.6124,positive,0.312,0.688,0.0
X6YZK0,Algorithms,4,"And I just like, in general, one of my songs on there like alludes to a breakup, but in general songs that are just like solely like, I broke up with someone.",0.6486,positive,0.265,0.637,0.098
X6YZK0,Algorithms,5,"Like I just don't gravitate towards those because I feel like it's such like a reused genre, I guess, or like plot point in music.",0.8402,positive,0.37,0.63,0.0
X6YZK0,Algorithms,7,So like they were okay.,0.5709,positive,0.61,0.39,0.0
X6YZK0,Algorithms,8,"Like a lot of them, like I was like, oh yeah, that was like a good song, but I'm not going to go home and like search it up and like try to find it.",0.9194,positive,0.415,0.585,0.0
X6YZK0,Algorithms,9,"So yeah, the butterfly one, I might try to find that one.",0.3597,positive,0.2,0.8,0.0
X6YZK0,Algorithms,10,"I was like, I'm not going to hurt a computer's feelings.",0.6458,positive,0.43,0.57,0.0
X6YZK0,Algorithms,11,Not that I could hurt their feelings either.,0.4168,positive,0.316,0.684,0.0
X6YZK0,Algorithms,12,They don't know what I'm putting down.,0.0,neutral,0.0,1.0,0.0
XRONEG,Algorithms,0,"Spotify, like when you're queuing songs, they try to like auto suggest and it's like, it just ruins the vibe and everyone's like, what?",0.7269,positive,0.313,0.596,0.091
XRONEG,Algorithms,1,"Usually, since I use Spotify to like stream a lot of my music, like, and I listen to music often, they'll create like albums and they'll like put like suggested songs and sometimes it'll really like resonate with me.",0.9337,positive,0.371,0.629,0.0
XRONEG,Algorithms,2,Other times it doesn't.,0.0,neutral,0.0,1.0,0.0
XRONEG,Algorithms,3,And I just not interested or hide the song or whatever it is.,-0.1877,negative,0.11,0.726,0.164
XV0S8C,Algorithms,1,"Just like, you know, like the suggested tracks.",0.6124,positive,0.455,0.545,0.0
XV0S8C,Algorithms,3,"So like, I don't like seek it.",0.6794,positive,0.583,0.417,0.0
XV0S8C,Algorithms,4,"It's kind of just like, if it comes to me, it comes.",0.3612,positive,0.185,0.815,0.0
XV0S8C,Algorithms,5,but I'm not huge into finding new music.,-0.3491,negative,0.0,0.741,0.259
XV0S8C,Algorithms,6,"Like every now and then I am, but I like what's what I know.",0.6124,positive,0.357,0.643,0.0
XWM6DC,Algorithms,0,"You know, click on something that looks interesting one day.",0.4019,positive,0.231,0.769,0.0
XWM6DC,Algorithms,1,"my music taste and the things I listen to is a lot of just randomly discovered stuff, I feel like.",0.3612,positive,0.135,0.865,0.0
XWM6DC,Algorithms,2,"I mean, maybe to some extent, whatever algorithmic recommendations, but I'm honestly racking my brain trying to think of like, when the last time I found something new was, because I do feel now that I'm thinking about it more, that like I tend to stick with the same music that I know quite a bit.",0.8885,positive,0.183,0.817,0.0
XWM6DC,Algorithms,3,"I mean, as I said, just finding random things or hearing something mentioned online or like it comes up in YouTube recommended or whatever.",0.5106,positive,0.177,0.823,0.0
XWM6DC,Algorithms,4,"So like the, I guess like what you were saying, the algorithmically suggested to an extent sometimes, but I don't really know.",0.4201,positive,0.174,0.826,0.0
Y1I6D6,Algorithms,0,"Like Spotify gives me the Discover Weekly and then I'll kind of go down like rabbit holes of like, if I find a song I like, I'll go to the radio and listen to all those songs.",0.8402,positive,0.25,0.75,0.0
Y1I6D6,Algorithms,1,"And then if I like another song, do that again and again, and then kind of just keep finding songs I like.",0.6124,positive,0.217,0.783,0.0
Y9N2G1,Algorithms,0,So most of it comes from Instagram.,0.0,neutral,0.0,1.0,0.0
Y9N2G1,Algorithms,1,"The Instagram recommended, I mean the songs which play in the reels.",0.4939,positive,0.318,0.682,0.0
Y9N2G1,Algorithms,2,"And again, Spotify does recommend some songs.",0.3612,positive,0.294,0.706,0.0
Y9N2G1,Algorithms,3,"I think, again, it does a very good job because it knows what kind of songs I like and then it gives me, it recommends me this, I mean, similar kind of songs.",0.7645,positive,0.226,0.774,0.0
YP35AR,Algorithms,0,I use Spotify Discover A lot.,0.0,neutral,0.0,1.0,0.0
YP35AR,Algorithms,1,And sometimes it will find like a gem.,0.3612,positive,0.294,0.706,0.0
YP35AR,Algorithms,2,"It's like usually one out of the playlist, but I'm like, that's a good song.",0.8338,positive,0.446,0.554,0.0
YP35AR,Algorithms,3,"It's usually not like most of them, but I do, you know, sometimes it does a good job.",0.5098,positive,0.198,0.721,0.08
YP35AR,Algorithms,4,I think it's the genre of music that it usually picks out that it gives to me.,0.0,neutral,0.0,1.0,0.0
YP35AR,Algorithms,5,"But then sometimes, like it's not always the style of music that I like about the song.",0.7579,positive,0.317,0.683,0.0
YP35AR,Algorithms,6,"Although I do notice that I do like a lot of, you know, guitar music.",0.3612,positive,0.185,0.815,0.0
YP35AR,Algorithms,7,"But I just feel like, because that's the backdrop of a lot of music that I like that has the lyrics that I like.",0.8674,positive,0.364,0.636,0.0
YP35AR,Algorithms,8,"It's not specific to the genre, but more like the content of the song.",0.5704,positive,0.221,0.779,0.0
YP35AR,Algorithms,9,"But sometimes again, like Spotify, Discover sometimes has like a gem in there.",0.7579,positive,0.394,0.606,0.0
YP35AR,Algorithms,10,"I'm like, now it's my favorite song.",0.6705,positive,0.524,0.476,0.0
Z01ABO,Algorithms,1,"Like, because I think it also depends on my mood.",0.3612,positive,0.238,0.762,0.0
Z01ABO,Algorithms,2,"Because like sometimes I'll be like, I just want some noise.",0.6486,positive,0.474,0.526,0.0
Z01ABO,Algorithms,3,And I'll like listen to like new stuff.,0.6124,positive,0.455,0.545,0.0
06ECDB,Computer Music,0,"I think they're pretty on point with what I heard, at least when I inputted for myself and kind of what I heard from others.",0.4939,positive,0.138,0.862,0.0
06ECDB,Computer Music,1,It seemed like along the same lines or same genre of music.,0.3612,positive,0.185,0.815,0.0
0M3LDX,Computer Music,0,little bit surprised at the computer-selected songs.,0.1585,positive,0.213,0.787,0.0
0M3LDX,Computer Music,2,"It's just like, they felt very like, I guess relevant and like popular.",0.8519,positive,0.563,0.437,0.0
0M3LDX,Computer Music,3,I'm not sure what I was expecting.,-0.2411,negative,0.0,0.718,0.282
0M3LDX,Computer Music,4,"I guess just like, I don't know.",0.3612,positive,0.385,0.615,0.0
0M3LDX,Computer Music,5,It's hard to explain.,-0.1027,negative,0.0,0.682,0.318
0M3LDX,Computer Music,6,It just caught me by surprise for some reason.,0.2732,positive,0.208,0.792,0.0
0M3LDX,Computer Music,7,"what was surprising to me was how sort of accurate it was, like what I typically enjoy, which is also similar to what I experience when I get algorithm suggested playlists and whatnot.",0.7783,positive,0.224,0.776,0.0
0M3LDX,Computer Music,8,"With the computer [suggested] ones, it's like, okay, it's based off of someone's-- I don't know how the algorithm works exactly, so I'm just going off of how I'm guessing it works.",0.5267,positive,0.132,0.868,0.0
0M3LDX,Computer Music,9,"But the algorithm, it picks songs based off what it thinks the listener will like, which I know, I tend to humanize computers, as a computer science major, a little bit.",0.5023,positive,0.111,0.889,0.0
0M3LDX,Computer Music,10,"But the computer ones, it's, connection isn't there.",0.0,neutral,0.0,1.0,0.0
0M3LDX,Computer Music,11,It's just an algorithm spitting out what it thinks is most optimal.,0.4201,positive,0.202,0.798,0.0
1JVZTM,Computer Music,0,"A lot of the lyrics seem to be like less like meaningful, I guess.",0.7203,positive,0.438,0.562,0.0
1MM3K9,Computer Music,0,I didn't feel as connected to them.,0.0,neutral,0.0,1.0,0.0
1MM3K9,Computer Music,1,"I, between like all of the songs that I listened to, I think that the computer generated ones were my least favorite.",0.0052,neutral,0.109,0.783,0.108
1MM3K9,Computer Music,2,And I also didn't feel like I had the same obligation to like them as if it were my own songs or somebody else's songs.,-0.4973,negative,0.0,0.833,0.167
1MM3K9,Computer Music,3,"Yeah, it like, and the computer didn't have a experience with the song, like in the way that, like the songs that are important to me are ones that I have like memories attached to, but a computer's not gonna have that.",0.7184,positive,0.233,0.767,0.0
1MM3K9,Computer Music,4,I think that it just came along as I was listening.,0.0,neutral,0.0,1.0,0.0
1MM3K9,Computer Music,5,"I think I was also paying closer attention to like the lyrics and the ones of participants, thinking like, oh, how could this song be important to them?",0.7003,positive,0.228,0.772,0.0
1MM3K9,Computer Music,6,I didn't really do that same thing with the computer songs.,0.0,neutral,0.0,1.0,0.0
1MM3K9,Computer Music,8,"come as naturally, I guess.",0.0,neutral,0.0,1.0,0.0
1ZWUFF,Computer Music,0,I like the computer suggestions.,0.3612,positive,0.455,0.545,0.0
1ZWUFF,Computer Music,1,"Seems to them, they were similar to the music I would listen to.",0.0,neutral,0.0,1.0,0.0
1ZWUFF,Computer Music,2,"I feel like it's not as expected because I feel like computer like suggestions, like I don't know how the algorithm works, but I feel like it's kind of more based on like the vibe of the song or like the beat, I guess.",0.9294,positive,0.344,0.656,0.0
2IR3MC,Computer Music,0,"Honestly, it was really interesting because the first song that I had was one of the algorithm songs.",0.7178,positive,0.285,0.715,0.0
2IR3MC,Computer Music,1,"And I was like, this sounds like a song that I would listen to, like of my own accord.",0.7579,positive,0.366,0.634,0.0
2IR3MC,Computer Music,2,"It wasn't a song that I had ever heard of, but now I'm sort of like, I want to try to find what that song was because I liked it so much.",0.7594,positive,0.231,0.769,0.0
2IR3MC,Computer Music,3,And so it was like interesting because I think the song after the Coldplay song was maybe one of the algorithm songs.,0.6666,positive,0.223,0.777,0.0
2IR3MC,Computer Music,4,"And that one was also, it wasn't like indie, but it was sort of like, all How do I explain it?",-0.4973,negative,0.0,0.81,0.19
2IR3MC,Computer Music,5,"Kind of like a Leve, like Biba Doobie type of situation, like that sort of genre.",0.7579,positive,0.385,0.615,0.0
2IR3MC,Computer Music,7,And so it almost sort of seemed like the algorithm shifted the songs that came after it in a way.,0.2975,positive,0.109,0.891,0.0
2KDZ22,Computer Music,0,"Whereas with the algorithm ones it was like, I didn't really give it much thought while I was listening to it if I didn't like it, so I just kind of reflected that in the ratings.",0.6124,positive,0.143,0.857,0.0
2MDJD4,Computer Music,0,"I think there was probably only like one of them where I was like, okay, I feel like connected to this or I enjoyed that song.",0.8934,positive,0.428,0.572,0.0
2MDJD4,Computer Music,1,"Like, I don't know, I don't think it like necessarily hit the mark too, much.",0.1002,positive,0.16,0.705,0.135
2MDJD4,Computer Music,2,"Just because I think it's like, people's taste in music sometimes can be like so like complex and stuff.",0.7579,positive,0.333,0.667,0.0
2MDJD4,Computer Music,3,"And like a lot of the times for songs people listen to, like there's the connections like we keep bringing up.",0.7579,positive,0.306,0.694,0.0
2MDJD4,Computer Music,4,"So I think it doesn't necessarily like hit the mark as well as like, if somebody you knew was like, hey, I think you'd like this song because they know you, they know your experiences.",-0.6531,negative,0.054,0.727,0.219
2MDJD4,Computer Music,5,they know more about what you do and don't like.,-0.2755,negative,0.0,0.81,0.19
2MDJD4,Computer Music,6,It was missing the human aspect of it.,-0.296,negative,0.0,0.761,0.239
2MDJD4,Computer Music,7,"Like the human understanding and being like, okay, I can see why you connect to this.",0.7096,positive,0.365,0.635,0.0
2MDJD4,Computer Music,8,"Because obviously, it's a computer, it doesn't necessarily like get the human like emotional feeling aspect of it.",-0.2778,negative,0.153,0.64,0.208
33BW0G,Computer Music,0,"I, there was one song, it reminded me of like Fiona Apple.",0.3612,positive,0.185,0.815,0.0
33BW0G,Computer Music,1,"So that one song I did like, I feel like the other ones, like it's like definitely like something I would have to get used to.",0.9217,positive,0.472,0.528,0.0
33BW0G,Computer Music,2,"Like I kind of feel bad for not liking it, but also it's like music is subjective.",0.278,positive,0.239,0.575,0.186
33BW0G,Computer Music,4,"So it's like, I don't feel too guilty about it.",0.6262,positive,0.422,0.578,0.0
33BW0G,Computer Music,5,"But it's like also, I would like these songs particularly, like I wouldn't mind hearing on the radio, like on a drive.",0.9186,positive,0.464,0.536,0.0
33BW0G,Computer Music,6,"They kind of feel more like, something that I would personally like Because sometimes when I'm listening to doing something important, I don't like listening to my favorite songs.",0.9038,positive,0.375,0.625,0.0
33BW0G,Computer Music,7,I just let like my Spotify like play whatever.,0.7506,positive,0.597,0.403,0.0
33BW0G,Computer Music,8,And these songs are something that we have in the background.,0.0,neutral,0.0,1.0,0.0
35A4QY,Computer Music,1,I only heard one of them.,0.0,neutral,0.0,1.0,0.0
35A4QY,Computer Music,2,"And I was like, it's like not a bad song per se, especially like structurally, but I just, it didn't have any like uniqueness.",0.8139,positive,0.395,0.605,0.0
35A4QY,Computer Music,3,"And it was just kind of like, okay.",0.4779,positive,0.406,0.594,0.0
35A4QY,Computer Music,4,To be honest with you.,0.5106,positive,0.452,0.548,0.0
35A4QY,Computer Music,5,Which I thought was interesting.,0.4019,positive,0.474,0.526,0.0
35A4QY,Computer Music,7,That was one of the times.,0.0,neutral,0.0,1.0,0.0
35A4QY,Computer Music,8,Then I actually did hear another one I remember.,0.0,neutral,0.0,1.0,0.0
35A4QY,Computer Music,9,The other one that I heard I thought was really good.,0.4927,positive,0.285,0.715,0.0
35A4QY,Computer Music,10,"It just like, and that one I enjoyed a lot, but I couldn't really see myself being like, this would be like, make it like better than other ones because it didn't have a lot of like specific things that would like I guess, like Tony to baking, to it being very like emotionally beautiful or it has really good like storyline.",0.9922,positive,0.499,0.501,0.0
35A4QY,Computer Music,11,It's just kind of like a very good song.,0.6597,positive,0.474,0.526,0.0
35A4QY,Computer Music,13,"So, no, like the first one was just like an okay song.",0.6077,positive,0.415,0.446,0.139
35A4QY,Computer Music,15,"And the second one was good, but it was missing those things.",-0.2144,negative,0.132,0.678,0.19
35A4QY,Computer Music,16,I thought that the computer suggested songs probably be more like mainstream and I'm kind of glad they weren't.,0.6705,positive,0.256,0.744,0.0
35A4QY,Computer Music,17,And then I figured I'd hear at least some of my own and some of others.,0.0,neutral,0.0,1.0,0.0
35A4QY,Computer Music,18,"So not really as much, but it was cooler experience and stuff.",0.0,neutral,0.0,1.0,0.0
382LOS,Computer Music,0,I was listening to them completely different.,0.0,neutral,0.0,1.0,0.0
382LOS,Computer Music,1,"Because since I knew that they weren't somebody else's songs, I wasn't worried about, you know, sitting there and trying to find why this person actually liked the song.",0.5702,positive,0.158,0.842,0.0
382LOS,Computer Music,2,I just sat there and enjoyed the song.,0.5106,positive,0.355,0.645,0.0
382LOS,Computer Music,4,I was just like laid back.,0.3612,positive,0.385,0.615,0.0
382LOS,Computer Music,5,"I was like, okay, I'll lay back.",0.5267,positive,0.524,0.476,0.0
382LOS,Computer Music,7,"I was like, okay, let me just focus on the song.",0.5267,positive,0.355,0.645,0.0
382LOS,Computer Music,8,I wasn't worried about anything else.,0.2235,positive,0.321,0.679,0.0
382LOS,Computer Music,9,I was just worried about listening to the music.,-0.296,negative,0.0,0.761,0.239
382LOS,Computer Music,12,The ones that they recommend.,0.3612,positive,0.385,0.615,0.0
382LOS,Computer Music,13,I did like them songs.,0.3612,positive,0.455,0.545,0.0
382LOS,Computer Music,14,Would I probably listen to it?,0.0,neutral,0.0,1.0,0.0
382LOS,Computer Music,17,"They were nice and they did, I want to call it, kind of fit some of the songs that I listened to a little bit.",0.6494,positive,0.249,0.751,0.0
4TPXHQ,Computer Music,0,"From the computer, it was a strange country pop thing.",-0.2023,negative,0.0,0.816,0.184
4TPXHQ,Computer Music,1,I hadn't heard any of the other songs before.,0.0,neutral,0.0,1.0,0.0
4TPXHQ,Computer Music,2,"But of like the computer generated one, it was kind of strange in that they were, they felt like, the generic country pop where it could be anything and anyone singing about anything.",0.5941,positive,0.166,0.766,0.067
5F2WAZ,Computer Music,0,But then all of the like computer generated like algorithm ones and I wasn't messing with those.,0.7579,positive,0.317,0.683,0.0
5F2WAZ,Computer Music,1,"The computer generated ones, they sounded like, just like flat, They didn't really sound like, I would say maybe like manmade really, like maybe like AI or something.",0.9186,positive,0.417,0.583,0.0
5F2WAZ,Computer Music,2,"For the computer one, I was just like, I don't know, like how the algorithm works for that computer to shoot that song or if you guys show that song.",0.3818,positive,0.154,0.772,0.074
5F2WAZ,Computer Music,3,"Then I was like, okay, well, I don't really feel bad for like, you know, like down rating it or whatever.",0.911,positive,0.528,0.472,0.0
62U759,Computer Music,0,"The first one was very similar to one of the songs that I recommend, that I had said was one of my favorite.",0.6705,positive,0.224,0.776,0.0
62U759,Computer Music,1,"And I was like, oh, like, That's cool.",0.743,positive,0.646,0.354,0.0
62U759,Computer Music,2,"It wasn't my favorite necessarily that I'd ever heard, but I was like, oh my computer.",0.3632,positive,0.181,0.723,0.097
62U759,Computer Music,3,"Like, I see where you're coming from with that.",0.3612,positive,0.263,0.737,0.0
62U759,Computer Music,4,"The computer generated one was like an EDM-ish house with like, when they repeat only two words, I think it was like hold on or something like that.",0.8402,positive,0.303,0.697,0.0
62U759,Computer Music,5,And the one that I had recommended has more lyrics to it and I like to like sing and dance to lyrics more.,0.7003,positive,0.274,0.726,0.0
62U759,Computer Music,6,"So I liked the like beat of it, but I wish like Hold on.",0.8786,positive,0.582,0.418,0.0
62U759,Computer Music,7,"I was like, okay, I got it.",0.5267,positive,0.595,0.405,0.0
62U759,Computer Music,8,"I liked it and I would have like vibed with that concert like a lot better, but compared to like the more meaningful songs that people had said were their favorites, it like, it didn't have that same sort of like to it.",0.969,positive,0.438,0.562,0.0
62U759,Computer Music,9,"I think that the combination of the lack of lyrics plus it being recommended by a computer, I was like less enthused.",0.5729,positive,0.288,0.617,0.095
62U759,Computer Music,10,"I think that if it had, if I had known that it was recommended by a person, then I would have like potentially felt different towards it and had those sort of like looking in questions of like, why is this person listening to a song and saying, hold on, hold on, hold on.",0.8074,positive,0.171,0.829,0.0
6759KU,Computer Music,0,I noticed that the computer did like have some pretty similar like options as like some of the music I've been hearing from like my own and then some of the other people's as well.,0.9231,positive,0.353,0.647,0.0
6759KU,Computer Music,1,Like it definitely would fit in.,0.7717,positive,0.72,0.28,0.0
6759KU,Computer Music,2,"with the rest of them, which was interesting.",0.4019,positive,0.278,0.722,0.0
6759KU,Computer Music,3,"I didn't think that the computer would be able to distinguish kind of like exactly what would be, I don't know, what a person would choose, like as close, but yeah.",0.6133,positive,0.194,0.806,0.0
6R5ITB,Computer Music,0,I also hadn't heard those songs before.,0.0,neutral,0.0,1.0,0.0
6R5ITB,Computer Music,1,I thought that they were good.,0.4404,positive,0.42,0.58,0.0
6R5ITB,Computer Music,2,"They didn't have, I think, as much like emotional connection as I thought like my songs are like the participants' songs.",0.7964,positive,0.378,0.622,0.0
6R5ITB,Computer Music,3,"Whereas the computer recommended ones were like, they were good, but not the same.",0.4767,positive,0.317,0.683,0.0
6R5ITB,Computer Music,4,"It felt kind of like, it had like a good beat, but there wasn't like a lot of like emotions behind it.",0.8307,positive,0.418,0.582,0.0
6R5ITB,Computer Music,5,"I kind of thought, at least when I think of computer suggestions, I kind of think of like, oh, the top 100s or like, oh, like just kind of, it usually picks, I don't know how like algorithms really work or anything like that.",0.9062,positive,0.296,0.704,0.0
6R5ITB,Computer Music,6,But I feel like it usually picks songs that I hear very frequently.,0.5023,positive,0.245,0.755,0.0
6R5ITB,Computer Music,7,So I was a little bit surprised to hear songs that I had never heard before.,0.1585,positive,0.119,0.881,0.0
79TSTS,Computer Music,0,"The 2 songs that were selected by the computer algorithm kind of were on the same genre, I guess.",0.0,neutral,0.0,1.0,0.0
79TSTS,Computer Music,1,I had the same feeling about those two songs.,0.128,positive,0.176,0.824,0.0
7D8BPD,Computer Music,0,"I definitely could see, I assume the computer pulled like from what's like kind of related to mine and what I enjoy.",0.872,positive,0.421,0.579,0.0
7D8BPD,Computer Music,1,"I could kind of tell, you know, that it was like, they had the strong like guitar bass, you know, stuff like that.",0.8689,positive,0.375,0.625,0.0
7D8BPD,Computer Music,2,So I pretty much enjoyed them.,0.7939,positive,0.702,0.298,0.0
7D8BPD,Computer Music,3,I think that the I wish there was more from them because I think it was a mix of the bass that I really enjoy and then the more popular style.,0.8514,positive,0.288,0.712,0.0
9772KI,Computer Music,0,"The computer algorithm, like recommended ones were interesting.",0.7184,positive,0.583,0.417,0.0
9772KI,Computer Music,1,They were very like catered toward a specific part of my taste.,0.4201,positive,0.218,0.782,0.0
9772KI,Computer Music,2,"So the first song was like a computer algorithm one and I was like, that's interesting.",0.7717,positive,0.412,0.588,0.0
9772KI,Computer Music,3,I wonder what I put on my list to suggest that.,0.0,neutral,0.0,1.0,0.0
IAFS52,Computer Music,0,"The computer, one of them, I didn't mind one of them, and the other one, I just didn't like the vocals A lot.",-0.2755,negative,0.0,0.9,0.1
IAFS52,Computer Music,1,"It was too like screamy, because I'm very much like, I like having a specific voice, so that just threw me off.",0.7579,positive,0.306,0.694,0.0
IAFS52,Computer Music,2,"I was like, I can see why this was recommended based on like the songs that I've put in there and the songs that I've heard, but still.",0.4404,positive,0.176,0.824,0.0
IAFS52,Computer Music,3,"With the computer generated songs, I was like, I was trying to figure out like why the algorithm was suggesting like kind of it, and it didn't feel like as personal, if that makes sense, because it just felt like some random numbers being inputted in to get like something out.",0.9186,positive,0.259,0.741,0.0
IAFS52,Computer Music,4,"It's like, it kind of sounds like the stuff that I've listened to and I've listened to through other songs, but I felt like it like missed some of the key features.",0.7351,positive,0.258,0.67,0.072
IF5UTV,Computer Music,0,the computer suggested things were absolute ****.,0.0,neutral,0.0,1.0,0.0
IF5UTV,Computer Music,1,Like I expected it to be kind of like same artists or like same like era.,0.7976,positive,0.453,0.547,0.0
IF5UTV,Computer Music,2,And I had never heard any of the other songs before.,0.0,neutral,0.0,1.0,0.0
IF5UTV,Computer Music,3,And I really did not like them.,-0.3343,negative,0.0,0.678,0.322
IF5UTV,Computer Music,4,"Like the, I couldn't really tell what genre they were.",0.3612,positive,0.238,0.762,0.0
IF5UTV,Computer Music,5,"Like it almost seemed like hip hop, but not like old school hip hop, but it seemed like very Lin-Manuel Miranda.",0.7921,positive,0.347,0.653,0.0
IF5UTV,Computer Music,6,"And I was like really caught off guard because I'm like, why does this kind of sound like if Lin-Manuel Miranda like pursued a hip hop career?",0.8402,positive,0.323,0.677,0.0
IF5UTV,Computer Music,7,"Like, it was just like confusing and not my style.",0.4767,positive,0.36,0.504,0.137
IF5UTV,Computer Music,8,"And I didn't enjoy it, so I wouldn't listen to those songs again.",-0.3875,negative,0.0,0.792,0.208
IF5UTV,Computer Music,9,"with the computer generated ones, I was also pretty excited.",0.6808,positive,0.444,0.556,0.0
IF5UTV,Computer Music,10,And my expectations were that it was going to be based off of my music taste.,0.0,neutral,0.0,1.0,0.0
IF5UTV,Computer Music,11,And I like my music taste.,0.3612,positive,0.385,0.615,0.0
IF5UTV,Computer Music,12,"So I was like, here come more songs that I like.",0.6764,positive,0.443,0.557,0.0
IOEYMP,Computer Music,0,"I was kind of like, these are good songs.",0.6258,positive,0.46,0.54,0.0
IOEYMP,Computer Music,1,Like I kind of wish other people were here to listen to them with me.,0.6369,positive,0.302,0.698,0.0
IOEYMP,Computer Music,2,"I felt like, I mean, if they were computer generated to like my music taste, I feel like it was a bit inaccurate.",0.7579,positive,0.319,0.681,0.0
IOEYMP,Computer Music,3,"Like there was one like song in specific where I guess I could see where it was, where it like got like that information from.",0.8402,positive,0.345,0.655,0.0
IOEYMP,Computer Music,4,Because it was like a hip hop artist.,0.3612,positive,0.294,0.706,0.0
IOEYMP,Computer Music,5,And I listened to like Kendrick and Tyler.,0.3612,positive,0.294,0.706,0.0
IOEYMP,Computer Music,6,"So I guess like I could see where they came from, but I wasn't, it wasn't really my favorite.",-0.3899,negative,0.097,0.721,0.182
IOEYMP,Computer Music,7,"And the other one, I feel like it wasn't very accurate at all in terms of mine, but maybe the other participants.",0.1901,positive,0.08,0.92,0.0
IQLWA6,Computer Music,0,"the last one I got was a computer suggestion and it kind of bored me I think the computer suggestion was just so, I don't know.",-0.3384,negative,0.0,0.898,0.102
IQLWA6,Computer Music,1,"It felt like it was trying to find something that like people would like because it's a beat, but like, maybe someone out there does like those songs, but like for me, like they didn't really like give me anything.",0.9612,positive,0.41,0.59,0.0
IQLWA6,Computer Music,2,"Like it was just like a really like, I don't know how to explain that kind of beat.",0.7579,positive,0.366,0.634,0.0
IQLWA6,Computer Music,3,"But the computer ones, like I'd get the first beats of it and it's like halfway through, I'd be like, oh, like it's, I felt like the song was repetitive.",0.9294,positive,0.389,0.551,0.06
IQLWA6,Computer Music,4,"And I was like, I'm not feeling that anymore.",0.2801,positive,0.253,0.608,0.139
J0QRGC,Computer Music,1,"I think there were like 2, two or three.",0.3612,positive,0.263,0.737,0.0
J0QRGC,Computer Music,2,And One of them I do remember that I liked.,0.4215,positive,0.286,0.714,0.0
J0QRGC,Computer Music,3,"They seemed kind of similar to some of the songs that I put on the lists and kind of sort of fit into those genres, but I think one of them kind of sounded like a mix of two genres that I really like.",0.7966,positive,0.18,0.82,0.0
J0QRGC,Computer Music,4,"for like the computer suggested songs, except I like this more.",0.6124,positive,0.385,0.615,0.0
J4J4VY,Computer Music,0,"didn't like the computer algorithm songs that much compared to other people's songs The first one I heard just felt kind of, it just wasn't really my like type of music taste.",-0.4973,negative,0.0,0.873,0.127
J4J4VY,Computer Music,1,It felt It was very like Eminem.,0.4201,positive,0.318,0.682,0.0
J4J4VY,Computer Music,2,"I don't know if that was actually the artist, but that's just kind of out of my like normal type of music that I enjoy.",0.8201,positive,0.264,0.736,0.0
J4J4VY,Computer Music,3,The second algorithm song I had more like neutral feelings about.,0.4201,positive,0.237,0.763,0.0
J4J4VY,Computer Music,4,"Whereas the computer generated song, I was more thinking of like, why was this suggested based on, like, was this based on my music?",0.6734,positive,0.208,0.792,0.0
J4J4VY,Computer Music,5,Was this based on someone else's music?,0.0,neutral,0.0,1.0,0.0
J4J4VY,Computer Music,6,"Because I'm not sure exactly why it would be based on, if it was based on mine, why that would be recommended for me?",-0.0418,neutral,0.07,0.854,0.076
JAC6MU,Computer Music,0,"Like I didn't, the two computer songs, I was like, this is bad.",0.128,positive,0.303,0.485,0.212
JAC6MU,Computer Music,1,I was not a fan of either of those.,-0.2411,negative,0.0,0.754,0.246
JAC6MU,Computer Music,2,"On like a base level, I just didn't like what the computer chose.",0.6124,positive,0.357,0.643,0.0
JAC6MU,Computer Music,3,"But on like a, I don't know, for your research, I think something I felt was, I did feel informed by like computer algorithm.",0.7579,positive,0.265,0.735,0.0
JAC6MU,Computer Music,4,"Like that instantly made me think, okay, what is this gonna be?",0.5267,positive,0.306,0.694,0.0
JAC6MU,Computer Music,5,Like I instantly kind of had a bit of a negative bias and then I'm instantly like looking for like that type of like similarities or stuff that it's trying to find to the music I would listen to.,0.5994,positive,0.227,0.658,0.116
JAC6MU,Computer Music,6,"And it instantly feels like I don't know, I already have a predisposition to not like that one.",0.6124,positive,0.278,0.722,0.0
JBNB4U,Computer Music,0,"The first one, I would pass on it, but second one, not bad.",0.5824,positive,0.255,0.745,0.0
JBNB4U,Computer Music,1,"It was just like fun how the computer chose this song out of the few songs that I put in there, or you did, or whatever.",0.7003,positive,0.201,0.799,0.0
JBNB4U,Computer Music,2,"But it was interesting, kind of like what the algorithm kind of, it's kind of cool to think about.",0.8523,positive,0.368,0.632,0.0
JBNB4U,Computer Music,3,"the computer was more like, would I like the song based on the criteria, just like more surface level, I'd say.",0.8115,positive,0.33,0.67,0.0
KI6KAH,Computer Music,0,They were interesting.,0.4019,positive,0.574,0.426,0.0
KI6KAH,Computer Music,1,I guess I do want to clarify.,0.0772,positive,0.245,0.755,0.0
KI6KAH,Computer Music,2,"They are like normal songs, just like computer picked them, right?",0.6124,positive,0.357,0.643,0.0
KI6KAH,Computer Music,3,Like the computer didn't make the songs.,0.3612,positive,0.294,0.706,0.0
KI6KAH,Computer Music,5,That's what I figured.,0.0,neutral,0.0,1.0,0.0
KI6KAH,Computer Music,6,"And like, what factor did they consider?",0.3612,positive,0.294,0.706,0.0
KI6KAH,Computer Music,7,"Did it, like, why did it pick that song?",0.3612,positive,0.238,0.762,0.0
KI6KAH,Computer Music,8,"They're definitely, like, interesting, but I do think I felt less inclined to care about them.",0.8103,positive,0.483,0.517,0.0
KI6KAH,Computer Music,9,"This is like, okay, a computer is just thinking I should like this, not like a person.",0.8126,positive,0.485,0.515,0.0
KI6KAH,Computer Music,11,"It's a little bit like, computer doesn't need to know what I like.",0.5336,positive,0.331,0.669,0.0
KI6KAH,Computer Music,12,"But yeah, I think it was just because there's not that like, oh, a person.",0.0348,neutral,0.17,0.668,0.162
KI6KAH,Computer Music,13,"But then some of them I was like, this is interesting.",0.7783,positive,0.459,0.541,0.0
KI6KAH,Computer Music,15,I do kind of like this song.,0.2975,positive,0.306,0.694,0.0
KI6KAH,Computer Music,16,"Or stuff like that where it's like, oh, like, yeah, this beat matches with things that I've heard before.",0.8271,positive,0.393,0.607,0.0
KI6KAH,Computer Music,17,"Well, I guess, yeah.",0.5106,positive,0.811,0.189,0.0
KI6KAH,Computer Music,18,"Like it thinks I should like it, which is, it is a something, but it's not like someone else saying, oh, I like this song and I want to share it with you.",0.9052,positive,0.383,0.617,0.0
KI6KAH,Computer Music,19,"It's a computer being like, hey, you like songs.",0.6124,positive,0.455,0.545,0.0
KI6KAH,Computer Music,20,You might like this one too.,0.3612,positive,0.333,0.667,0.0
L0CULX,Computer Music,0,"So one of the like more indie songs that the computer suggested, I don't know, I would like categorize that one and the person's chosen one as like pretty similar sounding.",0.8658,positive,0.3,0.7,0.0
L0CULX,Computer Music,1,It wouldn't be something I would personally listen to all that much.,0.0,neutral,0.0,1.0,0.0
L0CULX,Computer Music,2,"but I did, I felt like their themes were quite similar.",0.5023,positive,0.289,0.711,0.0
L0CULX,Computer Music,3,"I felt like the computer one had more of that like classic like drums and then it's like had like its verse, its melody and then chorus",0.8885,positive,0.373,0.627,0.0
NX3IYL,Computer Music,1,"Because like the second one, I feel like matched kind of close, but the first one, I was very curious as to how that one got recommended.",0.7958,positive,0.302,0.698,0.0
NX3IYL,Computer Music,2,But I liked it more than I'd expected when I first heard it.,0.5719,positive,0.27,0.73,0.0
NX3IYL,Computer Music,3,The one that I didn't really like.,-0.3241,negative,0.0,0.682,0.318
NX3IYL,Computer Music,5,"I definitely didn't, I approached the computer algorithm ones expecting to like them more than the others.",0.6369,positive,0.286,0.714,0.0
NX3IYL,Computer Music,6,But I'd say it was kind of a mixed bag.,0.0,neutral,0.0,1.0,0.0
NX3IYL,Computer Music,7,I'd say that the method of the new song coming to me didn't really have much influence on how much I liked it.,0.4215,positive,0.118,0.882,0.0
OA8J4N,Computer Music,0,"With the computer, I was just like, well, the computer doesn't have any feelings or any like.",0.7269,positive,0.353,0.647,0.0
OA8J4N,Computer Music,1,"So it's kind of like, I was thinking about when my Apple Music like randomly suggests a song in there.",0.529,positive,0.216,0.784,0.0
OA8J4N,Computer Music,2,"It's like, okay, you're just looking at kind of what I listen to and picking something based on that.",0.5267,positive,0.216,0.784,0.0
OSF8B7,Computer Music,0,It was someone else's favorite.,0.4588,positive,0.429,0.571,0.0
OSF8B7,Computer Music,1,I didn't like either of the computer generated ones very much.,-0.2755,negative,0.0,0.81,0.19
OSF8B7,Computer Music,2,"And then the other computer generated one, it kind of sounded like the king of swing, but if the king of swing wasn't as good.",-0.3311,negative,0.063,0.826,0.112
OSF8B7,Computer Music,4,Like a bad ripoff of that song.,-0.25,negative,0.25,0.4,0.35
P7TX2P,Computer Music,0,"but like the song going into it that was just a “robot” song and I was like, “shit, this robot got taste.”",0.7579,positive,0.265,0.735,0.0
P7TX2P,Computer Music,2,"I tried to remember a verse in it so I could Google it later, because I'm like, I'll listen to that.",0.3612,positive,0.128,0.872,0.0
P7TX2P,Computer Music,3,"I don't know when something’s computer suggested, it makes me think of the Spotify algorithm where it's a new song, but it's usually a popular song too.",0.5719,positive,0.139,0.861,0.0
P7TX2P,Computer Music,4,"And I was like, I've never heard of this ever.",0.3612,positive,0.238,0.762,0.0
P7TX2P,Computer Music,5,"Sounds like some indie thing and I was like, this is pretty good.",0.8779,positive,0.581,0.419,0.0
P7WEZC,Computer Music,0,"No, definitely whenever I saw that it was another participant's personal favorite, I would take it into account more.",0.5423,positive,0.26,0.639,0.1
P7WEZC,Computer Music,1,"I'd be like, “oh, I can understand why this person likes this or that.”",0.6486,positive,0.325,0.675,0.0
P7WEZC,Computer Music,2,"Or, “this aspect is cool.”",0.0,neutral,0.0,1.0,0.0
P7WEZC,Computer Music,3,And I understand that that's what they might gravitate to.,0.0,neutral,0.0,1.0,0.0
PF65TG,Computer Music,0,I liked the first computer suggested song.,0.4215,positive,0.359,0.641,0.0
PF65TG,Computer Music,1,I don't know what it was called.,0.0,neutral,0.0,1.0,0.0
PF65TG,Computer Music,2,"I've never heard of it before, but I would definitely like see myself listening to it.",0.7783,positive,0.343,0.657,0.0
PF65TG,Computer Music,4,"But with the computer suggestion, that was like a little bit different.",0.5023,positive,0.245,0.755,0.0
PF65TG,Computer Music,5,"With the computer, I was like, the first one I was shocked that it like played like a song that I would enjoy.",0.8689,positive,0.461,0.458,0.081
PF65TG,Computer Music,6,"But then the second one, I was like shocked that it like changed from like a, the first one was like a happy, like upbeat song.",0.9604,positive,0.516,0.412,0.072
PF65TG,Computer Music,7,The second one was kind of like a sadder song.,-0.2944,negative,0.175,0.555,0.27
PF65TG,Computer Music,8,I was like surprised that there was like a little difference between the two.,0.7096,positive,0.434,0.566,0.0
PUN5JW,Computer Music,0,"And then, yeah, I also liked one song from the computer generated.",0.6124,positive,0.357,0.643,0.0
PYIPEW,Computer Music,0,"Yeah, I actually wasn't as invested.",0.296,positive,0.355,0.645,0.0
PYIPEW,Computer Music,1,"I was like, okay, this isn't like a real person that likes this song.",0.8271,positive,0.548,0.452,0.0
PYIPEW,Computer Music,2,"So like what I don't, I was like not as inclined to care and pay attention to like the lyrics and stuff like that.",0.9181,positive,0.452,0.504,0.044
PYIPEW,Computer Music,3,"Yeah, I didn't dislike it.",0.5242,positive,0.687,0.313,0.0
PYIPEW,Computer Music,4,"I mean, there was one that I was just like, it wasn't something that I would listen to.",0.3612,positive,0.152,0.848,0.0
PYIPEW,Computer Music,5,And I think that was when I was also in a room by myself.,0.0,neutral,0.0,1.0,0.0
PYIPEW,Computer Music,6,"And I was like, okay.",0.5267,positive,0.688,0.312,0.0
PYIPEW,Computer Music,7,"But so I mean, generally, like I wasn't upset about the music or anything.",0.7522,positive,0.391,0.609,0.0
PYIPEW,Computer Music,8,"And I like still was like, moving along to it or whatever, I was like, okay, it's good.",0.8834,positive,0.528,0.472,0.0
PYIPEW,Computer Music,9,"But I just wasn't like trying to be as, I don't know, I guess thoughtful about the way that I engaged with it versus like when it was another person that chose it, if that makes sense.",-0.5508,negative,0.087,0.713,0.199
Q71QCH,Computer Music,0,"The computer generated, or the computer gave a song that was also horrible, but that's just because I don't like I don't think I liked that guy's voice for the last song that I listened to.",-0.7853,negative,0.0,0.78,0.22
Q71QCH,Computer Music,1,"And had that been somebody's favorite, I would have offered them less because I didn't, I wouldn't have wanted to give them anything for that one.",0.4588,positive,0.12,0.88,0.0
Q71QCH,Computer Music,2,And so it played a clip from the song that the computer suggested.,0.3976,positive,0.196,0.804,0.0
Q71QCH,Computer Music,3,"And I was already kind of thinking, like, what is that?",0.3612,positive,0.217,0.783,0.0
Q71QCH,Computer Music,4,"Like, it was kind of interesting because nobody says San Anton.",0.6003,positive,0.353,0.647,0.0
Q71QCH,Computer Music,5,that I don't know if I trust a computer most often to really get the genre that I like based off of like only like 8 songs or however many I like input that were country and not metal.,0.7429,positive,0.246,0.688,0.066
Q71QCH,Computer Music,6,"So I was probably actually a little skeptical going, like thinking about it.",0.0591,positive,0.169,0.68,0.152
Q71QCH,Computer Music,7,"Like I could, I feel like I'm skeptical when it comes to anybody suggesting any, like, music based off of what they think I like.",0.7717,positive,0.341,0.58,0.078
Q71QCH,Computer Music,8,Because they don't know usually what I like about most of the music I listen to.,0.3612,positive,0.161,0.839,0.0
QNJQ2F,Computer Music,0,"I think the ones suggested by the computer were more accurate to what I would listen to than I thought it would be, if that was what the goal was.",0.0,neutral,0.0,1.0,0.0
QNJQ2F,Computer Music,1,"I didn't know any of them, but they were, I liked them.",0.5719,positive,0.291,0.709,0.0
R5EXRJ,Computer Music,0,I guess I just noticed that like the computer algorithm was kind of weird.,0.1298,positive,0.172,0.69,0.138
R5EXRJ,Computer Music,1,"I liked the first one, cbut it definitely had a weird start to it and then I really did not like the second one.",0.3456,positive,0.207,0.64,0.153
R5EXRJ,Computer Music,3,It was interesting to see how it varied to my tastes.,0.4019,positive,0.213,0.787,0.0
R5EXRJ,Computer Music,4,"And the first one, I guess like when I first started listening to it, I was like, this is really weird.",0.4601,positive,0.227,0.682,0.091
R5EXRJ,Computer Music,6,It was like really techy.,0.3612,positive,0.385,0.615,0.0
R5EXRJ,Computer Music,8,And then it got more into the song and I started to really like it.,0.4201,positive,0.177,0.823,0.0
R5EXRJ,Computer Music,9,"And then I looked at it and I was like, it's computer generated.",0.3612,positive,0.2,0.8,0.0
R5EXRJ,Computer Music,10,"So then I guess that throws in like another bias of like, oh, well, it's the computer.",0.6908,positive,0.346,0.585,0.068
R5EXRJ,Computer Music,11,So it's going to be weird.,-0.1779,negative,0.0,0.746,0.254
R5EXRJ,Computer Music,12,Like it's not going to be like personal.,0.6124,positive,0.455,0.545,0.0
TU93WC,Computer Music,0,"And there was one song that the computer suggested that I was like, oh, I don't like this at all.",0.6124,positive,0.238,0.762,0.0
TU93WC,Computer Music,1,"And I can understand where like it got it from, like how it thought I might like something like that.",0.8402,positive,0.417,0.583,0.0
TU93WC,Computer Music,2,"But I was like, I didn't care for it.",-0.0495,neutral,0.278,0.428,0.294
TU93WC,Computer Music,3,"But that was the only song that I didn't like that I heard Honestly, it just was kind of shallow to me.",0.3259,positive,0.162,0.73,0.108
TU93WC,Computer Music,4,"Like I thought the lyrics were very generic and the beat would, like wasn't able to compensate for that.",0.6124,positive,0.238,0.762,0.0
TU93WC,Computer Music,5,And it was also a little bit generic.,0.0,neutral,0.0,1.0,0.0
TU93WC,Computer Music,6,"So I was like, this feels like just kind of a corporate sort of song.",0.6764,positive,0.336,0.664,0.0
TU93WC,Computer Music,7,"And that's, if that's important to me, I feel like, the lyrics don't always have to be like super profound or whatever, but I appreciate when there's at least like thought, put into it.",0.9032,positive,0.352,0.648,0.0
TU93WC,Computer Music,8,"There's like a vision, Sure, yeah.",0.7906,positive,0.9,0.1,0.0
TU93WC,Computer Music,9,"And with the computer, I think it was kind of similar because I was thinking like, what about this song makes it so it's being recommended, what is the key component of it?",0.552,positive,0.136,0.864,0.0
TU93WC,Computer Music,10,"Like, is it going to be the beat over the lyrics in that situation or whatever?",0.3612,positive,0.143,0.857,0.0
V1B21E,Computer Music,0,computer suggested song and that was just kind of sad because I felt like a waste of an opportunity.,-0.2247,negative,0.216,0.531,0.253
V1B21E,Computer Music,1,The computer suggested songs made sense given the other songs that I had heard.,0.0,neutral,0.0,1.0,0.0
V1B21E,Computer Music,2,"They were kind of just like, here's a guitar and people singing.",0.3612,positive,0.2,0.8,0.0
V1B21E,Computer Music,3,"So I was like, it makes sense, but it wasn't as good as the other songs.",-0.3004,negative,0.105,0.722,0.173
V1B21E,Computer Music,4,But like the other spectrum of the genre where like I don't really listen to that side of it that much.,0.7579,positive,0.265,0.735,0.0
V1B21E,Computer Music,5,"So I don't know how to really describe that, just as not quite the same.",0.0,neutral,0.0,1.0,0.0
V1B21E,Computer Music,6,"the genre overhaul I think would be kind of described as like folk, but that one led more into I don't know if I would describe it as like Country Sorrow, but I don't remember if it was actually like a happy or sad song, but it had more of that like, you would hear it on the radio and it would just kind of be on.",0.7783,positive,0.206,0.685,0.109
V1B21E,Computer Music,8,I don't really know.,0.0,neutral,0.0,1.0,0.0
V1B21E,Computer Music,10,A lot less involved in like musically diverse.,0.3041,positive,0.272,0.728,0.0
V1B21E,Computer Music,11,"It was more generic, I suppose.",0.0,neutral,0.0,1.0,0.0
V1B21E,Computer Music,12,"But with the computer ones, it was kind of just like the passing by tune.",0.5023,positive,0.188,0.812,0.0
V1B21E,Computer Music,13,Like I would never go listen to it again forcefully.,0.3612,positive,0.238,0.762,0.0
V47GRV,Computer Music,0,"The computer songs sounded pretty much how I thought they would, because I figured it would be pretty similar to what I had submitted.",0.7506,positive,0.252,0.748,0.0
V4HSKU,Computer Music,0,"But then when it came to the computer algorithm, I felt myself not wanting to like pay as much attention to the song or not wanting to enjoy it, or like not needing to enjoy it as much because I didn't have any like personal connection to anyone at least that was in the room.",-0.938,negative,0.0,0.74,0.26
V6UZPS,Computer Music,0,"The rest were just computer suggestions, and I liked the one that was... actually, I think maybe 2.... I liked the two that were like, user suggestions.",0.7964,positive,0.278,0.722,0.0
V6UZPS,Computer Music,1,"I felt like the algorithm the computer chose maybe was... it didn't really have a lot of feeling to it, like songs that meant anything.",0.6705,positive,0.245,0.755,0.0
VD1PLG,Computer Music,0,"I was like, what is going on?",0.3612,positive,0.333,0.667,0.0
VD1PLG,Computer Music,1,"And I was like, It was, I think that song was a little like, I don't know, I just didn't like it.",0.7579,positive,0.349,0.651,0.0
VD1PLG,Computer Music,2,I thought it was lazy.,-0.3612,negative,0.0,0.545,0.455
VD1PLG,Computer Music,3,Just had like the lyrics were just felt lazy to me.,0.0,neutral,0.179,0.643,0.179
VD1PLG,Computer Music,4,I think also it threw me off.,0.0,neutral,0.0,1.0,0.0
VD1PLG,Computer Music,5,"Like I was kind of like, on the like fence.",0.7108,positive,0.535,0.465,0.0
VD1PLG,Computer Music,6,"And then there was like a line where it was like, just said the days of the week.",0.6124,positive,0.25,0.75,0.0
VD1PLG,Computer Music,7,"And I was like, yeah, this is a lazy song.",0.296,positive,0.385,0.41,0.205
VD1PLG,Computer Music,8,"Like the beat is good, but it's just not well thought out.",0.1227,positive,0.248,0.603,0.149
VD1PLG,Computer Music,9,"But I might be a little harsh in my judgment, but that's how I saw it.",-0.5284,negative,0.0,0.779,0.221
W5T7LB,Computer Music,0,"For the computer ones, I didn't really like them.",-0.3241,negative,0.0,0.751,0.249
W5T7LB,Computer Music,1,"Like it was like close though, I was like, I could see how like maybe an algorithm would think that like I would like this if I'm comparing it to like the other songs that I heard from like the other participants and like I could see how it could be like recommended, I guess.",0.9712,positive,0.414,0.586,0.0
W5T7LB,Computer Music,2,"But it was like, something was like off, and it just wasn't something that I like would naturally gravitate towards right now.",0.8674,positive,0.351,0.649,0.0
W5T7LB,Computer Music,3,"But I kind of also realized during it that like context is really important for me, I like to know like what else the artist does, how long they've been making music, when the song came out, like all those kinds of things kind of play a role in like my enjoyment of a song.",0.9787,positive,0.381,0.619,0.0
W5T7LB,Computer Music,4,"I really, realized during that.",0.0,neutral,0.0,1.0,0.0
W5T7LB,Computer Music,5,"so maybe if I knew more about the artist or heard other songs by the artist, then I would enjoy those ones more.",0.4939,positive,0.138,0.862,0.0
W5T7LB,Computer Music,6,"But for just listening to it, I wasn't a huge fan of the ones that were like recommended.",0.1441,positive,0.244,0.537,0.219
WOGMXV,Computer Music,0,I thought it was interesting when I was like listening to the computer algorithm songs.,0.6369,positive,0.321,0.679,0.0
WOGMXV,Computer Music,1,"Whereas with the computer songs, it was very much like, oh, this was just suggested by technology as opposed to like a real human being.",0.6764,positive,0.202,0.798,0.0
WXA3LM,Computer Music,0,it felt generic also because it was computer generated like suggestion.,0.3612,positive,0.2,0.8,0.0
WXA3LM,Computer Music,1,"But I think there wasn't like, because it was like, not only do I not necessarily care about the song, I also don't care about it being someone's favorite or something, like a reason behind it being there other than just the computer outgo?",-0.8714,negative,0.076,0.643,0.281
X1QQ4F,Computer Music,0,"I thought the algorithm was, I don't want to say tender [catered?]",-0.0572,negative,0.0,0.88,0.12
X1QQ4F,Computer Music,1,"to what I kind of like, but in a sense it almost felt like it.",0.529,positive,0.286,0.714,0.0
X6YZK0,Computer Music,0,"Honestly, I didn't enjoy them all that much.",0.0956,positive,0.282,0.47,0.247
X6YZK0,Computer Music,1,"I don't know if it was, I felt like the genre that they were picking was like mainly pop and I don't like, I'm not like solely pop.",0.8402,positive,0.323,0.677,0.0
X6YZK0,Computer Music,2,"I definitely still try to listen to it, but definitely not as hard.",0.7044,positive,0.432,0.568,0.0
X6YZK0,Computer Music,3,"I was like, a computer picked this.",0.3612,positive,0.385,0.615,0.0
X6YZK0,Computer Music,4,"I was like, who cares?",0.6705,positive,0.733,0.267,0.0
X6YZK0,Computer Music,5,"I was like, I'm not going to hurt a computer's feelings",0.6458,positive,0.43,0.57,0.0
X8MNUK,Computer Music,0,"And then the computer ones, it kind of reminds me of when Spotify or Apple Music keeps playing and it picks random songs, and like, oh, this is close, but not quite something I want to listen to.",0.1301,positive,0.081,0.876,0.042
X8MNUK,Computer Music,1,"It would be the right genre, or the right time period, or group of songs I guess that I'd normally listen to.",0.0,neutral,0.0,1.0,0.0
X8MNUK,Computer Music,2,But it doesn't have the same feeling behind it.,0.1901,positive,0.179,0.821,0.0
X8MNUK,Computer Music,3,"Like it doesn't have the same kind of artistry-- it's not a bad artistry, it's just a different type than what I would normally pick.",0.6542,positive,0.211,0.789,0.0
X8MNUK,Computer Music,4,It was definitely the computer-chosen ones that I was a little more “meh” on.,0.4019,positive,0.197,0.803,0.0
X8MNUK,Computer Music,5,"For me, just knowing myself, when I hear a song for the first time I usually struggle to connect with it.",-0.3182,negative,0.0,0.881,0.119
X8MNUK,Computer Music,6,I have to listen to something multiple times to like the song.,0.3612,positive,0.2,0.8,0.0
X8MNUK,Computer Music,7,I kind of feel like I need to know what's coming to enjoy it more.,0.6908,positive,0.341,0.659,0.0
X8MNUK,Computer Music,8,"I always struggle with that anyway, but I felt like the computer ones, I wasn't thinking about the person behind it as much, so I wasn't really connecting with it at all.",0.3818,positive,0.105,0.841,0.053
XRONEG,Computer Music,0,they were both very different and both kind of like outliers compared to like what I was listening to with the other like users.,0.6829,positive,0.249,0.751,0.0
XRONEG,Computer Music,1,"And so it caught me off guard because I was like, wait, this seems like very new and different.",0.6124,positive,0.238,0.762,0.0
XRONEG,Computer Music,2,And I'd never heard of those songs either.,0.0,neutral,0.0,1.0,0.0
XRONEG,Computer Music,3,So I don't know if like the computer algorithm was like super like on the head with like what we were already listening to.,-0.3695,negative,0.129,0.593,0.278
XRONEG,Computer Music,4,"It's like, it kind of reminded me of like when Spotify, like when you're queuing songs, they try to like auto suggest and it's like, it just ruins the vibe and everyone's like, what?",0.8779,positive,0.334,0.601,0.065
XRONEG,Computer Music,5,"So that's what that reminded me of, but it was just all still interesting.",0.5499,positive,0.215,0.785,0.0
XRONEG,Computer Music,6,"Again, I like knew it was based off of an algorithm, and so like once I saw the banner say like, Oh, this is a computer suggested song.",0.7579,positive,0.254,0.746,0.0
XRONEG,Computer Music,7,I was just trying to actively listen to it to see if I could connect with it in any way.,0.3182,positive,0.119,0.881,0.0
XV0S8C,Computer Music,0,Like a lot of it was about like activism or a lot of like even the computer generated ones.,0.7579,positive,0.349,0.651,0.0
XV0S8C,Computer Music,2,"Just like, to see why it would suggest that.",0.3612,positive,0.238,0.762,0.0
XV0S8C,Computer Music,4,listening to just the lyrics for all of them really.,0.0,neutral,0.0,1.0,0.0
XV0S8C,Computer Music,5,"Just because like for one of the computer songs, like it was just like the content just like wasn't meaningful to me.",0.7928,positive,0.345,0.587,0.068
XV0S8C,Computer Music,6,It was just like about money.,0.3612,positive,0.333,0.667,0.0
XV0S8C,Computer Music,7,"Like I said, I was just like, okay, I mean, I love money, but like, what I'm saying?",0.8316,positive,0.545,0.455,0.0
XV0S8C,Computer Music,8,"It's just not, that wouldn't be someone's favorite song for the content.",-0.357,negative,0.0,0.816,0.184
XV0S8C,Computer Music,9,"It would be someone's favorite song for the sounds, in my opinion.",0.4588,positive,0.214,0.786,0.0
XV0S8C,Computer Music,10,So it was less like interesting to me.,0.5616,positive,0.435,0.565,0.0
XWM6DC,Computer Music,0,"The first computer algorithm song which I don't know the title, they don't tell you the titles, of course, felt, I don't know, I guess similar to maybe things I've already heard, the kind of stuff that I, you know, maybe it was drawing on one of my suggestions or something, I don't know.",0.0,neutral,0.0,1.0,0.0
XWM6DC,Computer Music,1,I've already forgotten half of them.,-0.2263,negative,0.0,0.725,0.275
XWM6DC,Computer Music,2,"Fine to good in general, I suppose.",0.5719,positive,0.54,0.46,0.0
XWM6DC,Computer Music,3,"Like, I mean, they were songs.",0.3612,positive,0.385,0.615,0.0
XWM6DC,Computer Music,4,I hadn't heard any of them before.,0.0,neutral,0.0,1.0,0.0
Y1I6D6,Computer Music,0,I liked one of the songs that the computer generated and the rest I was not a fan of.,0.2115,positive,0.149,0.746,0.105
Y1I6D6,Computer Music,1,"like the computer generated songs I was like, oh, those beats are kind of nice.",0.7584,positive,0.406,0.594,0.0
Y9N2G1,Computer Music,0,"there were two songs which I really liked, which were, kind of, they were in line with my taste.",0.4754,positive,0.154,0.846,0.0
Y9N2G1,Computer Music,1,There was one song which I did not maybe like.,-0.2755,negative,0.0,0.791,0.209
YP35AR,Computer Music,0,The first one I just thought was kind of funny.,0.3832,positive,0.246,0.754,0.0
YP35AR,Computer Music,1,"Like, I didn't love it.",-0.2187,negative,0.318,0.254,0.428
YP35AR,Computer Music,2,I think it was just kind of like funny as a song.,0.6258,positive,0.39,0.61,0.0
YP35AR,Computer Music,3,"But the second one, it was a little bit more of like what I was talking like poetry music.",0.8092,positive,0.328,0.672,0.0
YP35AR,Computer Music,4,I thought it was a little bit like nicer.,0.5938,positive,0.493,0.507,0.0
YP35AR,Computer Music,5,I thought it was kind of fun.,0.4601,positive,0.376,0.624,0.0
Z01ABO,Computer Music,0,I think it was like I was kind of like observing this in myself where I was kind of like eh with the computer ones.,0.7579,positive,0.283,0.717,0.0
Z01ABO,Computer Music,1,obviously with the computer generated ones there are people who would enjoy them.,0.4939,positive,0.211,0.789,0.0
06ECDB,Music Sharing,0,"Typically listening by myself every now and then, if we have a couple of friends over, something like that, I might put on some, throwback music, 80s, 90s, something like that.",0.7964,positive,0.238,0.762,0.0
06ECDB,Music Sharing,1,But most of the music I listen to is just by myself.,0.0,neutral,0.0,1.0,0.0
06ECDB,Music Sharing,2,Because I enjoy listening to 80s and 90s as well as everyone else.,0.6486,positive,0.346,0.654,0.0
06ECDB,Music Sharing,3,Maybe my friend group doesn't like country as much as I do or don't care for that one.,-0.1376,negative,0.146,0.638,0.216
06ECDB,Music Sharing,4,"So for the whole group, try and find music that suits kind of all of us or something like that.",0.3612,positive,0.116,0.884,0.0
06ECDB,Music Sharing,5,So most of the music I kind of submitted that I listened to was just for me.,0.0,neutral,0.0,1.0,0.0
06ECDB,Music Sharing,6,"When there's others around, I'll kind of change the style.",0.0,neutral,0.0,1.0,0.0
0M3LDX,Music Sharing,0,It's a lot of different ways.,0.0,neutral,0.0,1.0,0.0
0M3LDX,Music Sharing,1,Some bands I've heard.,0.0,neutral,0.0,1.0,0.0
0M3LDX,Music Sharing,2,"I've heard them in comparison to, like being compared to bands that I've already been fans of, like being like, oh, this band sounds similar to this other band.",0.7579,positive,0.224,0.776,0.0
0M3LDX,Music Sharing,3,"And then I go, oh, let me check out that other band.",0.0,neutral,0.0,1.0,0.0
0M3LDX,Music Sharing,4,"Or people I know or see online and go, wow, I really like this band.",0.7645,positive,0.375,0.625,0.0
0M3LDX,Music Sharing,5,I'm trying to remember.,0.0,neutral,0.0,1.0,0.0
0M3LDX,Music Sharing,6,"I think, I might have only heard like one song that was suggested to me that was from another person.",0.3612,positive,0.128,0.872,0.0
0M3LDX,Music Sharing,9,I thought it was alright.,0.25,positive,0.4,0.6,0.0
0M3LDX,Music Sharing,10,Like it sounded good.,0.6597,positive,0.73,0.27,0.0
0M3LDX,Music Sharing,11,"And like I can see how someone would be interested in that, be connected to it.",0.6369,positive,0.286,0.714,0.0
0M3LDX,Music Sharing,12,"It's, it wasn't something I was personally interested in, but I could see the appeal and I was like, it's kind of cool.",0.7657,positive,0.309,0.691,0.0
0M3LDX,Music Sharing,13,"Just not my vibe, I guess.",0.0,neutral,0.0,1.0,0.0
0M3LDX,Music Sharing,14,"My thoughts were kind of different because when I was listening to the someone else's favorite song, it was like, okay, someone likes this.",0.8481,positive,0.349,0.651,0.0
0M3LDX,Music Sharing,15,"They put, they took the time to write it out on the survey on the list.",0.0,neutral,0.0,1.0,0.0
0M3LDX,Music Sharing,16,"Like, it's someone's personal favorite for some reason.",0.6705,positive,0.478,0.522,0.0
0M3LDX,Music Sharing,17,"And, you know, there's like that human connection to it.",0.3612,positive,0.217,0.783,0.0
0M3LDX,Music Sharing,18,I felt kind of nervous of like being judged and stuff.,0.0276,neutral,0.194,0.62,0.186
0M3LDX,Music Sharing,19,"This is because typically when I share my music, it's really hit or miss with my friends and just in past experiences I've had.",0.5325,positive,0.195,0.736,0.069
0M3LDX,Music Sharing,20,"So I was slightly nervous, but I was just like, everyone's allowed to have their own opinions.",0.4048,positive,0.183,0.731,0.086
0M3LDX,Music Sharing,21,I'm not in control of that.,0.0,neutral,0.0,1.0,0.0
0M3LDX,Music Sharing,22,We probably will never meet.,0.0,neutral,0.0,1.0,0.0
0M3LDX,Music Sharing,23,I'll never know these people.,0.0,neutral,0.0,1.0,0.0
0M3LDX,Music Sharing,24,It's fine if they don't like it.,-0.0798,negative,0.202,0.561,0.237
0M3LDX,Music Sharing,25,I'm not going to like some of their stuff and that's okay.,-0.0541,negative,0.136,0.714,0.151
0M3LDX,Music Sharing,27,"Sometimes my friends are like, oh wow, this is really awesome.",0.9299,positive,0.663,0.337,0.0
0M3LDX,Music Sharing,28,And then they end up really liking that entire band or whatever.,0.4576,positive,0.214,0.786,0.0
0M3LDX,Music Sharing,29,"And then sometimes my friends are like, this is, if you like that, that's okay.",0.8402,positive,0.476,0.524,0.0
0M3LDX,Music Sharing,31,But I don't like it.,-0.395,negative,0.0,0.53,0.47
0M3LDX,Music Sharing,32,"And I used to take that more personally when I was like 13, because everything matters when you're 13, I guess.",0.3818,positive,0.184,0.816,0.0
0M3LDX,Music Sharing,33,"But, as time has gone on, and I've gotten more exposed to, I guess, internet, like music reviewers and whatnot, I've just sort of realized, it doesn't matter.",0.307,positive,0.107,0.793,0.099
0M3LDX,Music Sharing,38,"Sometimes I share songs if I'm like, oh, I think you would like this.",0.7351,positive,0.444,0.556,0.0
0M3LDX,Music Sharing,39,Like it just fits the music you listen to and your vibe.,0.3612,positive,0.185,0.815,0.0
0M3LDX,Music Sharing,40,"And sometimes, for example, my friends and I have a shared playlist.",0.6705,positive,0.407,0.593,0.0
0M3LDX,Music Sharing,41,Sometimes songs will come up or I'll be playing music for my friends in the car or something like that.,0.7506,positive,0.303,0.697,0.0
0M3LDX,Music Sharing,42,"I guess when I was younger, I was a little more scared to open up and share what I enjoyed and I guess share my interests and what I liked because I was scared I would get made fun of.",0.839,positive,0.354,0.515,0.131
0M3LDX,Music Sharing,43,"And, but again, as I got older, I was like, it's fine.",0.6652,positive,0.405,0.595,0.0
0M3LDX,Music Sharing,44,They don't hate me for liking a certain artist or whatever.,0.7781,positive,0.527,0.473,0.0
0M3LDX,Music Sharing,45,Like we're still friends at the end of the day.,0.6808,positive,0.412,0.588,0.0
0M3LDX,Music Sharing,46,"They might make fun of me a little, but it's okay.",0.4774,positive,0.339,0.661,0.0
0M3LDX,Music Sharing,47,That's how friendships go.,0.3818,positive,0.464,0.536,0.0
0M3LDX,Music Sharing,48,"I guess that's, it doesn't matter.",-0.0191,neutral,0.0,0.788,0.212
0M3LDX,Music Sharing,49,I guess that's just my big takeaway.,0.0,neutral,0.0,1.0,0.0
0M3LDX,Music Sharing,50,"Just like, it's not that deep.",0.3612,positive,0.333,0.667,0.0
0M3LDX,Music Sharing,52,"I don’t know if that's like a nihilistic way to look at it, but I don't know, it doesn't matter too much at the end of the day.",0.1628,positive,0.068,0.889,0.043
0M3LDX,Music Sharing,53,The world's not going to end.,0.0,neutral,0.0,1.0,0.0
0M3LDX,Music Sharing,54,"music, I can just like listen to it on the bus.",0.3612,positive,0.217,0.783,0.0
0M3LDX,Music Sharing,55,I can listen to it while doing homework.,0.0,neutral,0.0,1.0,0.0
0M3LDX,Music Sharing,56,"I can, I don't know, just it's always there, It's not too much of a time commitment.",0.3818,positive,0.167,0.833,0.0
0M3LDX,Music Sharing,57,"And, just I consume so much of it that it's easy to feel like sharing it with my friends and be like, oh, this, I thought of you when I heard the song or I think you would like this because it seems similar to things you like just generally.",0.9501,positive,0.325,0.675,0.0
0M3LDX,Music Sharing,58,"Or just straight up, I really like this song.",0.5709,positive,0.439,0.561,0.0
0M3LDX,Music Sharing,59,And I wanted to share it with you.,0.296,positive,0.268,0.732,0.0
0M3LDX,Music Sharing,60,"So yeah, that's why music is like the main thing.",0.6115,positive,0.384,0.616,0.0
0M3LDX,Music Sharing,61,"And also it's just so, it contains so many emotions and like it can very easily, in my opinion, convey like a certain state of mind.",0.8313,positive,0.318,0.682,0.0
0M3LDX,Music Sharing,62,Just in the moment or like a certain emotion.,0.5574,positive,0.434,0.566,0.0
0M3LDX,Music Sharing,63,"I definitely have a couple of songs where I, like with my friends, I'm just like, hey, if I post this on Instagram, can you send me an “are you okay” text?",0.8689,positive,0.302,0.698,0.0
0M3LDX,Music Sharing,64,"But yeah, sometimes it's to convey a state of mind.",0.4215,positive,0.259,0.741,0.0
0M3LDX,Music Sharing,65,"Other times it's just to be like, I am just genuinely enjoying this song right now.",0.7096,positive,0.312,0.688,0.0
0M3LDX,Music Sharing,66,"Yeah, I'm always worried about like if I share music, like am I trying to send like a subconscious message?",0.8271,positive,0.474,0.438,0.088
0M3LDX,Music Sharing,67,"Like for example, with my partner, if I send him a sad song or a song about breakups, I have to be like, does he know I'm not trying to break up with him?",0.2263,positive,0.142,0.769,0.088
0M3LDX,Music Sharing,69,"I know, I could also just be overthinking though.",0.0,neutral,0.0,1.0,0.0
0M3LDX,Music Sharing,70,"For certain songs, it's like, it feels like it was written for me.",0.7269,positive,0.415,0.585,0.0
0M3LDX,Music Sharing,71,Like I've had the exact experiences or emotional experiences or like interactions or whatever that the song is describing.,0.6808,positive,0.292,0.708,0.0
0M3LDX,Music Sharing,72,So that is the big thing.,0.0,neutral,0.0,1.0,0.0
0M3LDX,Music Sharing,73,"Just like, do I feel like directly called out by this song?",0.6124,positive,0.357,0.643,0.0
1JVZTM,Music Sharing,0,"But most of the music I get, like that isn't some stuff I already listened to, is like suggestions from like friends and stuff.",0.9313,positive,0.436,0.564,0.0
1JVZTM,Music Sharing,2,sometimes I'll just like listen to music with my friends and then they'll put on stuff or I'll put on stuff.,0.6808,positive,0.228,0.772,0.0
1JVZTM,Music Sharing,3,Or if it's like on the radio or kind of like any situation really.,0.6124,positive,0.294,0.706,0.0
1MM3K9,Music Sharing,0,It depends on the setting.,0.0,neutral,0.0,1.0,0.0
1MM3K9,Music Sharing,1,"If it's like getting ready with friends, I'll do like upbeat songs that I know that we all love.",0.93,positive,0.532,0.468,0.0
1MM3K9,Music Sharing,2,"But then if I'm just driving in the car and then I have like one other person, I'll just play like my normal playlist that they might not know, but it's comforting for me.",0.9209,positive,0.312,0.688,0.0
1MM3K9,Music Sharing,3,"In like the big social situations, like getting ready, I like to do nostalgic songs, like ones that you can sing along to get you ready to like go out or whatever you're doing.",0.9382,positive,0.402,0.598,0.0
1MM3K9,Music Sharing,4,"And then for like my other like main playlist, It's stuff that like some people know, some people don't.",0.7579,positive,0.319,0.681,0.0
1MM3K9,Music Sharing,5,And so then it can be like a good conversation starter.,0.6597,positive,0.403,0.597,0.0
1MM3K9,Music Sharing,6,"People will be like, oh, I love this artist.",0.7717,positive,0.528,0.472,0.0
1MM3K9,Music Sharing,7,"And I'm like, no way, I do too.",0.0772,positive,0.258,0.515,0.227
1MM3K9,Music Sharing,8,And so then I share that with my family.,0.3566,positive,0.261,0.739,0.0
1MM3K9,Music Sharing,9,"And if I discover a new song, I'll share it with my family or my friends too.",0.6486,positive,0.29,0.71,0.0
1MM3K9,Music Sharing,10,"I think the people that I'm closest with, like I think for me, music is something more intimate.",0.3612,positive,0.143,0.857,0.0
1MM3K9,Music Sharing,11,And so then being able to have access to like somebody's taste in music or what they're listening to is like important to me.,0.7003,positive,0.245,0.755,0.0
1MM3K9,Music Sharing,12,"So it's more of like my close friends and family that I share that experience with, but not like every day.",0.8024,positive,0.365,0.635,0.0
1MM3K9,Music Sharing,13,"acquaintances, I'd say.",0.0,neutral,0.0,1.0,0.0
1ZDS4P,Music Sharing,0,"Yeah, I'd say so, for sure.",0.5829,positive,0.544,0.456,0.0
1ZDS4P,Music Sharing,1,"Like when I'm driving people around, like I'll always put my music on.",0.6124,positive,0.312,0.688,0.0
1ZDS4P,Music Sharing,2,"At home, like with my roommates, like we'll play music together We usually, we're all pretty close.",0.8625,positive,0.449,0.551,0.0
1ZDS4P,Music Sharing,3,Like we know like what kind of music we're all into.,0.6124,positive,0.357,0.643,0.0
1ZDS4P,Music Sharing,4,We usually make like a Spotify blend.,0.3612,positive,0.333,0.667,0.0
1ZDS4P,Music Sharing,5,And we just like play that while we're like doing homework and stuff.,0.7506,positive,0.425,0.575,0.0
1ZWUFF,Music Sharing,0,"Yeah, just like when we're, really just when we're in groups settings where we need to listen to music.",0.5719,positive,0.217,0.783,0.0
1ZWUFF,Music Sharing,1,We don't go like out of our way to send songs to each other.,-0.2755,negative,0.0,0.86,0.14
1ZWUFF,Music Sharing,2,I usually like them.,0.3612,positive,0.556,0.444,0.0
1ZWUFF,Music Sharing,4,And I have to pretend like I do.,0.2732,positive,0.316,0.506,0.177
2MDJD4,Music Sharing,0,"Usually, I mean, I think more so with that.",0.0,neutral,0.0,1.0,0.0
2MDJD4,Music Sharing,1,"It's usually spot on because again, like they know what you're interested in, like your life experiences.",0.7717,positive,0.355,0.645,0.0
2MDJD4,Music Sharing,2,Like they know like what kind of music you like and don't like.,0.8402,positive,0.526,0.474,0.0
2MDJD4,Music Sharing,3,So I definitely think it's more accurate.,0.4576,positive,0.374,0.626,0.0
2MDJD4,Music Sharing,4,Like people choose it for you because there is like that human connection that you wouldn't have with the other stuff.,0.6124,positive,0.208,0.792,0.0
2MDJD4,Music Sharing,5,"Oh yeah, I definitely like, I think the only times I really do that though is like if I'm listening to a song and like something reminds me of one of my friends or reminds me of somebody and I'm like, oh my gosh, like I think they'd really like this or oh this is kind of like similar to something they've listened to or like.",0.975,positive,0.359,0.641,0.0
2MDJD4,Music Sharing,6,or might be going through or whatever.,0.0,neutral,0.0,1.0,0.0
2MDJD4,Music Sharing,7,"And then I'll be like, hey, I have this song I think you might like really enjoy.",0.8173,positive,0.414,0.586,0.0
2MDJD4,Music Sharing,8,"It might be like, you're kind of high, like I noticed you jam out to stuff like this kind of stuff.",0.7579,positive,0.306,0.694,0.0
35A4QY,Music Sharing,0,"Normally if it's like, I'll start by like, oh, if I like know that this song has a specific like feeling vibe, then I will try and find like artists like that.",0.926,positive,0.429,0.571,0.0
35A4QY,Music Sharing,1,I like usually I listen to like artists to like get their like sense of like their sound.,0.8885,positive,0.532,0.468,0.0
35A4QY,Music Sharing,2,"And based off of that, if I don't like that in that moment, I go to a different one.",-0.2755,negative,0.0,0.877,0.123
35A4QY,Music Sharing,3,"Or a lot of the time, a lot of my friends are really into music, especially a lot of music I think is really good or whereas I guess there's significance in music culture.",0.8122,positive,0.244,0.756,0.0
35A4QY,Music Sharing,4,So they'll tell me albums to listen to and listen to us.,0.0,neutral,0.0,1.0,0.0
35A4QY,Music Sharing,5,And they're always always good.,0.4404,positive,0.42,0.58,0.0
35A4QY,Music Sharing,9,"I find that notes to like the stuff that I know more or less is less like, of the stuff that's like, I guess, musically significant as a culture, but it's more like a lot of newer abstract, but still really good.",0.904,positive,0.314,0.686,0.0
35A4QY,Music Sharing,10,"And then there should be more of those, and then just whoever can share that too.",0.296,positive,0.128,0.872,0.0
35A4QY,Music Sharing,12,"I would say that like, normally if like we are like camping or just like hanging out or something like that, and it's like, oh like a song comes on that we hear, or we're like, oh, this song would be really good right now.",0.9647,positive,0.406,0.594,0.0
35A4QY,Music Sharing,13,"They would like usually like sit down and like listen to like one song, which is cool.",0.8834,positive,0.506,0.494,0.0
35A4QY,Music Sharing,14,"A lot of when we share our different recommendations come from, me and my roommate just talk a lot about that at night.",0.296,positive,0.099,0.901,0.0
35A4QY,Music Sharing,15,"And that just goes to very long conversations that we can listen to the next day and continue, which is cool.",0.3182,positive,0.103,0.897,0.0
35A4QY,Music Sharing,16,Or sometimes we teach each other songs with different instruments to try it out and then share it that way.,0.296,positive,0.104,0.896,0.0
35A4QY,Music Sharing,17,"Or I'll see an album cover and be like, why do you like the album basically?",0.6124,positive,0.263,0.737,0.0
35A4QY,Music Sharing,18,And then they share it that way too.,0.296,positive,0.239,0.761,0.0
35A4QY,Music Sharing,19,"For some of them, it's definitely like either like connected us or deepened our relationship a lot, which I think is really cool.",0.8516,positive,0.377,0.623,0.0
35A4QY,Music Sharing,20,"And just so that we can share that and it'll also be like, oh, like this reminds me of this song, like text each other that.",0.8271,positive,0.306,0.694,0.0
35A4QY,Music Sharing,21,"And like just also share that experience, especially for songs that it's like, have more like memory behind it that we can both like associate with and be like, this happened like with me with this song and this happened with you with this song.",0.9349,positive,0.312,0.688,0.0
35A4QY,Music Sharing,22,And it's cool to like be able to share that.,0.7184,positive,0.5,0.5,0.0
382LOS,Music Sharing,0,"Sometimes, not a lot.",0.0,neutral,0.0,1.0,0.0
382LOS,Music Sharing,1,"I usually like to keep my songs, because I don't, a really bad habit of mine is I don't go out looking for new music, generally speaking.",0.6774,positive,0.21,0.79,0.0
382LOS,Music Sharing,2,I usually just listen to what I already know.,0.0,neutral,0.0,1.0,0.0
382LOS,Music Sharing,3,And sometimes I will find new music through that.,0.0,neutral,0.0,1.0,0.0
382LOS,Music Sharing,4,And so I will add that to my like songs.,0.3612,positive,0.238,0.762,0.0
382LOS,Music Sharing,5,"And so I don't have like the biggest category in the world, because I don't go out listening, actually looking for songs.",-0.3343,negative,0.0,0.889,0.111
382LOS,Music Sharing,6,But I don't really share my song with a lot of people.,-0.3934,negative,0.0,0.772,0.228
382LOS,Music Sharing,7,"Unless I find a really, really good song that I'm like super like happy that I found and I like a lot and I want to share with somebody else, then I will.",0.9641,positive,0.551,0.449,0.0
382LOS,Music Sharing,8,And most of the time it ends up being like one person.,0.3612,positive,0.185,0.815,0.0
382LOS,Music Sharing,9,"So far, I've shared, I mean, this year I haven't found them.",0.3947,positive,0.228,0.772,0.0
382LOS,Music Sharing,10,"Like one specific person, one of my specific friends, they've been the one who I've gone to for me.",0.6808,positive,0.248,0.752,0.0
382LOS,Music Sharing,11,"So generally speaking, I don't.",0.0,neutral,0.0,1.0,0.0
382LOS,Music Sharing,12,I kind of keep to myself.,0.0,neutral,0.0,1.0,0.0
382LOS,Music Sharing,14,"Because like when I was like listening to my own music and then being in the group of other people, I wasn't worried about my song.",0.7085,positive,0.247,0.753,0.0
382LOS,Music Sharing,15,I wasn't worried about what are they thinking about me?,0.2235,positive,0.191,0.809,0.0
382LOS,Music Sharing,16,"You know, I kind of like a deeper anxiety, like, oh, maybe they're thinking of me in this way.",0.4047,positive,0.219,0.696,0.085
382LOS,Music Sharing,17,or this way because of this specific song.,0.0,neutral,0.0,1.0,0.0
382LOS,Music Sharing,18,"And so I definitely, what's it called, pry away from sharing my music from us, just due to like deeper anxiety, like possibly being judged, or then like not liking the music, or possibly not liking it in the way that I like it.",0.8617,positive,0.287,0.6,0.113
4TPXHQ,Music Sharing,0,A really good way that I've had within the past three or four years is my a cappella group.,0.4927,positive,0.166,0.834,0.0
4TPXHQ,Music Sharing,1,We arrange all of our own music.,0.0,neutral,0.0,1.0,0.0
4TPXHQ,Music Sharing,2,So other people that feel very passionately about a song will arrange it for the group.,0.5709,positive,0.209,0.791,0.0
4TPXHQ,Music Sharing,3,"And then I get to hear, you know, this thing that someone has a vision for and has put hours into arranging.",0.25,positive,0.095,0.905,0.0
4TPXHQ,Music Sharing,4,And there's one member and she has such good taste.,0.4404,positive,0.244,0.756,0.0
4TPXHQ,Music Sharing,5,"So we like exchange, you know, like playlists and everything.",0.6764,positive,0.41,0.59,0.0
4TPXHQ,Music Sharing,6,usually it's exchanging playlists and all of my friends are musicians.,0.4767,positive,0.237,0.763,0.0
4TPXHQ,Music Sharing,7,We all are constantly looking for new music.,0.0,neutral,0.0,1.0,0.0
5F2WAZ,Music Sharing,2,"So if I'm just listening to a song that like reminds me of someone, I'll send that song to them.",0.3612,positive,0.122,0.878,0.0
5F2WAZ,Music Sharing,3,"Or if it's a new song and I think it's dope and I think someone will like it, I'll send it as well.",0.5574,positive,0.204,0.796,0.0
5F2WAZ,Music Sharing,4,"So pretty much it's just like, it's never like a planned thing.",0.8173,positive,0.515,0.485,0.0
5F2WAZ,Music Sharing,5,"It's just like, oh, I need to send this song to someone.",0.3612,positive,0.2,0.8,0.0
5F2WAZ,Music Sharing,6,"It just comes, that comes to me.",0.0,neutral,0.0,1.0,0.0
5F2WAZ,Music Sharing,7,"Yeah, they like it for sure.",0.7184,positive,0.7,0.3,0.0
5F2WAZ,Music Sharing,8,"Like, because like most of the people I talk to like music as well.",0.8225,positive,0.516,0.484,0.0
5F2WAZ,Music Sharing,9,"So it's just like, a way we communicate really.",0.4144,positive,0.283,0.717,0.0
5F2WAZ,Music Sharing,10,"So usually maybe it could start with sending a song and then it could, segue into other things like about that genre, about that artist or even just like about the individual instruments, like, oh, I like the bass on this song or whatever.",0.8402,positive,0.208,0.792,0.0
5F2WAZ,Music Sharing,11,Music can convey emotions for sure.,0.3182,positive,0.315,0.685,0.0
5F2WAZ,Music Sharing,12,"So that's one, you know, whether it's just be like, you know, like romantic songs and stuff you can send to people, or just like, songs, like when I'm hanging out with my friends that we kind of like to, turn out to, I guess you could say.",0.946,positive,0.314,0.686,0.0
5F2WAZ,Music Sharing,13,"I guess in that way, it's just kind of like, it's just like an expression, because even like if you're playing a song, it's like an expression of you, I feel.",0.8238,positive,0.316,0.684,0.0
5F2WAZ,Music Sharing,14,Sometimes people get it.,0.0,neutral,0.0,1.0,0.0
5F2WAZ,Music Sharing,15,"Like if they listen to the song, you know, like they're like, Okay, I get what you're trying to say, I guess it really just depends, if they actually listen to it or not, But I feel like most of the time, people understand, what I'm trying to tell them by sending them a song, Yeah.",0.8674,positive,0.217,0.783,0.0
5F2WAZ,Music Sharing,16,"Yeah, just people I'm like close with, whether it's like family or friends.",0.8519,positive,0.534,0.466,0.0
5F2WAZ,Music Sharing,17,"I don't really send like songs to strangers or people like, if there's someone here like at school, and we just like text each other about assignments and stuff, I'm not just going to send them a song.",-0.8055,negative,0.0,0.775,0.225
62U759,Music Sharing,0,my friends and I send songs back and forth.,0.4767,positive,0.307,0.693,0.0
62U759,Music Sharing,1,"But in terms of songs that I actually like, I find them better through like what my friends or my siblings will send me.",0.9382,positive,0.446,0.554,0.0
62U759,Music Sharing,2,"Or like if I shazam, sneaky shazam a song that my friend's playing that I'm not gonna like ask what it is.",0.5994,positive,0.275,0.648,0.077
62U759,Music Sharing,3,I think that that's where I find like better things.,0.6597,positive,0.474,0.526,0.0
62U759,Music Sharing,4,"It sticks more when it comes from a person or like a real life experience, if that makes sense.",0.3612,positive,0.135,0.865,0.0
62U759,Music Sharing,5,One of my friends is currently in a like rock music history class.,0.6808,positive,0.359,0.641,0.0
62U759,Music Sharing,6,And so she's like just sending me the songs that they learn about in class.,0.4173,positive,0.166,0.834,0.0
62U759,Music Sharing,7,"And like, you're like, oh, I know that one or oh, I don't know that one.",0.6124,positive,0.294,0.706,0.0
62U759,Music Sharing,8,And so it's kind of more like she knows that I like the genre.,0.6794,positive,0.337,0.663,0.0
62U759,Music Sharing,9,So then like she's sending me everything that she learns in the genre that kind of resonates with her.,0.4173,positive,0.134,0.866,0.0
62U759,Music Sharing,10,And then we have a discussion about it.,0.0,neutral,0.0,1.0,0.0
62U759,Music Sharing,11,"And I sit, I'm like, wait, but I like this one from this artist or something like that.",0.8047,positive,0.388,0.612,0.0
62U759,Music Sharing,12,So it becomes a conversation.,0.0,neutral,0.0,1.0,0.0
62U759,Music Sharing,13,"And whether it starts from like a, I think you'll really like this versus a like, I really like this and I want you to like it.",0.8957,positive,0.448,0.552,0.0
62U759,Music Sharing,14,I think that both of them are sort of even.,0.0,neutral,0.0,1.0,0.0
62U759,Music Sharing,15,"But my sister, she will send me very me-specific songs that she thinks that I will like.",0.5023,positive,0.178,0.822,0.0
62U759,Music Sharing,16,"My sister's birthday was yesterday and I didn't get her a gift and I was like sitting there in the morning and I quickly like made her a playlist and I sent it to her and she was like, my God.",0.7347,positive,0.229,0.714,0.057
62U759,Music Sharing,17,Like I knew that it was gonna mean a lot to her.,0.3612,positive,0.217,0.783,0.0
62U759,Music Sharing,18,And like she knows that it means a lot to me when she sends me stuff because it's like something that's like beautiful and art reminding you of a person or making you think of a person as like kind of special.,0.9393,positive,0.335,0.665,0.0
62U759,Music Sharing,19,"I think that like after I share a sort of musical experience with somebody, whether it's going to a concert or just like sharing music or listening to music with somebody, I've definitely noticed like we have kind of a deeper bond and we have a little bit more to talk about.",0.9217,positive,0.275,0.725,0.0
6759KU,Music Sharing,0,"Yeah, I usually, I don't know, I like to ask friends A lot.",0.4922,positive,0.395,0.447,0.157
6759KU,Music Sharing,1,I definitely want like new input and stuff.,0.6705,positive,0.619,0.381,0.0
6759KU,Music Sharing,2,"So yeah, I'll just like ask people what they like to listen to and then see if that's something like I want to add within my own mix kind of thing.",0.8516,positive,0.311,0.689,0.0
6759KU,Music Sharing,3,"A lot of the times I feel like, yeah, it is driving.",0.5719,positive,0.37,0.63,0.0
6759KU,Music Sharing,4,"Like I usually don't like to, sometimes, I don't know, like it is weird having like being self-conscious about your own music choices.",-0.5469,negative,0.094,0.603,0.303
6759KU,Music Sharing,5,"Cause a lot of times with my friends, like I know like they'll want to listen or like engage in something that I'm interested in.",0.9325,positive,0.515,0.485,0.0
6759KU,Music Sharing,6,"But at the same time, I'm not always sure about like some song choices if like that will like be, not disruptive, but I don't know, just like just they might not enjoy it as much.",0.8611,positive,0.313,0.568,0.119
6759KU,Music Sharing,7,So I will have them like pick out songs in the car a lot of the time.,0.3612,positive,0.152,0.848,0.0
6759KU,Music Sharing,8,And that's like where I listen to a lot of cool songs too.,0.5859,positive,0.348,0.652,0.0
6759KU,Music Sharing,9,"And if I just like, I'll text my friends too sometimes and just literally ask them for song recommendations or something.",0.6808,positive,0.237,0.763,0.0
6759KU,Music Sharing,10,And it really depends on like what I'm doing.,0.4144,positive,0.257,0.743,0.0
6759KU,Music Sharing,11,"If it's, if it's homework, it can kind of be anything.",0.0,neutral,0.0,1.0,0.0
6759KU,Music Sharing,12,"If it's like, sometimes I'll ask people like what they listen to at the gym or something and it'd like have, yeah, like you said, like the setting specific kind of playlists in mind and type of music.",0.9136,positive,0.315,0.685,0.0
6R5ITB,Music Sharing,0,"I would say I get a lot of my music from friends because we'll be playing music while studying together, music while in the car together.",0.5994,positive,0.189,0.811,0.0
6R5ITB,Music Sharing,1,"I'm like, oh, I really like this.",0.6124,positive,0.556,0.444,0.0
6R5ITB,Music Sharing,2,You should send it to me.,0.0,neutral,0.0,1.0,0.0
6R5ITB,Music Sharing,3,"Or my friends and I, we like to just send each other music.",0.6808,positive,0.337,0.663,0.0
6R5ITB,Music Sharing,4,"Like, oh, hey, this new song came out.",0.3612,positive,0.263,0.737,0.0
6R5ITB,Music Sharing,5,"Here, like, I think you would like it.",0.6124,positive,0.5,0.5,0.0
6R5ITB,Music Sharing,6,"Or on Spotify, they have this thing where you can do like a joint playlist and it'll like combine like your top, I don't know, however many songs.",0.8074,positive,0.297,0.703,0.0
6R5ITB,Music Sharing,7,"I think that like if we're hanging out together, like obviously we kind of play music that we both will enjoy, but like if I'm in my friend's car and they're playing music, it's maybe a little bit different than what I would normally listen to like by myself, but it's still like good music.",0.9636,positive,0.348,0.652,0.0
6R5ITB,Music Sharing,8,"And I think from that, we've kind of learned like the kind of music that each other like, outside of just hanging out one-on-one too.",0.6124,positive,0.185,0.815,0.0
6R5ITB,Music Sharing,9,"And so we'll send songs to each other and be like, oh, like my friend is really into jazz.",0.802,positive,0.339,0.661,0.0
6R5ITB,Music Sharing,10,I don't really listen to jazz by myself very much.,0.0,neutral,0.0,1.0,0.0
6R5ITB,Music Sharing,11,"But if there's like a cool, like jazzy, like R&B song that I find, I'm like, oh, I think you'd like this.",0.9595,positive,0.596,0.404,0.0
6R5ITB,Music Sharing,12,I think it's kind of fun.,0.4601,positive,0.429,0.571,0.0
6R5ITB,Music Sharing,13,"It's like, oh, like this song like it's like kind of like this song like made you think of me like it's cool that you like recognize that like this might be something I like I also just I think it's fun to like listen to new music so.",0.9819,positive,0.501,0.499,0.0
79TSTS,Music Sharing,0,"Oh yeah, I share music A lot.",0.5267,positive,0.595,0.405,0.0
79TSTS,Music Sharing,1,So my roommate also is a lot into music and he is a He plays guitar himself.,0.25,positive,0.125,0.875,0.0
79TSTS,Music Sharing,2,"So, we have jam sessions.",0.0,neutral,0.0,1.0,0.0
79TSTS,Music Sharing,3,We listen to music together.,0.0,neutral,0.0,1.0,0.0
79TSTS,Music Sharing,4,He listens to a lot of new songs too.,0.0,neutral,0.0,1.0,0.0
79TSTS,Music Sharing,5,"So just to answer your previous question, that's how I discovered new songs as well, through his favorite songs.",0.6249,positive,0.242,0.758,0.0
79TSTS,Music Sharing,6,"I believe like when your music tastes match, so you have a lot more in common, you get to connect yourself more.",0.3612,positive,0.116,0.884,0.0
79TSTS,Music Sharing,7,"So yeah, a lot of times that we get together is, you know, whenever we have parties or whenever we do anything together, we just Keep a speaker together, music that both of us like, so it keeps the bond together intact when you have music that matches your taste.",0.8173,positive,0.177,0.823,0.0
7D8BPD,Music Sharing,0,"Not really, because I've been told my taste in music is not good.",-0.3412,negative,0.0,0.833,0.167
7D8BPD,Music Sharing,1,"So I also know it's like out there from what a lot of people like, especially like from what's popular right now.",0.8519,positive,0.392,0.608,0.0
7D8BPD,Music Sharing,2,"It's a lot of like friends, family, because since I'm so involved in musical stuff, like, I'm a music major.",0.7964,positive,0.351,0.649,0.0
7D8BPD,Music Sharing,3,I think that what I'm those two is very different from what they are.,0.0,neutral,0.0,1.0,0.0
7D8BPD,Music Sharing,4,"And since I do so much of that, for my career or for school, it's like, I don't listen to music a ton, like outside of that aspect.",0.6124,positive,0.179,0.821,0.0
7D8BPD,Music Sharing,5,So really my exposure is that.,0.0,neutral,0.0,1.0,0.0
7D8BPD,Music Sharing,6,"Or like if things that I hear from my classmates or, you know, stuff like that.",0.6124,positive,0.278,0.722,0.0
7V6SPY,Music Sharing,0,"Pretty often, I guess, with my roommate almost every day, but we have really similar music tastes.",0.2732,positive,0.123,0.877,0.0
7V6SPY,Music Sharing,1,"So that helps outside of that, not very often.",0.4364,positive,0.265,0.735,0.0
7V6SPY,Music Sharing,2,"I knew a little bit beforehand, but then we mainly started sharing music once we moved in together.",0.5719,positive,0.198,0.802,0.0
7V6SPY,Music Sharing,3,I think it's been pretty beneficial.,0.7269,positive,0.67,0.33,0.0
7V6SPY,Music Sharing,4,It's like one of the main things we bond over.,0.3612,positive,0.217,0.783,0.0
7V6SPY,Music Sharing,5,especially since we have the same music taste.,0.0,neutral,0.0,1.0,0.0
7V6SPY,Music Sharing,6,So we'll go to concerts together.,0.0,neutral,0.0,1.0,0.0
7V6SPY,Music Sharing,7,"If we don't have anything to do at night, we'll just listen to an album we both really want to listen to.",0.1513,positive,0.071,0.929,0.0
7V6SPY,Music Sharing,8,"So it's brought us closer together, I think.",0.0,neutral,0.0,1.0,0.0
7V6SPY,Music Sharing,9,Mainly through my friends.,0.4767,positive,0.508,0.492,0.0
7V6SPY,Music Sharing,10,So we'll share a lot of music.,0.3566,positive,0.331,0.669,0.0
9772KI,Music Sharing,0,"Yeah, I'm a, like I would say I'm a music person.",0.5719,positive,0.402,0.598,0.0
9772KI,Music Sharing,1,especially in the car or I like going to concerts.,0.3612,positive,0.238,0.762,0.0
9772KI,Music Sharing,2,One of my friends will take me to concerts even if I don't know who the person is.,0.4767,positive,0.162,0.838,0.0
9772KI,Music Sharing,3,So I like being opened up to new music and I also like sharing songs that I like with other people.,0.8801,positive,0.444,0.556,0.0
9772KI,Music Sharing,4,"I think it kind of plays into compatibility, I guess.",0.1796,positive,0.196,0.804,0.0
9772KI,Music Sharing,5,"Like if you have similar interests as someone that like, someone I don't know super well and we share like a favorite artist or something, it kind of just like informs the relationship.",0.8818,positive,0.389,0.498,0.112
9772KI,Music Sharing,6,"It doesn't like, change anything if they like a type of music that I don't like.",-0.652,negative,0.0,0.635,0.365
9772KI,Music Sharing,7,"It just informs it, I guess.",0.0,neutral,0.0,1.0,0.0
9772KI,Music Sharing,8,"I learn about people based on the type of music they like, I guess.",0.3612,positive,0.185,0.815,0.0
9772KI,Music Sharing,9,"And it can build a stronger relationship if you share an interest, I guess.",0.7783,positive,0.464,0.536,0.0
9772KI,Music Sharing,10,So I guess it could kind of impact it a little bit.,0.0,neutral,0.0,1.0,0.0
9772KI,Music Sharing,11,But also I have this app called Airbuds where you can see like what your friends are listening to at the time.,0.8126,positive,0.28,0.72,0.0
9772KI,Music Sharing,12,So sometimes I get like opened up to new stuff that way too.,0.4144,positive,0.201,0.799,0.0
9772KI,Music Sharing,15,"But also like it kind of gets you to like, I don't know, like I listen to certain music when I'm in a certain mood, I guess.",0.9331,positive,0.455,0.545,0.0
9772KI,Music Sharing,16,So like it kind of gets you to see into their psyche a little bit.,0.4201,positive,0.177,0.823,0.0
9772KI,Music Sharing,17,"Or I don't know, sometimes I'll like text them about it or I'll get a text.",0.3612,positive,0.161,0.839,0.0
9772KI,Music Sharing,18,"They'll be like, why are you listening to that?",0.3612,positive,0.238,0.762,0.0
9772KI,Music Sharing,19,"Like, did something happen?",0.3612,positive,0.455,0.545,0.0
9772KI,Music Sharing,20,"But yeah, it's a good way to like kind of connect with people too.",0.872,positive,0.497,0.503,0.0
9772KI,Music Sharing,21,You can like react to it on the app or like message people or you can put like polls up and ask for music recommendations.,0.7579,positive,0.254,0.746,0.0
9772KI,Music Sharing,22,So that's a cool way to get like exposed to that kind of stuff.,0.5829,positive,0.31,0.611,0.079
9SZ2DJ,Music Sharing,1,"Something that I like, I didn't choose.",0.3612,positive,0.385,0.615,0.0
9SZ2DJ,Music Sharing,2,"I wish like, there was, there was some that I knew, but I was like, the song is good.",0.8658,positive,0.471,0.529,0.0
9SZ2DJ,Music Sharing,3,Like if I knew the lyrics that I'd enjoy it even more.,0.6908,positive,0.388,0.612,0.0
9SZ2DJ,Music Sharing,5,"I think like for most songs, I feel like some people can just listen to it and be like, this is a good song.",0.8555,positive,0.38,0.62,0.0
9SZ2DJ,Music Sharing,6,But I feel like I have to like resonate with the lyrics or like at least like know the lyrics to truly enjoy a song.,0.9688,positive,0.569,0.431,0.0
9SZ2DJ,Music Sharing,7,I think that two types of music that I listen to most is like either stuff that like I'm feeling in the moment.,0.7233,positive,0.282,0.718,0.0
9SZ2DJ,Music Sharing,8,"So like I like the lyrics I like, I'm like, oh yeah, you know, like I agree with them.",0.9491,positive,0.675,0.325,0.0
9SZ2DJ,Music Sharing,9,"Or it's just like, and then the other, the ones that I'm like, I don't exactly agree with, like it's kind of random or just like stuff that like, you know, make me happy or give me confidence, I guess.",0.9468,positive,0.378,0.581,0.041
9SZ2DJ,Music Sharing,10,Just make me feel good.,0.4404,positive,0.42,0.58,0.0
9SZ2DJ,Music Sharing,11,"I was, I think I was kind of wondering, for one of my songs, Fluorescent Adolescent, I was like, I wonder what other people think of it because I really like that song and I've introduced it to my friends and they've also liked it because the lyrics are just kind of fun to listen to.",0.9171,positive,0.236,0.764,0.0
9SZ2DJ,Music Sharing,12,"And I was like, I wonder what they're thinking.",0.3612,positive,0.294,0.706,0.0
9SZ2DJ,Music Sharing,13,"It's usually like, this summer, I feel like I realized that when someone says like, oh, what's your favorite type of music?",0.8591,positive,0.396,0.604,0.0
9SZ2DJ,Music Sharing,14,I'm like all over the place.,0.3612,positive,0.333,0.667,0.0
9SZ2DJ,Music Sharing,15,"I'm like, well, I like everything.",0.7269,positive,0.78,0.22,0.0
9SZ2DJ,Music Sharing,16,And then it sounds like I'm boring.,0.0516,positive,0.255,0.51,0.235
9SZ2DJ,Music Sharing,17,"And I'm like, no, I swear, I listen to music.",0.0258,neutral,0.229,0.459,0.312
9SZ2DJ,Music Sharing,18,So I feel like this summer I was exploring what kind of music I like the most and the genre.,0.6764,positive,0.27,0.73,0.0
9SZ2DJ,Music Sharing,19,"So me and my roommates, I had an internship.",0.0,neutral,0.0,1.0,0.0
9SZ2DJ,Music Sharing,20,So we talk about music a lot and exchange what we like and what they like.,0.6124,positive,0.278,0.722,0.0
9SZ2DJ,Music Sharing,21,And I kind of discovered what I kind of like.,0.2975,positive,0.24,0.76,0.0
9SZ2DJ,Music Sharing,22,"So it's usually just like friends being like, what do you like?",0.8625,positive,0.57,0.43,0.0
9SZ2DJ,Music Sharing,23,And just playing music.,0.2023,positive,0.375,0.625,0.0
9SZ2DJ,Music Sharing,24,"Well, I think it's like getting to know that person more because sometimes like a lot of the songs aren't just songs.",0.7269,positive,0.295,0.705,0.0
9SZ2DJ,Music Sharing,25,"They'll be like, there's like a story behind why they like that song.",0.7579,positive,0.455,0.545,0.0
9SZ2DJ,Music Sharing,26,"They're like, oh, I like this because like they connect it to something in their life or they're like, oh, this is who introduced this to me.",0.8402,positive,0.312,0.688,0.0
9SZ2DJ,Music Sharing,27,"Or like there's different phases in your life where you listen to certain types of music or whatever, right?",0.5574,positive,0.213,0.787,0.0
9SZ2DJ,Music Sharing,28,"So I think it like, and because, and when I listen to that song, I think of these people.",0.4144,positive,0.156,0.844,0.0
9SZ2DJ,Music Sharing,29,"So I think it's like a good bond to have, to have shared music.",0.7943,positive,0.473,0.527,0.0
B4A6KD,Music Sharing,0,I think it depends on the person that's sending me the music.,0.0,neutral,0.0,1.0,0.0
B4A6KD,Music Sharing,1,Like I have a friend and she'll always send me songs that she thinks that I'll really like.,0.8173,positive,0.395,0.605,0.0
B4A6KD,Music Sharing,2,"And I have another friend that says like, “I really love this lyric.”",0.8805,positive,0.531,0.469,0.0
B4A6KD,Music Sharing,3,And he'll send me that song because I think he really likes it.,0.4754,positive,0.219,0.781,0.0
B4A6KD,Music Sharing,4,He wants to share it.,0.296,positive,0.355,0.645,0.0
B4A6KD,Music Sharing,6,"I think I probably tend to like the music that people are like, “you'll really like this” more.",0.7579,positive,0.366,0.634,0.0
B4A6KD,Music Sharing,7,"Well, I'm busy recently.",0.2732,positive,0.412,0.588,0.0
B4A6KD,Music Sharing,8,"I'm like, “oh, I got to find the time to like really listen to this.”",0.6124,positive,0.294,0.706,0.0
B4A6KD,Music Sharing,10,But it makes me feel happy.,0.7227,positive,0.502,0.498,0.0
B4A6KD,Music Sharing,11,"I'm like, “oh, you're thinking about me” or “something about this song made you think about me,” which I like.",0.6124,positive,0.227,0.773,0.0
B4A6KD,Music Sharing,12,And it'll remind me to send a song to them if I think about them.,0.0,neutral,0.0,1.0,0.0
B4A6KD,Music Sharing,13,It's a good sharing experience.,0.6908,positive,0.74,0.26,0.0
B4A6KD,Music Sharing,14,To my friends and stuff.,0.4767,positive,0.437,0.563,0.0
B4A6KD,Music Sharing,15,It's definitely like more where I have more people send me music than like the other way.,0.7717,positive,0.372,0.628,0.0
B4A6KD,Music Sharing,16,"Cause I think that my taste in music's a little like, a little weirder.",0.3102,positive,0.266,0.734,0.0
B4A6KD,Music Sharing,17,"So it's hard to find songs that like, “oh yeah, this is totally a normal thing to send you on a Wednesday.”",0.4627,positive,0.201,0.727,0.072
B4A6KD,Music Sharing,19,I think a lot of my taste in music comes from my mom and my dad.,0.0,neutral,0.0,1.0,0.0
B4A6KD,Music Sharing,20,Like we have very similar taste in music.,0.3612,positive,0.263,0.737,0.0
B4A6KD,Music Sharing,21,"So it's really nice to go home and like, they have speakers in the house.",0.7056,positive,0.311,0.689,0.0
B4A6KD,Music Sharing,22,And so I'll like play music while me and my mom are cooking.,0.6643,positive,0.331,0.669,0.0
B4A6KD,Music Sharing,23,"So it's definitely like, fill the silence and like also connect on something.",0.8179,positive,0.46,0.54,0.0
B4A6KD,Music Sharing,24,Same thing with my dad.,0.0,neutral,0.0,1.0,0.0
B4A6KD,Music Sharing,25,"So it's really, it brings my family really close together.",0.0,neutral,0.0,1.0,0.0
B4A6KD,Music Sharing,26,"And like me and my brother, we're always going to like music events.",0.6124,positive,0.312,0.688,0.0
B4A6KD,Music Sharing,27,"He loves like house music events, things like that.",0.8271,positive,0.592,0.408,0.0
B4A6KD,Music Sharing,28,And I'll always go to those with him.,0.0,neutral,0.0,1.0,0.0
B4A6KD,Music Sharing,29,"With my friends, I think it plays less of a role in my actual friendships.",0.7717,positive,0.435,0.565,0.0
B4A6KD,Music Sharing,30,just because we're not listening to music too often together.,0.0,neutral,0.0,1.0,0.0
B4A6KD,Music Sharing,31,And I don't go to as many concerts usually.,0.0,neutral,0.0,1.0,0.0
B4A6KD,Music Sharing,32,I go to more concerts with my family members than I do with my friends.,0.4767,positive,0.205,0.795,0.0
B4A6KD,Music Sharing,33,"And then my boyfriend, I don't listen to much, like we don't have very much music in common.",0.3612,positive,0.135,0.865,0.0
B4A6KD,Music Sharing,34,He doesn't care for the music I play and I don't care for the music he plays.,-0.2158,negative,0.213,0.533,0.254
B4A6KD,Music Sharing,35,"So really important to my family, like less so on my friendships and relationship.",0.774,positive,0.413,0.587,0.0
IAFS52,Music Sharing,0,"Sometimes, rarely, but it's just with people that I'm close to.",0.0,neutral,0.0,1.0,0.0
IAFS52,Music Sharing,1,Because I'm scared people judge me for my music tastes.,-0.4404,negative,0.0,0.756,0.244
IAFS52,Music Sharing,2,"I mean, sometimes, for me, it's just like, typically like car rides.",0.6124,positive,0.357,0.643,0.0
IAFS52,Music Sharing,3,"Like if you like, if someone asks like, hey, put on a playlist, that's typically where they get a lot of my music taste.",0.7579,positive,0.283,0.717,0.0
IAFS52,Music Sharing,4,"Or if I'm like driving people, I just have my like car playlist and half the time I'm too lazy to like change it and stuff.",0.6124,positive,0.242,0.677,0.081
IAFS52,Music Sharing,5,"And then like, there are a few times, especially with like the people I'm closer to, I'm like, hey, this song kind of reminds me of you Yeah.",0.8271,positive,0.297,0.703,0.0
IAFS52,Music Sharing,6,"I know, I mean, especially with my partner, I share an Apple Music account with them.",0.296,positive,0.155,0.845,0.0
IAFS52,Music Sharing,7,"So effectively, it's just like I can see my music tastes slowly like merging into those playlists.",0.8016,positive,0.387,0.613,0.0
IF5UTV,Music Sharing,1,"When my friends and I hang out, we don't usually get a speaker together.",0.4767,positive,0.22,0.78,0.0
IF5UTV,Music Sharing,2,"And I don't share music with my family, but I do share a lot of music with my boyfriend.",-0.4168,negative,0.0,0.788,0.212
IF5UTV,Music Sharing,5,"So I wouldn't say like very often, like probably only like once a month I share music with people.",-0.6022,negative,0.103,0.563,0.334
IF5UTV,Music Sharing,6,I think I have a lot of anxiety around it.,-0.1779,negative,0.0,0.779,0.221
IF5UTV,Music Sharing,7,Not like I don't know.,-0.2755,negative,0.0,0.587,0.413
IF5UTV,Music Sharing,8,I'm always just like stressing out over like whether this is the right thing to play.,0.5994,positive,0.338,0.548,0.114
IF5UTV,Music Sharing,9,"And I don't want to be uncool and be like, are you sure this is okay to play?",0.7832,positive,0.408,0.538,0.055
IF5UTV,Music Sharing,10,"Like, are you sure you like it?",0.743,positive,0.646,0.354,0.0
IF5UTV,Music Sharing,11,"But I am definitely thinking like, okay, like 5 songs ahead of now, the vibe is going to switch from like this to this and I'm going to be amazed.",0.9636,positive,0.476,0.524,0.0
IF5UTV,Music Sharing,12,So I think I overthink it a lot.,0.0,neutral,0.0,1.0,0.0
IF5UTV,Music Sharing,13,I'm a really busy person and I have a limited attention span.,-0.2263,negative,0.0,0.808,0.192
IF5UTV,Music Sharing,14,"So when I really care about something, I can like lock in.",0.7397,positive,0.439,0.561,0.0
IF5UTV,Music Sharing,15,"So like, I, if I have like a friend that's like, oh, like here's my playlist, you can put it on your drive.",0.9242,positive,0.473,0.527,0.0
IF5UTV,Music Sharing,16,"Like I'll be like, okay, then play the songs that I know from the playlist.",0.8074,positive,0.482,0.518,0.0
IF5UTV,Music Sharing,17,"But if it's like somebody I have a crush on and they send me a playlist, I'm like, each of these songs is so meaningful.",0.862,positive,0.345,0.592,0.063
IF5UTV,Music Sharing,18,"Like I have to fully lock in and absorb everything and it just, it becomes so much more like important.",0.7674,positive,0.323,0.677,0.0
IIW3F8,Music Sharing,0,Usually when we're going on drives or like we're sitting and we're doing homework and we're playing songs.,0.5106,positive,0.212,0.788,0.0
IIW3F8,Music Sharing,1,My friends and I like to bake a lot.,0.6808,positive,0.528,0.472,0.0
IIW3F8,Music Sharing,2,"So we'll just like hit a shared playlist, like make a collaborative playlist, and then we'll do that.",0.7862,positive,0.379,0.621,0.0
IIW3F8,Music Sharing,3,"So like very social setting, just, yeah.",0.6115,positive,0.5,0.5,0.0
IIW3F8,Music Sharing,4,And they're all usually happy songs.,0.5719,positive,0.425,0.575,0.0
IIW3F8,Music Sharing,5,"Sometimes a sad song will come in every now and again Music is always on in the car, always when I'm walking somewhere or driving somewhere, always when we're cooking or even if we're just there to just like hang out and talk.",-0.1531,negative,0.055,0.877,0.068
IIW3F8,Music Sharing,6,"Like there's always, always music playing.",0.5106,positive,0.518,0.482,0.0
IIW3F8,Music Sharing,7,"So it's very, very important.",0.3338,positive,0.372,0.628,0.0
IIW3F8,Music Sharing,8,And we all have our own favorite songs that we play when we're together too.,0.6597,positive,0.293,0.707,0.0
IIW3F8,Music Sharing,9,"Like, this is us, this is us.",0.3612,positive,0.294,0.706,0.0
IIW3F8,Music Sharing,10,"Like, this is our song that we play when we're together.",0.5994,positive,0.353,0.647,0.0
IIW3F8,Music Sharing,11,"So yeah, I would say it's, it plays a pretty big role.",0.7713,positive,0.524,0.476,0.0
IIW3F8,Music Sharing,12,And I guess I haven't thought about it like that.,0.3612,positive,0.263,0.737,0.0
IIW3F8,Music Sharing,13,But like music is always around all the time.,0.5023,positive,0.289,0.711,0.0
IIW3F8,Music Sharing,14,"And like we always, a lot of us play instruments too.",0.5994,positive,0.38,0.62,0.0
IIW3F8,Music Sharing,15,And so like there's certain songs that we only play like when we're together that have a really deep meaning to like our group.,0.9031,positive,0.422,0.578,0.0
IOEYMP,Music Sharing,0,I think like every day.,0.3612,positive,0.455,0.545,0.0
IOEYMP,Music Sharing,1,"If it were just like any random like person, I would avoid it.",0.4215,positive,0.309,0.556,0.136
IOEYMP,Music Sharing,2,"Like I only usually share music with people that I'm like, that like mean a lot to me, I guess, or that I already know I have the same music taste as.",0.8271,positive,0.297,0.703,0.0
IOEYMP,Music Sharing,3,"I guess music, like everybody has their own perception of what a good music taste is.",0.6597,positive,0.31,0.69,0.0
IOEYMP,Music Sharing,4,"So Like there's that bit on top of like, I guess, my own concerns of how other people see me.",0.7264,positive,0.307,0.693,0.0
IOEYMP,Music Sharing,5,"So it's like, oh, if like people think I have bad music taste, then I'm like not someone that they'd want to be around or something.",0.6292,positive,0.291,0.604,0.106
IOEYMP,Music Sharing,7,"So it's also just like a very, like some sorts of music can be very intimate to some people.",0.6124,positive,0.238,0.762,0.0
IOEYMP,Music Sharing,8,"So it's just like showing people those parts of me, I guess.",0.4144,positive,0.217,0.783,0.0
IQLWA6,Music Sharing,0,"Sometimes I'll ask my friends, I'll be like, what are you guys Listening to right now.",0.6808,positive,0.286,0.714,0.0
IQLWA6,Music Sharing,2,"More often than not, we share it when it's like, we're getting ready to go.",0.4788,positive,0.265,0.635,0.1
IQLWA6,Music Sharing,3,"We'll be like, cue something on.",0.3612,positive,0.333,0.667,0.0
IQLWA6,Music Sharing,4,"And so that's how you kind of go, oh, that's pretty nice.",0.7184,positive,0.375,0.625,0.0
IQLWA6,Music Sharing,5,"Or sometimes I do this stupid thing where it's like I send my, I make little Google forms for fun and I send them to my friends and I was like, fill it out.",0.7506,positive,0.289,0.609,0.102
IQLWA6,Music Sharing,7,"And I'll be like, what have you been listening to lately?",0.3612,positive,0.2,0.8,0.0
IQLWA6,Music Sharing,8,"Or like, what's your favorite song right now?",0.6705,positive,0.478,0.522,0.0
J0QRGC,Music Sharing,0,"I mainly listen by myself, but like if I'm driving somewhere with somebody, I'll play my music.",0.7469,positive,0.312,0.688,0.0
J0QRGC,Music Sharing,1,"Or like I go, well, I guess this doesn't really count, but I go to concerts sometimes.",0.3182,positive,0.216,0.784,0.0
J4J4VY,Music Sharing,0,"If I like a song, I will try to listen to the whole album in order.",0.3612,positive,0.172,0.828,0.0
J4J4VY,Music Sharing,1,And that's been the biggest way that I find new music.,0.0,neutral,0.0,1.0,0.0
J4J4VY,Music Sharing,2,I also like will listen to friends recommendations.,0.6808,positive,0.528,0.472,0.0
J4J4VY,Music Sharing,3,That is pretty good for me.,0.7269,positive,0.604,0.396,0.0
J4J4VY,Music Sharing,4,"And occasionally if I'm really in the mood for listening to new music, Generally, I actually had someone recommend me music today.",0.3612,positive,0.111,0.889,0.0
J4J4VY,Music Sharing,5,And I don't know if it was just because I was thinking about this study and like how sharing music makes people feel closer and stuff.,0.6486,positive,0.194,0.806,0.0
J4J4VY,Music Sharing,6,"But I was like, oh, that's super sweet that like she would suggest that.",0.9505,positive,0.638,0.362,0.0
J4J4VY,Music Sharing,7,And then I kind of like suggested a song back to her based on the song that what she recommended reminded me of.,0.4601,positive,0.174,0.826,0.0
J4J4VY,Music Sharing,8,And it did make me feel like I knew a little bit more about her.,0.3612,positive,0.172,0.828,0.0
J4J4VY,Music Sharing,9,"We're not super duper close friends, but we are friends enough to share music and I thought that was cool.",0.8713,positive,0.426,0.5,0.074
J4J4VY,Music Sharing,10,"Otherwise, I would say my friends' recommendations Usually they come from people that I'm closer to as is.",0.4767,positive,0.162,0.838,0.0
JAC6MU,Music Sharing,3,"Like with some people, like my girlfriend, for example, I've like tried showing her some stuff and she's like, what the hell?",0.5267,positive,0.316,0.538,0.146
JAC6MU,Music Sharing,5,"But for like, I don't know, I have a few friends who are like into like a lot of the similar music I am and like really dissonant, harsher stuff.",0.9087,positive,0.42,0.465,0.115
JAC6MU,Music Sharing,6,"So for that, it's never that reaction.",0.0,neutral,0.0,1.0,0.0
JAC6MU,Music Sharing,7,"It's usually pretty, I don't know, a lot more positive of a reaction.",0.796,positive,0.47,0.53,0.0
JAC6MU,Music Sharing,9,"We send a lot of stuff back and forth to each other, but also like when we hang out, like in the car, we're like showing each other stuff, or like I don't know, my friend Ahmad loves to like bring me and Alex over to his room.",0.9575,positive,0.334,0.612,0.054
JAC6MU,Music Sharing,10,"And he's like, I'm going to show you some stuff.",0.3612,positive,0.217,0.783,0.0
JAC6MU,Music Sharing,11,"I want to like really, I don't know, get you into some good stuff.",0.6908,positive,0.427,0.573,0.0
JAC6MU,Music Sharing,12,He's like our music connoisseur.,0.3612,positive,0.385,0.615,0.0
JAC6MU,Music Sharing,13,"I think I'm just more likely to hear other people out, especially like in the past few years, especially my musical, I don't know, taste has like really, really grown and expanded too.",0.6794,positive,0.162,0.838,0.0
JAC6MU,Music Sharing,14,"Like a few years ago, I would not be listening to a lot of the stuff I listen to now.",0.3612,positive,0.143,0.857,0.0
JAC6MU,Music Sharing,15,"There's actually like a few examples of me trying out stuff I listen to now and being like, And then coming back to it like now I'm being like, this is amazing.",0.9153,positive,0.356,0.644,0.0
JAC6MU,Music Sharing,16,"And I don't know, part of that is just somebody sends you something and it's like kind of harsh and dissonant, something you've never heard before.",-0.1027,negative,0.088,0.81,0.102
JAC6MU,Music Sharing,17,"I think when it's a friend, you're just more likely to be like, okay, where are you coming from with this?",0.765,positive,0.322,0.678,0.0
JAC6MU,Music Sharing,18,"And oftentimes it leads to like actually hearing them out, being like, whoa, this is great.",0.8442,positive,0.412,0.588,0.0
JBNB4U,Music Sharing,0,Usually it's in the car.,0.0,neutral,0.0,1.0,0.0
JBNB4U,Music Sharing,1,That one's always in.,0.0,neutral,0.0,1.0,0.0
JBNB4U,Music Sharing,2,"Like we can't sit in silence because that's worse, I think.",-0.1531,negative,0.184,0.588,0.228
JBNB4U,Music Sharing,3,"Sometimes not, but I prefer music to be played in the car.",0.4767,positive,0.237,0.763,0.0
JBNB4U,Music Sharing,4,It's actually crazy how some people don't listen to music.,-0.34,negative,0.0,0.789,0.211
JBNB4U,Music Sharing,6,Something different.,0.0,neutral,0.0,1.0,0.0
JBNB4U,Music Sharing,7,"But it's usually in that context where like people are over and we're just talking, there should be some background music.",0.5023,positive,0.14,0.86,0.0
JBNB4U,Music Sharing,8,"And then when like I'm at someone else's and they're playing music, I like hear like in a conversation, like in like talking, but then you hear something you like and then like, oh, what's that?",0.9127,positive,0.39,0.61,0.0
JBNB4U,Music Sharing,9,It's kind of how I think about it.,0.0,neutral,0.0,1.0,0.0
KI6KAH,Music Sharing,1,It's generally other people sharing music with me.,0.4215,positive,0.286,0.714,0.0
KI6KAH,Music Sharing,2,That's generally how I learn about it.,0.0,neutral,0.0,1.0,0.0
KI6KAH,Music Sharing,3,"My partner's really into music, and he tries to make music himself as well.",0.2732,positive,0.139,0.861,0.0
KI6KAH,Music Sharing,4,So he's generally the one sharing them with me.,0.4215,positive,0.259,0.741,0.0
KI6KAH,Music Sharing,5,And some of our other friends also.,0.4767,positive,0.341,0.659,0.0
KI6KAH,Music Sharing,6,"So yeah, people share music with me a lot.",0.6068,positive,0.452,0.548,0.0
KI6KAH,Music Sharing,7,It's generally things that they like and want to share with me.,0.6124,positive,0.4,0.6,0.0
KI6KAH,Music Sharing,9,Or like songs that make them think of me.,0.3612,positive,0.238,0.762,0.0
KI6KAH,Music Sharing,10,"Not necessarily from like a, oh, I think you'd like this as much as like, oh, like I think about you when it's playing type thing.",-0.6848,negative,0.062,0.65,0.289
KI6KAH,Music Sharing,12,"it's mainly things that they listen to and are like, oh, I want to share this.",0.6124,positive,0.333,0.667,0.0
KI6KAH,Music Sharing,13,"I find, I don't know if this is important or not, but I find if they just send it to me, I'm less likely to listen to it.",0.1027,positive,0.055,0.945,0.0
KI6KAH,Music Sharing,14,"But like if we're in the car, a lot of the time when I listen to music, it's in the car.",0.5023,positive,0.153,0.847,0.0
KI6KAH,Music Sharing,15,And my partner will play music.,0.34,positive,0.324,0.676,0.0
KI6KAH,Music Sharing,16,"And so like, I'll listen to it then and try and pay attention if he's like actively playing it.",0.8067,positive,0.386,0.558,0.056
KI6KAH,Music Sharing,17,"But if he just sends it to me, I'm less likely to.",0.0,neutral,0.0,1.0,0.0
KI6KAH,Music Sharing,18,"I'm like, oh, I'm busy.",0.3612,positive,0.385,0.615,0.0
KI6KAH,Music Sharing,19,"Like, I'll do it later and then I forget.",0.1531,positive,0.24,0.577,0.183
KI6KAH,Music Sharing,20,"But if he just is like, oh, I want to share this with you and then he plays it.",0.8402,positive,0.417,0.583,0.0
KI6KAH,Music Sharing,21,"But yeah, then I pay attention.",0.296,positive,0.378,0.405,0.216
KI6KAH,Music Sharing,22,"Most of the time, pretty good.",0.7269,positive,0.604,0.396,0.0
KI6KAH,Music Sharing,23,"I'm like, oh, thank you for sharing this with me.",0.7783,positive,0.527,0.473,0.0
KI6KAH,Music Sharing,24,"Like, this is interesting.",0.6369,positive,0.722,0.278,0.0
KI6KAH,Music Sharing,25,I do think I'm less into music than they are.,0.0,neutral,0.0,1.0,0.0
KI6KAH,Music Sharing,26,"And so, you know, I'm, But I'm less inclined to look for new things.",0.0,neutral,0.0,1.0,0.0
KI6KAH,Music Sharing,27,And I think I sometimes I need to listen to things a few times before I feel interested in it a whole lot.,0.4019,positive,0.144,0.856,0.0
KI6KAH,Music Sharing,28,"So sometimes it's like, oh yeah, that sounds cool.",0.7402,positive,0.548,0.452,0.0
KI6KAH,Music Sharing,30,"Like, can we play something that I know so I can sing along now or something like that?",0.7506,positive,0.363,0.637,0.0
KI6KAH,Music Sharing,31,"But if it's like new music that it's like, this artist that we like just came out with new music, have you heard the song yet?",0.8674,positive,0.298,0.702,0.0
KI6KAH,Music Sharing,32,"I'm like, oh no, and then they play it.",0.4019,positive,0.374,0.458,0.168
KI6KAH,Music Sharing,33,So we're both kind of learning at the same time.,0.0,neutral,0.0,1.0,0.0
KI6KAH,Music Sharing,35,"I think that's also kind of a thing is like, if it's a song that they really like and they're playing it for me for the first time, and then I'm kind of like, oh, am I reacting how they want me to?",0.8225,positive,0.238,0.762,0.0
KI6KAH,Music Sharing,36,"Like, if the song's really meaningful for them, I'm worried about if it's not for me, how to respond to like, oh, cool, thank you.",0.8479,positive,0.369,0.566,0.065
KI6KAH,Music Sharing,37,"Thank you for thinking of me, but I don't like this.",-0.2299,negative,0.141,0.644,0.215
KI6KAH,Music Sharing,38,"But it's generally, at least now, it's generally more of just new music from artists that we both already like.",0.5023,positive,0.146,0.854,0.0
KI6KAH,Music Sharing,39,So then it's just like kind of having fun exploring those as they come home.,0.7003,positive,0.309,0.691,0.0
L0CULX,Music Sharing,1,"I don't like, I feel like I, there's, I mean, I like a lot, a wide range of stuff.",-0.652,negative,0.0,0.612,0.388
L0CULX,Music Sharing,2,"I wouldn't say I'm like, one genre is my genre, but it depends as well.",0.2721,positive,0.164,0.741,0.096
L0CULX,Music Sharing,3,"Like there's some stuff I'm like, I don't know if people would really like this.",0.7579,positive,0.405,0.595,0.0
L0CULX,Music Sharing,4,I don't know if I want to share it.,0.2448,positive,0.261,0.594,0.145
L0CULX,Music Sharing,5,"And then there's stuff that I'm like, oh, most people would probably enjoy this.",0.6908,positive,0.322,0.678,0.0
L0CULX,Music Sharing,6,So I definitely like sharing a lot.,0.8332,positive,0.815,0.185,0.0
L0CULX,Music Sharing,9,"I like, I mean, I share my music a lot if we're at like a social event, like a party or something, or just even like a gathering of friends.",0.9432,positive,0.529,0.471,0.0
L0CULX,Music Sharing,10,"Like I said, at a party, I'm more likely to play stuff people would know where if there's like a group of friends over or maybe in a car ride.",0.9093,positive,0.391,0.609,0.0
L0CULX,Music Sharing,11,I play my own stuff.,0.34,positive,0.444,0.556,0.0
L0CULX,Music Sharing,13,"Yeah, I think mostly I get songs from like people, I guess like the car ride one's a really good one where it's like, I feel like going down to Denver or something, like somebody plays a song.",0.9509,positive,0.453,0.547,0.0
L0CULX,Music Sharing,14,"I'm like, oh, I kind of like this.",0.6124,positive,0.5,0.5,0.0
L0CULX,Music Sharing,16,"But yeah, I don't know.",0.4215,positive,0.483,0.517,0.0
L0CULX,Music Sharing,18,"Sometimes I hear an artist that I like, we went, I just went to a concert on Monday with a friend and the opener was good.",0.8225,positive,0.323,0.677,0.0
L0CULX,Music Sharing,19,And so sometimes it's just like that.,0.3612,positive,0.294,0.706,0.0
L0CULX,Music Sharing,20,I just liked what they were playing.,0.5574,positive,0.535,0.465,0.0
L0CULX,Music Sharing,21,So things like that usually.,0.4173,positive,0.41,0.59,0.0
L0CULX,Music Sharing,22,But I do like going out and searching for new music.,0.5023,positive,0.265,0.735,0.0
L0CULX,Music Sharing,23,I don't like waiting for to see if something will play that's good.,0.4922,positive,0.323,0.548,0.129
MH2DWX,Music Sharing,0,"Song suggestions, if like there's music playing and I like suggest something, car rides, road trips.",0.7003,positive,0.362,0.638,0.0
MH2DWX,Music Sharing,1,"I don't usually send suggestions or give suggestions, but I don't know, anytime there's like, it's usually road trip where like we all put music on it or I'm like driving someone somewhere, I'll have my music on.",0.8674,positive,0.228,0.772,0.0
MH2DWX,Music Sharing,2,Kind of a balance of the two.,0.0,neutral,0.0,1.0,0.0
MH2DWX,Music Sharing,3,Usually it's just what I'm into currently.,0.0,neutral,0.0,1.0,0.0
MH2DWX,Music Sharing,4,"But like if it's a longer thing where they're kind of like trapped there, I'll try to see what we would both like.",0.631,positive,0.301,0.556,0.142
MH2DWX,Music Sharing,8,"A lot of people are like, I think you would like this.",0.6124,positive,0.385,0.615,0.0
MH2DWX,Music Sharing,9,Usually they're right.,0.0,neutral,0.0,1.0,0.0
MH2DWX,Music Sharing,10,Best friend and I definitely share a lot of songs.,0.9062,positive,0.755,0.245,0.0
MH2DWX,Music Sharing,11,They usually will just like send me random links.,0.3612,positive,0.238,0.762,0.0
MH2DWX,Music Sharing,12,"It's like, I'm not sure if this is something they think I would like or something they think belongs on a certain playlist that we've been building.",0.6295,positive,0.236,0.699,0.065
MH2DWX,Music Sharing,13,But usually I like them.,0.5023,positive,0.52,0.48,0.0
MH2DWX,Music Sharing,14,Usually not like the biggest role.,-0.2755,negative,0.0,0.703,0.297
MH2DWX,Music Sharing,15,"I guess with like my sister specifically, it did actually play a role.",0.5994,positive,0.353,0.647,0.0
MH2DWX,Music Sharing,16,We started like just suggesting a bunch of songs to each other like a couple years back and I think we're closer for it.,0.6124,positive,0.208,0.792,0.0
MH2DWX,Music Sharing,17,"I'm not sure if that's like, I don't know, I don't think it's like the music specifically.",0.4657,positive,0.264,0.633,0.103
MH2DWX,Music Sharing,18,"It's more just like the, here's a little bit of myself.",0.4173,positive,0.236,0.764,0.0
MH2DWX,Music Sharing,19,"I, or here's a little bit of myself that I think you would like.",0.3612,positive,0.185,0.815,0.0
NX3IYL,Music Sharing,0,Just because it's some of my favorite stuff and it makes me really happy and just feel good.,0.8718,positive,0.397,0.603,0.0
NX3IYL,Music Sharing,1,So I'd like to at least give somebody a chance to hear if they also feel the same way about it.,0.5829,positive,0.21,0.79,0.0
NX3IYL,Music Sharing,2,"Yeah, like with my roommates all the time.",0.5719,positive,0.439,0.561,0.0
NX3IYL,Music Sharing,3,I share music that I like.,0.5719,positive,0.701,0.299,0.0
NX3IYL,Music Sharing,4,"Yeah, so sometimes I will let them know, I go like, I think you'll like this one.",0.7351,positive,0.396,0.604,0.0
NX3IYL,Music Sharing,5,Or I'll just like have a record and I'll just play it and then they'll come home or something like that.,0.7506,positive,0.303,0.697,0.0
NX3IYL,Music Sharing,6,Or I'll play it on the guitar.,0.34,positive,0.286,0.714,0.0
NX3IYL,Music Sharing,7,"Well, and they don't have a choice whether they get to hear that one or not.",0.2732,positive,0.13,0.87,0.0
NX3IYL,Music Sharing,8,"Also, Sometimes I get recommendations from friends, but it's mainly my own research,",0.2617,positive,0.157,0.843,0.0
OA8J4N,Music Sharing,1,I prefer suggestions from other people.,0.0,neutral,0.0,1.0,0.0
OA8J4N,Music Sharing,2,"Like if I'm in the car with a friend and they're playing a song I like, sometimes like, we all done this, you don't say that you like the song and then you go search up the lyrics and add it to your playlist.",0.9186,positive,0.3,0.7,0.0
OA8J4N,Music Sharing,3,But I like to do that.,0.5023,positive,0.448,0.552,0.0
OA8J4N,Music Sharing,4,Because I feel like music is a way of connecting.,0.3612,positive,0.263,0.737,0.0
OA8J4N,Music Sharing,5,"And then if there's a song that I like for whatever reason and another person has suggested it or I like hear it in their car or something like that, it gives me a little bit more insight to them.",0.7579,positive,0.185,0.815,0.0
OA8J4N,Music Sharing,6,"And especially when it's a song, like one of those sliders was like, how deeply does this resonate with you?",0.6124,positive,0.227,0.773,0.0
OA8J4N,Music Sharing,7,"Like some music is just like music that's just for like fun, I guess, for lack of a better term.",0.886,positive,0.489,0.429,0.082
OA8J4N,Music Sharing,8,"But if I hear a really heartfelt, like soul-crushing, like, oh my gosh, this song, like, why are you listening to this?",0.9531,positive,0.503,0.497,0.0
OA8J4N,Music Sharing,9,Then it like intrigues me to ask further questions.,0.5267,positive,0.386,0.614,0.0
OA8J4N,Music Sharing,10,"Like, do you just like this song because you think it's beautiful?",0.836,positive,0.497,0.503,0.0
OA8J4N,Music Sharing,11,Are you going through something?,0.0,neutral,0.0,1.0,0.0
OA8J4N,Music Sharing,12,Like it kind of provokes the process.,-0.024,neutral,0.248,0.495,0.257
OA8J4N,Music Sharing,13,"And that's kind of why I like to go to concerts as well, because it's like, I'm seeing this person, like not just this big star, like you are and you're another person that I can be in the same space with.",0.8779,positive,0.257,0.743,0.0
OSF8B7,Music Sharing,0,"Other ones, I mean like my parents' music.",0.3612,positive,0.294,0.706,0.0
OSF8B7,Music Sharing,1,I like a lot of music.,0.3612,positive,0.455,0.545,0.0
OSF8B7,Music Sharing,2,"And then just going to festivals because I'll go to see whoever, but then I hear other ones that I like.",0.6124,positive,0.227,0.773,0.0
OSF8B7,Music Sharing,4,"I found, I don't know how, but they found me from, they were an opener and the first song they played was called Nobody Likes the Opening Band.",0.7783,positive,0.221,0.779,0.0
OSF8B7,Music Sharing,5,And they like hooked me on them.,0.3612,positive,0.294,0.706,0.0
OSF8B7,Music Sharing,7,"And then like the one, the reggaeton song I picked, I was having all sorts of fun listening to that all by myself.",0.7003,positive,0.234,0.766,0.0
OSF8B7,Music Sharing,8,"But like that one, I don't think many people listen to that, at least in the US.",0.5023,positive,0.178,0.822,0.0
OSF8B7,Music Sharing,9,I think it's a lot less common.,0.0,neutral,0.0,1.0,0.0
OSF8B7,Music Sharing,10,"And like all the other ones, like I know, I put a Skink and Pickle song on that.",0.6124,positive,0.278,0.722,0.0
OSF8B7,Music Sharing,11,I'm sure no one knows who that is.,0.0258,neutral,0.219,0.571,0.21
OSF8B7,Music Sharing,13,"Very obscure band, but I'm also very sure that's what got the computer generated King of Swing ripoff was the Skink and Pickle song.",0.5251,positive,0.128,0.872,0.0
OSF8B7,Music Sharing,14,I think that was the connection there.,0.0,neutral,0.0,1.0,0.0
P7TX2P,Music Sharing,0,Like a disgusting amount.,-0.2263,negative,0.362,0.145,0.493
P7TX2P,Music Sharing,1,"Like I will just be talking to someone, “can I play a song?",0.5994,positive,0.38,0.62,0.0
P7TX2P,Music Sharing,2,Can I show you a song right now?”,0.0,neutral,0.0,1.0,0.0
P7TX2P,Music Sharing,3,Like I filled out the form and it was like “how often do you listen to music weekly?”,0.6124,positive,0.25,0.75,0.0
P7TX2P,Music Sharing,4,And I just used my like phone usage thing.,0.3612,positive,0.263,0.737,0.0
P7TX2P,Music Sharing,5,"But I've been listening to music a lot more, it doesn't count other people's phones, and me being like, “can I queue a song?",0.5023,positive,0.14,0.86,0.0
P7TX2P,Music Sharing,6,So I kind of rounded up.,0.0,neutral,0.0,1.0,0.0
P7TX2P,Music Sharing,7,And it's been going up.,0.0,neutral,0.0,1.0,0.0
P7TX2P,Music Sharing,8,I work in the BTU and I like that there's noise.,0.3612,positive,0.238,0.762,0.0
P7TX2P,Music Sharing,9,So I'm trying to have more people play music because otherwise it's me playing my music.,0.539,positive,0.242,0.758,0.0
P7TX2P,Music Sharing,10,"I like my music, but I only listen to so many songs.",0.1901,positive,0.163,0.837,0.0
P7TX2P,Music Sharing,11,"Sometimes it's a song that I want to listen to, or sometimes it's something related to it.",0.0772,positive,0.085,0.915,0.0
P7TX2P,Music Sharing,12,"My roommate studied music and now he teaches music, and we'll do a little back and forth.",0.0,neutral,0.0,1.0,0.0
P7TX2P,Music Sharing,13,"The other day we were like, “here's songs that daydream to,” type thing.",0.3612,positive,0.172,0.828,0.0
P7TX2P,Music Sharing,14,"And then we walk each other through like, “then in this part this would happen,” and it's kind of like how we imagined the soundtrack to it.",0.6124,positive,0.167,0.833,0.0
P7TX2P,Music Sharing,15,"But other times, sometimes I just wanna look cool in front of someone.",0.4497,positive,0.211,0.789,0.0
P7WEZC,Music Sharing,1,"Any chance I get, if they care about it.",0.6369,positive,0.464,0.536,0.0
P7WEZC,Music Sharing,2,I'll go on for days about it.,0.0,neutral,0.0,1.0,0.0
P7WEZC,Music Sharing,3,I'll show them anything.,0.0,neutral,0.0,1.0,0.0
P7WEZC,Music Sharing,4,I like to convey to these other people what I'm feeling through this song.,0.4588,positive,0.267,0.733,0.0
P7WEZC,Music Sharing,5,"Like a Frank Ocean song, for example.",0.3612,positive,0.333,0.667,0.0
P7WEZC,Music Sharing,6,That's one of my favorite artists ever.,0.4588,positive,0.333,0.667,0.0
P7WEZC,Music Sharing,7,"And sometimes, if I play this song and they're just like, “you know, it's good,” or something, I feel like, “how do you not understand this?",0.7506,positive,0.261,0.739,0.0
P7WEZC,Music Sharing,9,"It’s like, what is going on here?",0.3612,positive,0.294,0.706,0.0
P7WEZC,Music Sharing,10,How is this not making you feel the way I feel right now?,0.0,neutral,0.0,1.0,0.0
P7WEZC,Music Sharing,11,So that's just what I like to do.,0.3612,positive,0.294,0.706,0.0
P7WEZC,Music Sharing,12,I share that music with them to hopefully make them feel the way I feel whenever I listen to that song and to relate to them and continue talking.,0.5994,positive,0.17,0.83,0.0
PF65TG,Music Sharing,0,"Usually, I'll share it with my partner.",0.296,positive,0.268,0.732,0.0
PF65TG,Music Sharing,1,Because we have similar music tastes.,0.0,neutral,0.0,1.0,0.0
PF65TG,Music Sharing,2,Like I'm kind of like all over the place with my music.,0.5729,positive,0.32,0.68,0.0
PF65TG,Music Sharing,3,"I feel like, and like a few of my friends, I'll share with them if it's like a song they might enjoy or not.",0.9325,positive,0.516,0.484,0.0
PF65TG,Music Sharing,4,My partner definitely likes playing music.,0.743,positive,0.709,0.291,0.0
PF65TG,Music Sharing,5,"But sometimes my friends will listen to it, but they won't like it.",0.358,positive,0.233,0.617,0.15
PF65TG,Music Sharing,6,Or sometimes they'll add it to their playlist.,0.0,neutral,0.0,1.0,0.0
PF65TG,Music Sharing,7,"I like, most of the time I like the songs my partner plays because it's like, it's kind of like a rock alternative and I kind of like those songs.",0.91,positive,0.42,0.58,0.0
PF65TG,Music Sharing,8,"And then my friends, I'll like the songs because it'll be like more EDM songs that they will send me or like upbeat songs.",0.8625,positive,0.346,0.654,0.0
PF65TG,Music Sharing,9,"And then like some of my friends will like send me sad songs and I'm just like, oh, why did you send me this?",0.7579,positive,0.324,0.581,0.095
PF65TG,Music Sharing,10,"I'll still listen to it, but I'm just like, oh, that's kind of sad.",-0.3269,negative,0.164,0.605,0.231
PJ3JKN,Music Sharing,0,"Yeah, on some of the case by case basis.",0.296,positive,0.216,0.784,0.0
PJ3JKN,Music Sharing,1,"I mean, if they ask for it for like, you know, if I could give you a recognition, but it's not like all the time, I'd say it's like once a month.",0.8047,positive,0.248,0.752,0.0
PJ3JKN,Music Sharing,2,It's not like too much.,-0.2755,negative,0.0,0.655,0.345
PJ3JKN,Music Sharing,3,"I think in some cases, yes.",0.4019,positive,0.403,0.597,0.0
PJ3JKN,Music Sharing,4,"Or if like if we trade off at the same time and be like, oh, I know this, I know this, I know this.",0.6124,positive,0.208,0.792,0.0
PJ3JKN,Music Sharing,5,You mind if we play this.,0.34,positive,0.324,0.676,0.0
PJ3JKN,Music Sharing,6,"And they're like, yeah, sure, that's one of my favorite songs.",0.8402,positive,0.588,0.412,0.0
PJ3JKN,Music Sharing,7,So we just kind of like go off of that.,0.2975,positive,0.197,0.803,0.0
PJ3JKN,Music Sharing,8,"Or like if it's an artist that I've never heard of, but they're like very similar to that one, they'd be like, okay, then I'll probably listen to it because it's kind of the same vibe.",0.8625,positive,0.249,0.751,0.0
PUN5JW,Music Sharing,0,"I like, outside of this, I like to show people my music.",0.6124,positive,0.385,0.615,0.0
PUN5JW,Music Sharing,1,"So a little bit of both, I would say.",0.0,neutral,0.0,1.0,0.0
PUN5JW,Music Sharing,2,"Well, me and my roommates are always listening to music if we're like studying, cleaning, getting ready.",0.7269,positive,0.336,0.664,0.0
PUN5JW,Music Sharing,3,"And obviously at parties, in the car.",0.4019,positive,0.31,0.69,0.0
PUN5JW,Music Sharing,4,"Yeah, I feel like that's it.",0.5719,positive,0.61,0.39,0.0
PUN5JW,Music Sharing,5,Or if we go to concerts and stuff.,0.0,neutral,0.0,1.0,0.0
PUN5JW,Music Sharing,6,"So usually if we're at our apartment, we will like start a jam on Spotify and then we'll all play music.",0.5994,positive,0.214,0.786,0.0
PUN5JW,Music Sharing,7,"But just depends on like what the mood is, I guess, for like studying, it's usually low tempo stuff.",0.5927,positive,0.269,0.621,0.11
PUN5JW,Music Sharing,8,"And then, it just varies, I guess.",0.0,neutral,0.0,1.0,0.0
PUN5JW,Music Sharing,9,"Either from my friends, I would say",0.4767,positive,0.383,0.617,0.0
PYIPEW,Music Sharing,0,"I will often listen by myself, but I also do like talk about my music taste all the time with all my friends.",0.8126,positive,0.28,0.72,0.0
PYIPEW,Music Sharing,1,"So like, I think it's sort of, both ways.",0.4201,positive,0.285,0.715,0.0
PYIPEW,Music Sharing,2,"I mean, I liked like when it was my song listening by myself, I really enjoyed it.",0.8357,positive,0.447,0.553,0.0
PYIPEW,Music Sharing,3,"When it was other people's songs, sometimes I was like the computer generated one.",0.3612,positive,0.172,0.828,0.0
PYIPEW,Music Sharing,4,"I was like, okay, like I don't really see a point in listening to this because it's not someone that's in the study versus like when it was someone else's song listening by myself, I was like, oh, maybe I should pay closer attention to it because someone else finds it meaningful or something like that too.",0.9231,positive,0.269,0.709,0.023
PYIPEW,Music Sharing,5,So that was interesting.,0.4522,positive,0.497,0.503,0.0
PYIPEW,Music Sharing,6,Like really anywhere.,0.3612,positive,0.556,0.444,0.0
PYIPEW,Music Sharing,7,I think it's such a great conversation starter.,0.6249,positive,0.451,0.549,0.0
PYIPEW,Music Sharing,8,"Like I'll be at work and I'm like talking to everyone about like, I also, I go to a lot of concerts and stuff like that.",0.8402,positive,0.345,0.655,0.0
PYIPEW,Music Sharing,9,"And like I am a music major, so music is a big part of my life.",0.3612,positive,0.172,0.828,0.0
PYIPEW,Music Sharing,10,So it tends to be shared pretty much in every context.,0.6808,positive,0.384,0.616,0.0
PYIPEW,Music Sharing,11,"But I think I've made like a lot of my closest friends through our shared music taste and then like, yeah.",0.9481,positive,0.542,0.458,0.0
PYIPEW,Music Sharing,12,"I think it's sort of how I get to know people a lot of times, personally at least.",0.0,neutral,0.0,1.0,0.0
PYIPEW,Music Sharing,14,That'll be like one of the early on questions.,0.3612,positive,0.238,0.762,0.0
PYIPEW,Music Sharing,15,"It's like, you know, you can ask like, what books do you like?",0.7579,positive,0.429,0.571,0.0
PYIPEW,Music Sharing,16,What music do you like?,0.3612,positive,0.385,0.615,0.0
PYIPEW,Music Sharing,17,Like those are pretty like telling of who a person or not.,0.802,positive,0.506,0.494,0.0
PYIPEW,Music Sharing,18,"not telling, but I feel like they're very informative for sure.",0.7647,positive,0.452,0.548,0.0
PYIPEW,Music Sharing,20,A lot of times it's recommendations from like my friends or the people that I'm talking to about it.,0.6808,positive,0.259,0.741,0.0
Q71QCH,Music Sharing,0,"my friends and family do have like this schema in their head of what type of music I like, which I do kind of encourage because it's better that they have like a reductive kind of view of what music I like than that they think that I like a new type of music that I don't like.",0.9683,positive,0.364,0.636,0.0
Q71QCH,Music Sharing,1,"I think with my family, they mostly have an acceptable view of the type of music I listen to.",0.3182,positive,0.126,0.874,0.0
Q71QCH,Music Sharing,2,"I mean, even my brother, I think, understands why I listen to the music I do.",0.0,neutral,0.0,1.0,0.0
Q71QCH,Music Sharing,3,"I do think that like other people, like friends, don't really get it because I've, I've like failed, I've not met a single person who can stand countryThat's nice because I don't like it when people have an idea of me that doesn't fit my idea of me.",0.8587,positive,0.273,0.635,0.093
Q71QCH,Music Sharing,4,It's something I'm pretty conscious about.,0.4939,positive,0.39,0.61,0.0
Q71QCH,Music Sharing,5,"I'm kind of weird about it too, but like outside of music even, I don't like it when somebody assumes that I think something or that I have, I have one position, so I must have another one.",0.7187,positive,0.171,0.79,0.039
Q71QCH,Music Sharing,6,"Unless it's my, unless they're right.",0.0,neutral,0.0,1.0,0.0
Q71QCH,Music Sharing,7,"Like, if they're right, I don't mind if they make an inference on it.",0.3612,positive,0.172,0.828,0.0
Q71QCH,Music Sharing,8,"But like, if they're not right about it, then it's like, well, that's unfair of you.",0.6124,positive,0.362,0.474,0.164
Q71QCH,Music Sharing,9,And so that extends into music.,0.197,positive,0.262,0.738,0.0
Q71QCH,Music Sharing,10,"I want people to have at least a close enough idea as to why I like the music I do, I think.",0.4215,positive,0.202,0.798,0.0
QNJQ2F,Music Sharing,0,"Well, I felt quite anonymous, so I didn't really feel like I was sharing it with people.",0.3786,positive,0.269,0.604,0.127
QNJQ2F,Music Sharing,1,"Yeah, I mean, I kind of, without like seeing people, I feel like it's hard to connect with that.",-0.3442,negative,0.111,0.605,0.284
QNJQ2F,Music Sharing,2,So they kind of feel like anonymous.,0.3612,positive,0.294,0.706,0.0
QNJQ2F,Music Sharing,3,"No, I keep it to myself usually.",-0.296,negative,0.0,0.694,0.306
QNJQ2F,Music Sharing,4,"Like it's very, very personal, I think.",0.3612,positive,0.333,0.667,0.0
QNJQ2F,Music Sharing,5,"Yeah, I don't usually share my music tastes with anybody.",0.0803,positive,0.198,0.631,0.17
QNJQ2F,Music Sharing,6,"Unless they happen to, like, it's always brought to me, like, unless somebody knows, like, plays a song that I happen to know, I will never like go out of my way to share my taste with them, I think.",0.9042,positive,0.321,0.679,0.0
QNJQ2F,Music Sharing,7,I think it's just like a very personal thing to me.,0.3612,positive,0.238,0.762,0.0
QNJQ2F,Music Sharing,8,Not for any reason in particular.,0.0,neutral,0.0,1.0,0.0
QNJQ2F,Music Sharing,9,"I just find it hard to share music, especially with other people, I think.",0.2023,positive,0.162,0.735,0.103
QNJQ2F,Music Sharing,10,"Yeah, I don't think of anything else that I'm more like, as guarded with, I think.",0.6115,positive,0.294,0.706,0.0
QNJQ2F,Music Sharing,11,Music is definitely the thing I keep most of myself.,0.4019,positive,0.252,0.748,0.0
QNJQ2F,Music Sharing,12,"Yeah, I'm more like, yeah, I think I'm definitely more exposed to other people's music tastes than I expose to them.",0.7893,positive,0.386,0.493,0.121
QNJQ2F,Music Sharing,13,"Yeah, I don't really think anything of it, but I definitely do like to keep in mind to myself, I think.",0.8126,positive,0.359,0.641,0.0
QNJQ2F,Music Sharing,14,"Yeah, I mean, I don't mind.",0.296,positive,0.423,0.577,0.0
QNJQ2F,Music Sharing,15,I'm like a different to it unless I like the music.,0.6124,positive,0.417,0.583,0.0
QNJQ2F,Music Sharing,16,"But I won't like, dislike if somebody puts their music on.",0.0286,neutral,0.207,0.595,0.198
QNJQ2F,Music Sharing,17,Like I usually don't really care that much when it comes up to people's music.,-0.0887,negative,0.144,0.692,0.164
R5EXRJ,Music Sharing,0,I really liked them and I didn't really expect to like them because I'm just super picky.,0.8676,positive,0.448,0.552,0.0
R5EXRJ,Music Sharing,2,"So I was kind of expecting to not really like it, but I really liked them and I really liked the personal ones of other people.",0.8232,positive,0.276,0.668,0.056
R5EXRJ,Music Sharing,3,"Like it was very touching and I think it brought like, I don't know, like a sense of humanity, if that makes sense.",0.7579,positive,0.306,0.694,0.0
R5EXRJ,Music Sharing,4,I love the little quietness in the beginning of the song.,0.6369,positive,0.318,0.682,0.0
R5EXRJ,Music Sharing,5,"So when that played for like the personal part for like two of the other people's songs, it like immediately got to me.",0.8467,positive,0.349,0.651,0.0
R5EXRJ,Music Sharing,6,"Yeah, I listen to my boyfriend.",0.296,positive,0.355,0.645,0.0
R5EXRJ,Music Sharing,7,"Like, he drives all the time because he hates her driving.",-0.1027,negative,0.174,0.625,0.201
R5EXRJ,Music Sharing,8,So I listen to his songs all the time.,0.0,neutral,0.0,1.0,0.0
R5EXRJ,Music Sharing,9,"It's like, it varies, I guess.",0.3612,positive,0.385,0.615,0.0
R5EXRJ,Music Sharing,11,"I mean, I'm definitely in a spot even when you go to the grocery store or the mall, there's like overhead songs.",0.6369,positive,0.224,0.776,0.0
R5EXRJ,Music Sharing,12,So I'm definitely in areas where I listen to different music all the time.,0.4549,positive,0.199,0.801,0.0
R5EXRJ,Music Sharing,14,I'm just still really picky.,0.0,neutral,0.0,1.0,0.0
R5EXRJ,Music Sharing,17,"I try to, but like a lot of people don't like my music.",0.7579,positive,0.419,0.581,0.0
R5EXRJ,Music Sharing,18,But I definitely try to.,0.5499,positive,0.542,0.458,0.0
R5EXRJ,Music Sharing,19,Like I really like to get into a space where like we can all listen to it collaboratively together.,0.7956,positive,0.366,0.634,0.0
R5EXRJ,Music Sharing,22,"I was like a little nervous because I was like, what if they actually hate it on the other side of the screen?",-0.1298,negative,0.189,0.604,0.208
R5EXRJ,Music Sharing,23,And it was really interesting to see like where everybody else was from because I don't know.,0.6697,positive,0.282,0.718,0.0
R5EXRJ,Music Sharing,24,It's just weird to think about like somebody in Texas is listening to my favorite song right now.,0.5859,positive,0.248,0.676,0.077
R5EXRJ,Music Sharing,25,It's a cool like interconnectedness feeling.,0.6486,positive,0.759,0.241,0.0
R5EXRJ,Music Sharing,27,"Well, like I said earlier, the first thing I listen to is like the rhythm.",0.7269,positive,0.415,0.585,0.0
R5EXRJ,Music Sharing,28,"If it has like a very soft and slow rhythm, then it's going to catch my attention and like pull me in.",0.6124,positive,0.208,0.792,0.0
R5EXRJ,Music Sharing,29,"Then if the lyrics are more like personable, I guess, like how they specifically mean to me, like the situation of the artist and how it reflects to me is super important for me too.",0.9198,positive,0.327,0.673,0.0
R5EXRJ,Music Sharing,30,"Like those are the songs more like when I can like lay down on my bed and close my eyes and just listen and Or like when I'm in the car with my boyfriend and I have a bad day, like I need those songs to just kind of like put me in the right mind space after.",0.8993,positive,0.246,0.702,0.052
R5EXRJ,Music Sharing,31,"And that really, like the... lyrics really specifically help with that portion of it.",0.6976,positive,0.325,0.675,0.0
R5EXRJ,Music Sharing,32,I definitely share my tastes in like what I watch and what I readl more.,0.7506,positive,0.451,0.549,0.0
R5EXRJ,Music Sharing,33,Like I love giving out book recommendations.,0.8442,positive,0.752,0.248,0.0
R5EXRJ,Music Sharing,34,"And in my collective friend group, we usually have like the same tastes.",0.6908,positive,0.341,0.659,0.0
R5EXRJ,Music Sharing,35,"Like we actually formed a book club because we just happened to be like, oh, I like this book.",0.7579,positive,0.349,0.651,0.0
R5EXRJ,Music Sharing,37,So we actually just happened to do it.,0.0,neutral,0.0,1.0,0.0
R5EXRJ,Music Sharing,39,I kind of wish that I could share my music the same way.,0.5994,positive,0.353,0.647,0.0
R5EXRJ,Music Sharing,40,"Because I don't know, I just hate that not a lot of people like my type of music because then you do miss out on that emotional connectedness and shared experience of that.",0.7844,positive,0.263,0.693,0.044
R5EXRJ,Music Sharing,41,If that makes sense.,0.0,neutral,0.0,1.0,0.0
R5EXRJ,Music Sharing,43,"When I was like in elementary school, my mom always controlled the radio.",0.3612,positive,0.185,0.815,0.0
R5EXRJ,Music Sharing,44,"And I liked some songs, but I also had a really inconsistent childhood in terms of who I lived with.",0.2263,positive,0.112,0.888,0.0
R5EXRJ,Music Sharing,45,And so I was around a lot of different types of music.,0.0,neutral,0.0,1.0,0.0
R5EXRJ,Music Sharing,46,"from 3 to 12, I would be around like Radio Disney.",0.3612,positive,0.238,0.762,0.0
R5EXRJ,Music Sharing,47,"So like the Kidz Bop stuff, which I hated even as a kid.",-0.3415,negative,0.175,0.563,0.263
R5EXRJ,Music Sharing,48,"to like my dad and my uncle listen to straight rap, like Tupac and Biggie.",0.7096,positive,0.365,0.635,0.0
R5EXRJ,Music Sharing,49,And then I would go with my grandparents and they're from Mexico.,0.0,neutral,0.0,1.0,0.0
R5EXRJ,Music Sharing,50,"So they listen to like a lot of like the traditional Mexican music, which is a lot of like trumpet and like Mariachi stuff.",0.8402,positive,0.357,0.643,0.0
R5EXRJ,Music Sharing,51,So I was around like a lot of different things.,0.4144,positive,0.283,0.717,0.0
R5EXRJ,Music Sharing,52,"And I guess when I, would say high school is where I really started to develop my own taste of music.",0.0,neutral,0.0,1.0,0.0
R5EXRJ,Music Sharing,53,I was really into musical theater in high school.,0.0,neutral,0.0,1.0,0.0
R5EXRJ,Music Sharing,54,"And then as I got older, it became much more about like a rock element.",0.4173,positive,0.188,0.812,0.0
R5EXRJ,Music Sharing,55,I guess I just had like a lot of anger from my childhood and not that rock is very angry.,-0.6997,negative,0.105,0.588,0.307
R5EXRJ,Music Sharing,56,I think it's actually the opposite.,0.0,neutral,0.0,1.0,0.0
R5EXRJ,Music Sharing,57,I think that people misconstrue it as something that's meant to be angry.,-0.5106,negative,0.0,0.769,0.231
R5EXRJ,Music Sharing,58,I think it's meant to be something that like they take anger and make it peaceful.,0.25,positive,0.266,0.561,0.173
R5EXRJ,Music Sharing,59,Like that's the whole purpose of it.,0.3612,positive,0.294,0.706,0.0
R5EXRJ,Music Sharing,60,"I mean, when you think about like this element, like everybody's like rock'n'roll, but it means like peace and love and sign language.",0.9587,positive,0.544,0.456,0.0
R5EXRJ,Music Sharing,62,"Like, and people don't understand that.",0.3612,positive,0.333,0.667,0.0
R5EXRJ,Music Sharing,63,"Sorry, that was a tangent about like unrelated things.",0.296,positive,0.255,0.612,0.133
R5EXRJ,Music Sharing,64,"But like, obviously it's hard to dance to like rock music, but it's for me, it was what I was going through at the time that formed my connection and being so inconsistent in childhood with everything that was going on, like music included, I just felt like I never got to form my own taste.",0.9081,positive,0.208,0.767,0.026
R5EXRJ,Music Sharing,65,"So it's like once I did, I really branched out, which is also why I have such a wide range is because like from what I grew up listening to, definitely what I'm more into now.",0.8051,positive,0.228,0.772,0.0
R5EXRJ,Music Sharing,66,"And sometimes like you need the nostalgia of your old music to help you get through whatever you're going through, if that makes sense.",0.6369,positive,0.191,0.809,0.0
R5EXRJ,Music Sharing,67,"Yeah, that's definitely why it's so broad and listening to like classical because I did ballet.",0.7506,positive,0.381,0.619,0.0
R5EXRJ,Music Sharing,68,"So, you know, then you have like the classical case and it's a whole thing.",0.3612,positive,0.161,0.839,0.0
TU93WC,Music Sharing,0,"think like, especially if it's a song that's meaningful to you, it's like you have that personal meaning attached.",0.743,positive,0.327,0.673,0.0
TU93WC,Music Sharing,1,"So when you share it with other people, you're kind of extending that to them.",0.3535,positive,0.15,0.85,0.0
TU93WC,Music Sharing,2,"I know if I share songs I like with my family or friends or whatever, and I know it's because it means a lot to me.",0.7783,positive,0.302,0.698,0.0
TU93WC,Music Sharing,3,"Like my dad, for example, I showed my favorite movie and he fell asleep during it and he was like, it was the worst thing I've ever seen.",0.4404,positive,0.228,0.655,0.117
TU93WC,Music Sharing,4,"And I was like, man, that's a bummer.",-0.0258,neutral,0.275,0.44,0.286
TU93WC,Music Sharing,5,"So, it's kind of that feeling, I guess.",0.128,positive,0.2,0.8,0.0
TU93WC,Music Sharing,6,I will say that like I'm strategic with how I share music with other people.,0.5719,positive,0.299,0.701,0.0
TU93WC,Music Sharing,7,"I mean, obviously depending on whether I think they'll like it or not, or if it aligns with what they usually like.",0.6124,positive,0.217,0.783,0.0
TU93WC,Music Sharing,9,"I mean, there's a lot of different ways.",0.0,neutral,0.0,1.0,0.0
TU93WC,Music Sharing,10,"Whenever I'm in the car with my friends, like they'll play stuff or they'll start like a little jam thing on Spotify.",0.8591,positive,0.382,0.618,0.0
TU93WC,Music Sharing,11,We can listen and like put stuff on the queue or whatever.,0.3612,positive,0.185,0.815,0.0
TU93WC,Music Sharing,13,So I'll play like that on the record players and my friend collects CDs.,0.8244,positive,0.44,0.56,0.0
TU93WC,Music Sharing,14,So it's kind of the opposite for him.,0.0,neutral,0.0,1.0,0.0
TU93WC,Music Sharing,15,"I guess they're not opposites, but know what I mean.",0.0,neutral,0.0,1.0,0.0
TU93WC,Music Sharing,16,"Like, so he'll just put something on and we'll listen to it, whatever.",0.3612,positive,0.172,0.828,0.0
TU93WC,Music Sharing,18,And I'll go to concerts with my friends and stuff.,0.4767,positive,0.256,0.744,0.0
TU93WC,Music Sharing,19,And sometimes I don't always know who the artist is.,0.0,neutral,0.0,1.0,0.0
TU93WC,Music Sharing,20,"And it's just kind of like, we get to go and enjoy it.",0.6605,positive,0.33,0.67,0.0
TU93WC,Music Sharing,22,I think the lyrics is probably the biggest thing.,0.0,neutral,0.0,1.0,0.0
TU93WC,Music Sharing,23,"Like if somebody, I was listening to a song that they liked, I was thinking about the lyrics like, oh, what about this might have resonated with them.",0.7783,positive,0.262,0.738,0.0
TU93WC,Music Sharing,24,"Yes, I mean, I definitely connect more with music where like there's kind of a shared experience with the artist in some way.",0.8405,positive,0.385,0.615,0.0
TU93WC,Music Sharing,25,"If there's like a sense of relatability, I appreciate that.",0.6369,positive,0.464,0.536,0.0
TU93WC,Music Sharing,26,"And it's like, I mean, I guess just as an example, like 21 Pilots is a band that I really like.",0.7579,positive,0.349,0.651,0.0
TU93WC,Music Sharing,27,And I'll watch a lot of interviews like with them as well.,0.5574,positive,0.338,0.662,0.0
TU93WC,Music Sharing,28,"And specifically, there's like the mental health aspect to their music or whatever that I find relatable.",0.3612,positive,0.143,0.857,0.0
TU93WC,Music Sharing,29,"And so when I listen to it, I'm like, okay, that's other people have experienced this negative experience that I have.",-0.2441,negative,0.178,0.646,0.177
TU93WC,Music Sharing,30,"And then it kind of, I don't know, it adds that layer of resonance to the music for me when I'm like, there's a shared experience there.",0.5994,positive,0.176,0.824,0.0
V1B21E,Music Sharing,0,"But I did like the songs from the other participants, like the very varying genres.",0.7579,positive,0.351,0.649,0.0
V1B21E,Music Sharing,1,"The first one I heard was exactly the genres that I listened to, but the last one I heard was very much not.",0.0,neutral,0.0,1.0,0.0
V1B21E,Music Sharing,2,"It was more like Wrap in production and whatnot, but it had a bunch of orchestral elements in it, which was really cool.",0.647,positive,0.209,0.791,0.0
V1B21E,Music Sharing,4,Describe almost all my interactions as passive with exception to I was just hanging out with this one guy last week and we were meeting up like kind of to share interest in music and stuff.,0.8176,positive,0.235,0.765,0.0
V1B21E,Music Sharing,5,Like we were exchanging movies and then sharing music.,0.6486,positive,0.431,0.569,0.0
V1B21E,Music Sharing,6,So that was like the activity.,0.4144,positive,0.356,0.644,0.0
V1B21E,Music Sharing,7,"I don't really like it as much as passive sharing because passive feels a lot more like discovery and then you don't have anything on the line where it's like if you're sharing something with somebody specifically or they're sharing something with you specifically, you either have to like deal with the social consequences of like, do I make myself appear like I'm actually enjoying it?",0.3483,positive,0.192,0.635,0.174
V1B21E,Music Sharing,8,"Because like a lot of the times when I'm listening to music, I kind of just like and nothing else.",0.6124,positive,0.238,0.762,0.0
V1B21E,Music Sharing,9,And that's not enough for some people.,0.0,neutral,0.0,1.0,0.0
V1B21E,Music Sharing,10,They think I don't enjoy it.,-0.3875,negative,0.0,0.604,0.396
V1B21E,Music Sharing,11,"So if it's like that, I just prefer to passively update it.",0.2648,positive,0.205,0.668,0.126
V1B21E,Music Sharing,12,"For that one, yeah, definitely the lyrics.",0.5994,positive,0.495,0.505,0.0
V1B21E,Music Sharing,13,But it's interesting because at last it's not the lyrics at all.,0.5499,positive,0.244,0.756,0.0
V1B21E,Music Sharing,14,"Like, I don't, they don't resonate with me whatsoever because it's about love and I'm like Aries, so I don't really, don't really vibe with that much.",0.8481,positive,0.295,0.705,0.0
V1B21E,Music Sharing,15,"But yeah, for that one, it's definitely, the lyrics because the music itself is actually... not very involved.",0.7469,positive,0.284,0.716,0.0
V1B21E,Music Sharing,16,And that's what I usually look for is a lot of like background melody lines happening.,0.3612,positive,0.161,0.839,0.0
V1B21E,Music Sharing,17,And it's actually kind of overwhelming sometimes because there's a harmonica part that's just like slightly too loud in my opinion.,0.4767,positive,0.186,0.814,0.0
V1B21E,Music Sharing,18,So it's not like what I listen to and repeat a lot.,-0.3343,negative,0.0,0.791,0.209
V1B21E,Music Sharing,19,"Probably, I don't talk about lyrics too much with people because it takes me a long time to learn lyrics because I don't really like looking at the lyrics to learn them.",-0.3241,negative,0.0,0.923,0.077
V1B21E,Music Sharing,20,"So like, It'll take me like 100 times sometimes just to learn all of them.",0.6794,positive,0.301,0.699,0.0
V1B21E,Music Sharing,21,"But musicality, definitely.",0.5499,positive,0.64,0.36,0.0
V1B21E,Music Sharing,22,"My, so I have a twin brother and we listen to like the same music, same interest and everything.",0.6705,positive,0.268,0.732,0.0
V1B21E,Music Sharing,23,"So whenever we find a song that's just like the brain itch type thing, like we will just always kind of send it to each other or I'll just play it passively for him so like he can pick it up if he wants it.",0.802,positive,0.196,0.771,0.034
V1B21E,Music Sharing,24,"So yeah, we always like point out cool parts in songs.",0.7425,positive,0.477,0.523,0.0
V1B21E,Music Sharing,25,are just really nice.,0.4754,positive,0.508,0.492,0.0
V1B21E,Music Sharing,26,"There's one that I want to share with him that I vaguely have, but I want to like point out the guitar part to him more because I'm trying to transcribe it and there's a bunch of hammer-ons on it.",0.6652,positive,0.189,0.811,0.0
V1B21E,Music Sharing,28,"But then like if I point it out to him, I'll listen to them more and then we can transcribe it together.",0.5023,positive,0.14,0.86,0.0
V47GRV,Music Sharing,1,"I mean, obviously less engaging because I don't know them, but I mean, they weren't bad.",0.6518,positive,0.326,0.674,0.0
V47GRV,Music Sharing,2,It's kind of cool because in a way you kind of feel like you're sharing.,0.7436,positive,0.399,0.601,0.0
V47GRV,Music Sharing,3,"Like when it's my song and it's other people, you kind of feel like you're sharing it and you're kind of glad that the other people get to hear it.",0.8593,positive,0.288,0.712,0.0
V47GRV,Music Sharing,5,"Not really, because I don't listen to a ton of music in the 1st place.",0.0,neutral,0.0,1.0,0.0
V47GRV,Music Sharing,6,"And then most of my friends don't enjoy the type of music that I listen to, or I like have a very different style of music that they enjoy.",0.155,positive,0.177,0.664,0.159
V47GRV,Music Sharing,7,So typically I don't know.,0.0,neutral,0.0,1.0,0.0
V47GRV,Music Sharing,8,So that has helped make a lot of choices.,0.0,neutral,0.0,1.0,0.0
V47GRV,Music Sharing,9,"And because of that, it also has steered my friend group towards band kids and stuff like that.",0.6908,positive,0.263,0.737,0.0
V47GRV,Music Sharing,10,So music is definitely an important part of who I am because of who I hang out with and what I spend most of my time doing.,0.5809,positive,0.178,0.822,0.0
V47GRV,Music Sharing,11,But that's more on the creating side.,0.4932,positive,0.348,0.652,0.0
V47GRV,Music Sharing,12,"Listening to music I don't do so much, so.",0.0,neutral,0.0,1.0,0.0
V47GRV,Music Sharing,13,Optimism is generally important.,0.6486,positive,0.726,0.274,0.0
V47GRV,Music Sharing,14,I don't like songs that are sad and would make me more sad if I was sad generally.,-0.8862,negative,0.0,0.513,0.487
V47GRV,Music Sharing,15,"So optimism, more upbeat type things are typically what I enjoy with lyrics.",0.7902,positive,0.412,0.588,0.0
V4HSKU,Music Sharing,0,I don't really care about what other people are thinking about during in that room just because it's my favorite and I enjoy it.,0.5196,positive,0.221,0.677,0.101
V4HSKU,Music Sharing,1,"And then along with the other people, or I guess I'll just stick with that for now, but with the other people in the room with their favorite song, I feel like I was more prone to like wanting to enjoy it for their purposes because it's someone else's favorite song in the room.",0.9628,positive,0.29,0.71,0.0
V4HSKU,Music Sharing,2,"Yeah, I feel like if I was by myself but it was my own song, I was just kind of vibing out by myself.",0.3291,positive,0.15,0.85,0.0
V4HSKU,Music Sharing,3,Not much thought into it.,0.0,neutral,0.0,1.0,0.0
V4HSKU,Music Sharing,4,Like I didn't really think anything of it.,0.3612,positive,0.294,0.706,0.0
V4HSKU,Music Sharing,5,And then there's other people in the room.,0.0,neutral,0.0,1.0,0.0
V4HSKU,Music Sharing,6,I would say I was kind of doing the same thing.,0.0,neutral,0.0,1.0,0.0
V4HSKU,Music Sharing,7,"Like I wanted other people to enjoy it, but also like it's my favorite song.",0.8779,positive,0.526,0.474,0.0
V4HSKU,Music Sharing,8,"So I'm just listening to it for my own good, I guess.",0.4404,positive,0.225,0.775,0.0
V4HSKU,Music Sharing,10,"There's a couple people, like my close friends and roommates, and I enjoy doing it too.",0.8316,positive,0.444,0.556,0.0
V4HSKU,Music Sharing,11,But it's also just like I just love my music and listening to it myself.,0.8765,positive,0.43,0.57,0.0
V4HSKU,Music Sharing,12,"So I feel like I do enjoy sharing music and listening to it with other people, but I also just love music on my own.",0.8931,positive,0.394,0.606,0.0
V4HSKU,Music Sharing,13,"And it's like, I also kind of find it to be like a passive, like personal activity for myself to listen to my own music.",0.8074,positive,0.329,0.671,0.0
V4HSKU,Music Sharing,14,"I think especially with my dad, he's a big music guy.",0.0,neutral,0.0,1.0,0.0
V4HSKU,Music Sharing,15,"I think his nickname, we call him like the Human Shajam.",0.3612,positive,0.217,0.783,0.0
V4HSKU,Music Sharing,16,"Or do you remember that app where you can like use the little plus, now you can just use like Siri or whatever.",0.6124,positive,0.192,0.808,0.0
V4HSKU,Music Sharing,17,"But he like actually knows every single song, every single year, every single artist, like when the song has come out.",0.7579,positive,0.255,0.745,0.0
V4HSKU,Music Sharing,18,He's just very well versed in that.,0.3384,positive,0.285,0.715,0.0
V4HSKU,Music Sharing,19,So I feel like I get a lot of like my music appreciation from him.,0.8341,positive,0.496,0.504,0.0
V4HSKU,Music Sharing,20,"And that is something that we talk about a lot whenever we're together, just like finding out new music or talking about the news with artists and what they're doing and new music they're putting out.",0.3612,positive,0.068,0.932,0.0
V4HSKU,Music Sharing,21,So I feel like that definitely.,0.6682,positive,0.646,0.354,0.0
V4HSKU,Music Sharing,22,plays a big role in our relationship.,0.25,positive,0.286,0.714,0.0
V4HSKU,Music Sharing,23,"And then I feel like with friends, it just kind of unites us and we have a fun time together and music is playing and that's just a good time we have when we do that.",0.9118,positive,0.327,0.673,0.0
V6UZPS,Music Sharing,0,"I like that it felt really real, because I also had a song that basically gave the same kind of vibes and was saying the same thing as their song.",0.3612,positive,0.088,0.912,0.0
V6UZPS,Music Sharing,1,"So I was wondering if they heard my song, and if they resonated with that one as well.",0.2732,positive,0.116,0.884,0.0
V6UZPS,Music Sharing,3,"If they chose it because they liked the tune, then I can't really resonate, but if they actually listened to the lyrics and felt emotion when listening to that song, like I've been through similar situations and I totally know how it feels.",0.631,positive,0.117,0.883,0.0
V6UZPS,Music Sharing,4,And I think if we were classmates or something we’d probably bond over that.,0.0,neutral,0.0,1.0,0.0
V6UZPS,Music Sharing,5,I just play my “liked” playlist in the car.,0.34,positive,0.255,0.745,0.0
V6UZPS,Music Sharing,6,Once I created a Spotify group playlist and I added it to my Snapchat story and I told everyone to add their favorite songs so I could listen to them.,0.6124,positive,0.179,0.821,0.0
V6UZPS,Music Sharing,7,I like doing a lot of group playlists on Spotify.,0.3612,positive,0.263,0.737,0.0
V6UZPS,Music Sharing,8,I've also connected a lot with other people that listen to the same type of music I do.,0.0,neutral,0.0,1.0,0.0
V6UZPS,Music Sharing,9,"I was a huge fan of One Direction, as I mentioned before.",0.5574,positive,0.397,0.603,0.0
V6UZPS,Music Sharing,11,"Like when Liam died, I went to a memorial in Denver and I met a lot of new people, and now one of the girls that I met, we’re going to Colorado Springs this weekend to go to like two “One Direction nights,” where they’re just going to play One Direction nonstop.",0.4215,positive,0.137,0.796,0.067
V6UZPS,Music Sharing,12,And we really bonded over that.,0.0,neutral,0.0,1.0,0.0
V6UZPS,Music Sharing,13,I'm in like five different group chants and we're all just sharing music and laughs.,0.8176,positive,0.415,0.585,0.0
VD1PLG,Music Sharing,0,I think it's because I started with my songs.,0.0,neutral,0.0,1.0,0.0
VD1PLG,Music Sharing,1,I was a little like worried.,0.0735,positive,0.36,0.326,0.314
VD1PLG,Music Sharing,2,I was like maybe I went too crazy with like the party like fun songs.,0.8779,positive,0.59,0.306,0.105
VD1PLG,Music Sharing,3,I feel like a little pushing it.,0.3612,positive,0.385,0.615,0.0
VD1PLG,Music Sharing,4,"But then I felt better towards the end because some people had rap and there was a song about baby mamas and I was like, everyone's being real.",0.7964,positive,0.236,0.764,0.0
VD1PLG,Music Sharing,5,So that's really all I thought I had.,0.0,neutral,0.0,1.0,0.0
VD1PLG,Music Sharing,6,"Some, like I think like a lot of like the personal songs, like not the like fun ones, are just different.",0.8315,positive,0.443,0.461,0.096
VD1PLG,Music Sharing,7,Like they're not for me.,0.3612,positive,0.385,0.615,0.0
VD1PLG,Music Sharing,8,I just don't think like I relate to it.,-0.2755,negative,0.0,0.74,0.26
VD1PLG,Music Sharing,9,"One of the songs, I only see like, remember when it was like moonlight themed?",0.6124,positive,0.294,0.706,0.0
VD1PLG,Music Sharing,10,It was like by a guy.,0.3612,positive,0.385,0.615,0.0
VD1PLG,Music Sharing,11,I think it's a bit of both.,0.0,neutral,0.0,1.0,0.0
VD1PLG,Music Sharing,12,I think genre is a big one for me.,0.0,neutral,0.0,1.0,0.0
VD1PLG,Music Sharing,13,"Like, I don't really know what kind of genre that music is, but I just know I don't like that type of music.",-0.2299,negative,0.078,0.803,0.119
VD1PLG,Music Sharing,14,"I usually like kind of lean towards like R&B or like a bit more, maybe rap sometimes.",0.7579,positive,0.385,0.615,0.0
VD1PLG,Music Sharing,15,"So there was like one song someone else was like, the song was like a rap song.",0.8069,positive,0.389,0.611,0.0
VD1PLG,Music Sharing,16,That one was like pretty cool.,0.7906,positive,0.727,0.273,0.0
VD1PLG,Music Sharing,18,But I don't think I count like songs like that as my favorite because I don't emotionally relate to them.,-0.0849,negative,0.171,0.6,0.228
VD1PLG,Music Sharing,19,"I'm like, I feel like a lot of them are like from the perspective of a man to begin with.",0.7579,positive,0.349,0.651,0.0
VD1PLG,Music Sharing,20,And it's like a lot about like making relationships to women and like having baby moms.,0.7579,positive,0.385,0.615,0.0
VD1PLG,Music Sharing,21,"I'm like, I can't really relate to it, but the lyrics are pretty like smart and witty.",0.9161,positive,0.517,0.483,0.0
VD1PLG,Music Sharing,22,So that's like why I like them.,0.6764,positive,0.581,0.419,0.0
VD1PLG,Music Sharing,23,"But I think a lot of the more, I don't think it's country.",0.0,neutral,0.0,1.0,0.0
VD1PLG,Music Sharing,24,I think it's like pop or something.,0.3612,positive,0.333,0.667,0.0
VD1PLG,Music Sharing,25,"I don't know what it is, the genre, but I just don't think it's just not for me.",0.0,neutral,0.0,1.0,0.0
VD1PLG,Music Sharing,26,And also the lyrics.,0.0,neutral,0.0,1.0,0.0
VD1PLG,Music Sharing,27,"I was like, it was just like, I don't know.",0.6124,positive,0.455,0.545,0.0
VD1PLG,Music Sharing,28,"I just, I didn't feel it.",0.0,neutral,0.0,1.0,0.0
VD1PLG,Music Sharing,29,"Sometimes I feel like I kind of, I have two extremes.",0.3612,positive,0.263,0.737,0.0
VD1PLG,Music Sharing,30,"Like sometimes I really, really care about the lyrics.",0.7408,positive,0.511,0.489,0.0
VD1PLG,Music Sharing,31,"I like to relate to them, like to feel them.",0.6124,positive,0.417,0.583,0.0
VD1PLG,Music Sharing,32,"But I think with my more R&B and fun music, I like when it's funny, like it's like, I will listen to a lot of songs like sometimes like Drake, like he'll have a line about just something like so bizarre and ridiculous.",0.9745,positive,0.476,0.409,0.116
VD1PLG,Music Sharing,33,"But it's like, how did you come up with that?",0.5023,positive,0.265,0.735,0.0
VD1PLG,Music Sharing,36,I do share music frequently.,0.296,positive,0.423,0.577,0.0
VD1PLG,Music Sharing,37,"I do like to, I'm a bit obnoxious about it where it's like, I will play a song and be like, did you guys hear that line?",0.7096,positive,0.32,0.583,0.097
VD1PLG,Music Sharing,39,"Like pause, no, you guys need to listen.",0.0772,positive,0.234,0.561,0.206
VD1PLG,Music Sharing,40,Because I think I spend a lot of time just trying to understand like what he referenced like in the song.,0.6124,positive,0.238,0.762,0.0
VD1PLG,Music Sharing,41,"So if it's like celebrity beef or something, I'll do my research or ask or figure it out.",0.4144,positive,0.14,0.86,0.0
VD1PLG,Music Sharing,42,So then I feel so excited to inform the people around me.,0.4795,positive,0.238,0.762,0.0
VD1PLG,Music Sharing,43,"And if it's like a silly dancing song, like something, I will just share it with my like one of my best friends.",0.9442,positive,0.564,0.436,0.0
VD1PLG,Music Sharing,44,So because we have like a similar taste.,0.3612,positive,0.294,0.706,0.0
VD1PLG,Music Sharing,45,And if I think it's like a more like laid back song I always share with my cousin.,0.7351,positive,0.375,0.625,0.0
VD1PLG,Music Sharing,46,"Like, she's overseas, so it's like, I'll just send her the line I think is cool.",0.7635,positive,0.387,0.613,0.0
VD1PLG,Music Sharing,47,And she'll send one back.,0.0,neutral,0.0,1.0,0.0
VD1PLG,Music Sharing,49,I do definitely share music A lot.,0.5994,positive,0.62,0.38,0.0
VD1PLG,Music Sharing,50,"Honestly, it depends.",0.4588,positive,0.6,0.4,0.0
VD1PLG,Music Sharing,51,It's been some hits and misses.,-0.2263,negative,0.0,0.725,0.275
VD1PLG,Music Sharing,52,I think I'm trying to do better with like understanding people's like background.,0.7845,positive,0.467,0.533,0.0
VD1PLG,Music Sharing,53,"Like I played, I did that with a couple of my friends, but they're a little more into like pop.",0.7765,positive,0.422,0.578,0.0
VD1PLG,Music Sharing,54,"So like when I played the rap thing, it was, it was a miss, definitely.",0.762,positive,0.435,0.48,0.085
VD1PLG,Music Sharing,55,"But I was like, they were trying to be nice about it, but I could sense it was like not for them.",0.8807,positive,0.375,0.625,0.0
VD1PLG,Music Sharing,56,"it was like, I felt like a woman hater.",0.296,positive,0.424,0.339,0.237
VD1PLG,Music Sharing,57,"I just thought it was funny, but I was like, I said, it's so crazy he said that, but I was like, guys, I swear, like, it's just a song.",0.7372,positive,0.333,0.512,0.156
VD1PLG,Music Sharing,60,"But so I'm like, no, you're like, I guess, like, audience.",0.8319,positive,0.545,0.297,0.158
VD1PLG,Music Sharing,61,I'm trying to do better with that.,0.4404,positive,0.326,0.674,0.0
VD1PLG,Music Sharing,62,But I'm a bit shameless.,-0.4767,negative,0.0,0.492,0.508
VD1PLG,Music Sharing,63,"So like, if I like it, I think it's worth sharing.",0.8514,positive,0.673,0.327,0.0
VD1PLG,Music Sharing,64,I think it's a lot of times made it like more special.,0.6697,positive,0.407,0.593,0.0
VD1PLG,Music Sharing,65,"Because I feel like with a lot of my friends, we have a song, you know, and it's like, whenever, like, whenever me and a sort of friends drive, like, we have to play one of the songs because we know it line by line.",0.9485,positive,0.354,0.646,0.0
VD1PLG,Music Sharing,66,"We're just all dramatic, singing it or dancing.",0.0,neutral,0.0,1.0,0.0
VD1PLG,Music Sharing,67,So I think it's like sweet.,0.6969,positive,0.658,0.342,0.0
VD1PLG,Music Sharing,68,"I feel like most people in my life, we have a song that's like, either it's like goes to ways, either like our emotional and things are bad like song, or if it's like when we're turned, like it's like we're about to have a good day or we're trying to like do something fun.",0.9712,positive,0.416,0.536,0.048
VD1PLG,Music Sharing,69,"So it's like, we're setting the mood right.",0.4173,positive,0.284,0.716,0.0
VD1PLG,Music Sharing,70,"So I think it's, I think it definitely made my connection with people closer.",0.4019,positive,0.197,0.803,0.0
VD1PLG,Music Sharing,71,"Oddly enough, some songs are crazy, but it still works.",-0.1779,negative,0.0,0.841,0.159
VD1PLG,Music Sharing,72,So that's really it.,0.0,neutral,0.0,1.0,0.0
W5T7LB,Music Sharing,1,I thought it was fun.,0.5106,positive,0.524,0.476,0.0
W5T7LB,Music Sharing,2,"It was fun when like there was other people in the room and it said that it was someone else's favorite song and then I could kind of like I was kind of like guessing like where they were maybe, or when it was my favorite song and being like, do they think it's like me?",0.9694,positive,0.351,0.649,0.0
W5T7LB,Music Sharing,5,"Especially when it was like my own, I guess.",0.3612,positive,0.263,0.737,0.0
W5T7LB,Music Sharing,6,"I was like, if I was in the room alone listening to my, one of the songs that I put, then I was like, no one gets to hear this too, selfishly.",-0.1531,negative,0.145,0.665,0.191
W5T7LB,Music Sharing,7,"I was like, listen to my music.",0.3612,positive,0.333,0.667,0.0
W5T7LB,Music Sharing,8,"But it was definitely more enjoyable when it was like, when I could see other people were listening as well.",0.9292,positive,0.478,0.522,0.0
W5T7LB,Music Sharing,9,"We're always like sharing stuff on Spotify and, so it's pretty common for me.",0.8307,positive,0.444,0.556,0.0
W5T7LB,Music Sharing,11,"Usually like sending, like for like my like best friend and my roommate, like we'll send each other like single songs, you know, and like that's kind of just how we do it.",0.9716,positive,0.509,0.491,0.0
W5T7LB,Music Sharing,12,My boyfriend and I will like do playlists.,0.3612,positive,0.294,0.706,0.0
W5T7LB,Music Sharing,13,"all of a sudden like artists to my family and I'm like, this reminds me of like this other artist that like I remember listening to like growing up, So it kind of depends on the people, but definitely sharing with mostly everyone that I'm close to.",0.9239,positive,0.319,0.681,0.0
W5T7LB,Music Sharing,14,"And then like the other participants, a couple of them I liked, and some of them I didn't, I wouldn't like gravitate towards.",0.7783,positive,0.328,0.672,0.0
W5T7LB,Music Sharing,15,"But like I could recognize like artists in some of them, which was cool, but I didn't recognize like, I don't think any of the songs I, other than my own were ones that I like actually recognized.",0.9428,positive,0.355,0.645,0.0
W5T7LB,Music Sharing,16,"I kind of both, it depends on like how I like it.",0.6124,positive,0.385,0.615,0.0
W5T7LB,Music Sharing,17,"Like the first time I listen to it, I guess, I'll like, I'll either like immediately add it to like my like songs or I won't do that.",0.8885,positive,0.385,0.615,0.0
W5T7LB,Music Sharing,18,"And then sometimes like on the second or third listen, or like if I hear it like in the car versus like sitting at home, then sometimes that'll make me add it to my like songs.",0.8885,positive,0.294,0.706,0.0
W5T7LB,Music Sharing,19,"Whereas like I've heard it before, but I didn't add it then, And usually after like adding it to my like songs, then I'll go back and listen to it later.",0.8047,positive,0.234,0.766,0.0
W5T7LB,Music Sharing,20,"Just because that's kind of a like, when I open Spotify, sometimes I just go to my like songs and play whatever's like at the top that I've liked the most recently.",0.8915,positive,0.372,0.628,0.0
W5T7LB,Music Sharing,21,"I would say it's like, pretty similar, I kind of branched out more than what my parents would listen to, but I still go to concerts with my parents, and my parents like the music that me and my sister listen to now even, there's new artists who are coming out with albums right now, and they're coming to those concerts with us too, which is super exciting.",0.9497,positive,0.218,0.782,0.0
W5T7LB,Music Sharing,22,I think a big part of it was that I've I always had this like realization too that like my parents didn't make like me and my sister listen to like old music when we were little.,0.8885,positive,0.277,0.723,0.0
W5T7LB,Music Sharing,23,"Like I didn't like music from like the 70s and 80s, we weren't super familiar with.",-0.5948,negative,0.12,0.527,0.353
W5T7LB,Music Sharing,25,"Like they were listening to like the current artists, I guess like in the 2010s, you know.",0.7579,positive,0.366,0.634,0.0
W5T7LB,Music Sharing,26,"People who were coming out with music like in that like alternative rock, like I guess indie.",0.7579,positive,0.366,0.634,0.0
W5T7LB,Music Sharing,27,"and blues genres was like what I grew up listening to as opposed to 70s like classic rock, So I think that kind of helps it also that like we have similar music tastes and yeah.",0.8752,positive,0.293,0.707,0.0
WOGMXV,Music Sharing,0,I feel like because with the participants songs I was trying to figure out like how the song would connect to them and kind of like I guess understand it on a more personal level and a human level.,0.7579,positive,0.195,0.805,0.0
WOGMXV,Music Sharing,1,"I think it was just like, when I was by myself, it was more like, so broad, I guess, of who it could be or where they could be coming from.",0.6124,positive,0.161,0.839,0.0
WOGMXV,Music Sharing,2,"And when I was in a room with someone else and I could like visually see on the map that there were other people there and it had to be like one of their favorites, I was more interested in figuring out like whose it was, if that makes sense.",0.9061,positive,0.245,0.755,0.0
WOGMXV,Music Sharing,3,"Yeah, so my brother's actually, he's a musician and also an audio producer, so he... Oh, nice.",0.6444,positive,0.273,0.727,0.0
WOGMXV,Music Sharing,4,always is like listening to new songs and giving me new music suggestions.,0.5994,positive,0.308,0.692,0.0
WOGMXV,Music Sharing,5,We have like a shared playlist on Spotify.,0.5994,positive,0.495,0.505,0.0
WOGMXV,Music Sharing,6,"And so we always like add songs to it to be like, oh, you should go listen to this song.",0.6734,positive,0.235,0.765,0.0
WOGMXV,Music Sharing,8,"And I feel like pretty much nine times out of 10, I'm like, oh, that's such a good song.",0.8779,positive,0.461,0.539,0.0
WOGMXV,Music Sharing,9,But I feel like music is like very prominent also just in my family.,0.8717,positive,0.497,0.503,0.0
WOGMXV,Music Sharing,10,Because my mom was a musician and her mom and aunt like were singers and her dad played the accordion and everything.,0.5994,positive,0.205,0.795,0.0
WOGMXV,Music Sharing,11,"So it's a very like, we're just a very musically like based family.",0.7281,positive,0.405,0.595,0.0
WOGMXV,Music Sharing,12,"But yeah, I feel like that's like super important to me for just connecting with people and like building relationships.",0.9643,positive,0.607,0.393,0.0
WOGMXV,Music Sharing,13,"Because even with my friends, like finding songs that are like, oh, like we like getting to this song when we get ready, like for dance competitions and stuff.",0.9442,positive,0.451,0.549,0.0
WOGMXV,Music Sharing,14,"I would probably say like, it's just nice to know that someone think, so I don't know how to put this into words.",0.6486,positive,0.218,0.782,0.0
WOGMXV,Music Sharing,15,"It's like comforting to know that when someone listened to a song, they thought, oh, I think that Gianna would like this song, or I think that this person would like this song.",0.8481,positive,0.282,0.718,0.0
WOGMXV,Music Sharing,16,"So I think just like the principle of being like, oh, I found this song that I think you might like is just like something that I feel like kind of, I don't know, it just makes me feel like warm and fuzzy inside.",0.9475,positive,0.366,0.634,0.0
WOGMXV,Music Sharing,17,Like it's just a nice feeling.,0.7003,positive,0.773,0.227,0.0
WOGMXV,Music Sharing,19,"I mean, my music taste is kind of all over the place.",0.0,neutral,0.0,1.0,0.0
WOGMXV,Music Sharing,20,"So I would say for the most part, yes.",0.4549,positive,0.298,0.702,0.0
WOGMXV,Music Sharing,21,"Like my dad's super into like 80s and 90s music and I always, I love that stuff.",0.9201,positive,0.544,0.456,0.0
WOGMXV,Music Sharing,22,"But also my brother is into very like, indie, kind of like, I can't think of the word right now, but very like, groovy, like vibey music, if that makes sense.",0.9409,positive,0.362,0.638,0.0
WOGMXV,Music Sharing,23,"But he and I have very similar music tastes, but also because he's a musician, he listens to a lot of different kinds of music.",0.0,neutral,0.0,1.0,0.0
WOGMXV,Music Sharing,24,"Like he's in a bunch of different bands, so like, that are very different.",0.6948,positive,0.343,0.657,0.0
WOGMXV,Music Sharing,25,Like one's like a country rock band and then one's a Latin jazz band and so it's just kind of all over the place.,0.6124,positive,0.2,0.8,0.0
WOGMXV,Music Sharing,26,"And I think that kind of also influences what I listen to because he's always listening to and playing different kinds, like genres of music.",0.5106,positive,0.17,0.83,0.0
WXA3LM,Music Sharing,0,"Although I felt like it was like a lot of, I think when I was listening to other people, it was a lot of like other people's music.",0.7579,positive,0.273,0.727,0.0
WXA3LM,Music Sharing,1,"So I don't know how much I fully connected them, but it was interesting to see what people were interested in or like learn about their taste, if that makes sense.",0.8847,positive,0.285,0.715,0.0
WXA3LM,Music Sharing,2,"Yeah, I think the people I'm closer with tend to also have the really similar like interests in general, which may lend towards similar music interest tastes.",0.8497,positive,0.318,0.682,0.0
WXA3LM,Music Sharing,3,"But I mean, there's like, yeah, I think it tends to be towards people I'm like extremely like connected with rather than like people I'm like, friends with, but not quite as like I could talk to them and feel comfortable in any circumstance ever.",0.9847,positive,0.484,0.516,0.0
WXA3LM,Music Sharing,4,I think maybe down to just like music feeling personal and like being like I don't know.,0.7906,positive,0.45,0.55,0.0
WXA3LM,Music Sharing,5,Maybe I have a niche music taste.,0.0,neutral,0.0,1.0,0.0
WXA3LM,Music Sharing,6,"Maybe I don't know if I quite do in the grand sense of everything, but it feels kind of niche.",0.25,positive,0.105,0.895,0.0
WXA3LM,Music Sharing,7,"And it's like a, what if, I don't know.",0.3612,positive,0.263,0.737,0.0
WXA3LM,Music Sharing,8,"Like, I just feel less embarrassed if it was like someone I was just closer to or like, where I just have a relationship where like, I don't feel like, not necessarily judgment, but like, where it would just be like, if something, if I made fun of it with someone else, then I wouldn't care in a way.",0.9128,positive,0.3,0.624,0.077
WXA3LM,Music Sharing,10,A lot of them were also like pretty upbeat.,0.6908,positive,0.487,0.513,0.0
WXA3LM,Music Sharing,11,So that's kind of like what I prefer to listen to too.,0.2975,positive,0.181,0.819,0.0
WXA3LM,Music Sharing,12,"I don't like, there's the whole connection bit where you don't quite feel connected because I feel like connections spawn from like maybe how you find the music.",-0.652,negative,0.0,0.784,0.216
WXA3LM,Music Sharing,13,"So I don't think I felt connected to their songs, but I did generally enjoy them.",0.6486,positive,0.264,0.736,0.0
WXA3LM,Music Sharing,14,"I don't think I was like top of the like bar for everything, but I did just like generally enjoy them.",0.2323,positive,0.233,0.531,0.236
WXA3LM,Music Sharing,15,I'm glad that like people have their favorite songs and it's kind of like why does this happen to be their favorite song?,0.9186,positive,0.438,0.562,0.0
WXA3LM,Music Sharing,16,It's just kind of like an underlying question when it comes down to that.,0.2975,positive,0.145,0.855,0.0
WXA3LM,Music Sharing,17,Or why does the song they particularly like dance to or whatever it may be?,0.4201,positive,0.166,0.834,0.0
WXA3LM,Music Sharing,18,There were some I definitely automatically like knew belonged to maybe one list or another.,0.6369,positive,0.302,0.698,0.0
WXA3LM,Music Sharing,19,"Where it's like, just like a song, like one of them that I just like tend to listen to a lot, especially more like less for the sound of it nowadays, more just like for the nostalgia or like the, I guess the meaning behind it.",0.9382,positive,0.333,0.667,0.0
WXA3LM,Music Sharing,20,"And that's, I just like automatically knew I was going to put that in favorites.",0.6486,positive,0.325,0.675,0.0
WXA3LM,Music Sharing,21,"There are some where I couldn't necessarily know if I put it in favorites or the dance one, but I was like, I just like, maybe for some reason it's just slightly tip towards one another.",0.8126,positive,0.225,0.775,0.0
WXA3LM,Music Sharing,22,"Maybe I slightly didn't care about the sound as much, but I'm mainly listening for it for like just the meaning.",0.3767,positive,0.142,0.785,0.073
WXA3LM,Music Sharing,23,So maybe I'll put it in like favorites.,0.6486,positive,0.469,0.531,0.0
WXA3LM,Music Sharing,25,"And then I scroll through like, cause I don't have playlists necessarily, but I just use like the big like song.",0.8047,positive,0.355,0.645,0.0
WXA3LM,Music Sharing,26,"I mean, it's a playlist, but like just the liking the songs.",0.7783,positive,0.459,0.541,0.0
WXA3LM,Music Sharing,27,"I think a lot of it just comes, I mean like music wise, it would have just been down to like maybe something just scratched my brain.",0.7964,positive,0.278,0.722,0.0
WXA3LM,Music Sharing,28,"Like I can't necessarily explain that part, but A lot of it does just favorite wise just comes down to like lyrics, whether it be like just lyrics when I was being like angsty at some point of time and I just connected to them and it like just flew from there.",0.9716,positive,0.358,0.642,0.0
WXA3LM,Music Sharing,29,"Like, of course, like it can't just be lyrics because I did have to just really like listening to the song at some point.",0.7579,positive,0.273,0.727,0.0
WXA3LM,Music Sharing,30,"But the reason it's still like kind of like a favorite is just because either like, I guess the angst of it all or like Maybe it connects back to like, I guess, because I think I put one of them that was in Bulgarian because my parents are from Bulgaria.",0.965,positive,0.336,0.664,0.0
X1QQ4F,Music Sharing,1,I guess it was exciting.,0.4939,positive,0.516,0.484,0.0
X1QQ4F,Music Sharing,2,And then the ones where it was just me and then I'd get someone else's song or the algorithm.,0.0,neutral,0.0,1.0,0.0
X1QQ4F,Music Sharing,3,"When I would get someone else's song, it was like “ohh I kind of wonder who this person is...” I guess I thought about area and stuff.",0.3612,positive,0.102,0.898,0.0
X1QQ4F,Music Sharing,4,"Honestly, for some of the songs that other people picked, it just wasn't my style and I was like, “oh, I wonder why this is their favorite.”",0.6705,positive,0.193,0.807,0.0
X1QQ4F,Music Sharing,5,"And I guess it just gets you thinking about different things that people like, especially music.",0.3612,positive,0.152,0.848,0.0
X1QQ4F,Music Sharing,6,"Maybe it's a sound that they're really into, or a style, or maybe it's the artist.",0.0,neutral,0.0,1.0,0.0
X1QQ4F,Music Sharing,7,"Yeah, but I don't know.",0.1531,positive,0.348,0.652,0.0
X1QQ4F,Music Sharing,9,It's very dependent on the person.,0.0,neutral,0.0,1.0,0.0
X1QQ4F,Music Sharing,10,I have a friend who has very different music tastes and I'll show him something.,0.4939,positive,0.211,0.789,0.0
X1QQ4F,Music Sharing,11,"I'm like, “Yo, this is so sick.",-0.4101,negative,0.213,0.426,0.361
X1QQ4F,Music Sharing,13,"And then he'll be like, “it kind of sucks.”",0.3612,positive,0.238,0.762,0.0
X1QQ4F,Music Sharing,14,"I'm like, “OK, well, now I don't want to show you anything more...” So I mean, yeah, I guess that kind of makes an impact on who you want to show music to.",0.6843,positive,0.205,0.724,0.071
X1QQ4F,Music Sharing,15,"Like other people, I’m showing maybe something from Dominic Fike and then they're like, “Oh yeah, that's sick.”",0.7351,positive,0.324,0.676,0.0
X1QQ4F,Music Sharing,16,"Or like what I was saying about guitar and different vocals, I have friends who produce music and then I'm like, “this part's really cool.",0.8655,positive,0.36,0.64,0.0
X1QQ4F,Music Sharing,17,Like I wonder how they did this.”,0.3612,positive,0.333,0.667,0.0
X1QQ4F,Music Sharing,18,"And then usually they're like, “Oh yeah, that is super sick.”",0.8225,positive,0.518,0.482,0.0
X1QQ4F,Music Sharing,19,"So yeah, definitely depends on the person.",0.6674,positive,0.523,0.477,0.0
X1QQ4F,Music Sharing,20,My girlfriend does not like a lot of the songs that I like because of their voices.,-0.4973,negative,0.0,0.755,0.245
X1QQ4F,Music Sharing,21,"I listen to a lot of like, hyper pop and like very... not intense stuff, but maybe not calm... And so I’ll show her a song and she’ll be like, “can we skip this?”",0.6847,positive,0.194,0.775,0.032
X1QQ4F,Music Sharing,22,"I'm like, OK, yeah, that's fine.",0.8143,positive,0.825,0.175,0.0
X1QQ4F,Music Sharing,23,Yeah... I don't know... He has a really cool style and it's very personable.,0.3804,positive,0.191,0.809,0.0
X1QQ4F,Music Sharing,24,"But at the same time, some of the lyrics you're like, “I don't really get that.”",0.5023,positive,0.178,0.822,0.0
X1QQ4F,Music Sharing,25,"But if you read into it, it kind of makes sense.",0.0,neutral,0.0,1.0,0.0
X1QQ4F,Music Sharing,27,I've always been someone who loves to sing and I've been in choir for a long time.,0.5719,positive,0.198,0.802,0.0
X1QQ4F,Music Sharing,28,He does a lot of things that are just really fun to sing when you're in a car and you play it.,0.7178,positive,0.25,0.75,0.0
X1QQ4F,Music Sharing,29,You just want to sing it out loud.,0.0772,positive,0.157,0.843,0.0
X1QQ4F,Music Sharing,30,And there's also a lot of dynamics.,0.2732,positive,0.296,0.704,0.0
X1QQ4F,Music Sharing,31,"Like it’s soft, just like songs that you can sway and just close your eyes to.",0.6124,positive,0.263,0.737,0.0
X1QQ4F,Music Sharing,32,And then there are songs that are very jumpy and fun.,0.3117,positive,0.24,0.606,0.154
X1QQ4F,Music Sharing,33,"But yeah, this I feel like this one really kind of creates a picture.",0.8251,positive,0.49,0.51,0.0
X1QQ4F,Music Sharing,34,I can just close my eyes and it's kind of like I'm somewhere else in a way.,0.2975,positive,0.136,0.864,0.0
X1QQ4F,Music Sharing,35,The one song “Ultimately” by Kai Dreams was one of them I added.,0.4019,positive,0.197,0.803,0.0
X1QQ4F,Music Sharing,36,And that one has a lot of lyrics about letting a person down.,0.0,neutral,0.0,1.0,0.0
X1QQ4F,Music Sharing,37,That one was definitely one I would listen to every time I kind of felt that way.,0.4019,positive,0.162,0.838,0.0
X1QQ4F,Music Sharing,38,"So I think there's, yeah, an emotional connection.",0.4703,positive,0.448,0.552,0.0
X1QQ4F,Music Sharing,39,"Like you listen to a song during a time, or that reminds you of something, and then it kind of gets latched.",0.3612,positive,0.116,0.884,0.0
X1QQ4F,Music Sharing,40,"And then when you listen to that, you're like, “oh, shoot, yeah.",0.3182,positive,0.292,0.559,0.149
X1QQ4F,Music Sharing,41,I kind of feel that.”,0.0,neutral,0.0,1.0,0.0
X6YZK0,Music Sharing,1,"I guess because like, I enjoy it.",0.6908,positive,0.655,0.345,0.0
X6YZK0,Music Sharing,2,"And like, I hope that they have like the same experience.",0.7845,positive,0.53,0.47,0.0
X6YZK0,Music Sharing,3,"Especially with like the songs, whatever it's like, that I choose like to dance to, like they're not the most popular songs.",0.8208,positive,0.375,0.539,0.086
X6YZK0,Music Sharing,4,"So like, I'm like, oh, I hope they like it in the same capacity.",0.8828,positive,0.556,0.444,0.0
X6YZK0,Music Sharing,5,"But yeah, usually only people that I'm really close friends to, I'll like share my music with.",0.9248,positive,0.508,0.492,0.0
X6YZK0,Music Sharing,6,"if anyone offers me like, the aux cable in the car, I'm like, don't give it to me.",0.6124,positive,0.238,0.762,0.0
X6YZK0,Music Sharing,8,"To be honest, for the most part, pretty good.",0.8733,positive,0.624,0.376,0.0
X6YZK0,Music Sharing,9,"I mean, I feel like just with different groups sometimes, with different people, sometimes not so positive, but it's also not necessarily negative.",0.5282,positive,0.22,0.69,0.09
X6YZK0,Music Sharing,10,"It's just like a general like, oh yeah, that one's good.",0.8442,positive,0.627,0.373,0.0
X6YZK0,Music Sharing,12,"But even like just a simple like, oh yeah, I liked it.",0.9186,positive,0.684,0.316,0.0
X6YZK0,Music Sharing,13,"But like saying it like that sometimes as well can make me be like, did you really like it?",0.9398,positive,0.528,0.472,0.0
X6YZK0,Music Sharing,14,Or are you just saying that because you're my friend?,0.4939,positive,0.262,0.738,0.0
X6YZK0,Music Sharing,15,"So really like I only trust them when like they start listening to it themselves, which is kind of crazy.",0.7914,positive,0.354,0.547,0.098
X6YZK0,Music Sharing,16,"But that's when I'm like, yes, you did actually really like it.",0.8765,positive,0.528,0.472,0.0
X6YZK0,Music Sharing,17,Because you're listening to it now.,0.0,neutral,0.0,1.0,0.0
X6YZK0,Music Sharing,18,"It makes me feel good, but also just like, yes.",0.8294,positive,0.556,0.444,0.0
X6YZK0,Music Sharing,20,"If there's any other way to describe it, just like, yes.",0.6369,positive,0.366,0.634,0.0
X6YZK0,Music Sharing,22,"But I just like it when, you know, other people enjoy like the stuff that I share with them, because it is just very much like you're sharing it with them.",0.9664,positive,0.472,0.528,0.0
X6YZK0,Music Sharing,23,"And even though it's like not something that I like made or anything like that, means something to me, I guess.",0.7579,positive,0.319,0.681,0.0
X6YZK0,Music Sharing,25,"I would say so, especially with the other people's music.",0.0,neutral,0.0,1.0,0.0
X6YZK0,Music Sharing,26,"Like think in one of the rooms, I was with other people, I was trying to figure out who was.",0.3612,positive,0.128,0.872,0.0
X6YZK0,Music Sharing,27,"And then with the other one, the other person wasn't in there, I don't think.",0.0,neutral,0.0,1.0,0.0
X6YZK0,Music Sharing,28,"I don't quite remember, but Either way, I definitely, I don't know if like this makes sense, but I almost like gave it more attention because I felt like, it's like respectful to actually like listen to it before I pass judgment to it.",-0.5824,negative,0.146,0.598,0.257
X6YZK0,Music Sharing,29,"But with they, I was like, I was like, who cares?",0.8885,positive,0.636,0.364,0.0
X6YZK0,Music Sharing,30,"I definitely still try to listen to it, but definitely not as hard.",0.7044,positive,0.432,0.568,0.0
X6YZK0,Music Sharing,31,"Usually I listen to the same thing over and over again until like one of my music platforms is like, hey, do you want to listen to something else?",0.6486,positive,0.201,0.799,0.0
X6YZK0,Music Sharing,32,"And then I'll try it and sometimes I love it, sometimes I hate it.",0.128,positive,0.235,0.559,0.207
X6YZK0,Music Sharing,33,And then usually I'll have artists that I continually go back to.,0.0,neutral,0.0,1.0,0.0
X6YZK0,Music Sharing,34,"So if they release something new, I'll go back to that and see what new stuff they have and if I like it, that kind of thing.",0.3612,positive,0.091,0.909,0.0
X6YZK0,Music Sharing,35,"And then occasionally I'll listen to something else that somebody has and then like I'll take that, but that's honestly pretty rare unless it's like my sister.",0.9231,positive,0.366,0.634,0.0
X6YZK0,Music Sharing,36,"Like if she suggests a song, like she's the most likely person that I'll be like, oh, I like that song too.",0.8402,positive,0.385,0.615,0.0
X6YZK0,Music Sharing,37,And then I'll add that to my list of songs that I listen to over and over.,0.0,neutral,0.0,1.0,0.0
X8MNUK,Music Sharing,0,"Yeah, I definitely do sometimes.",0.5994,positive,0.71,0.29,0.0
X8MNUK,Music Sharing,1,"Like if I have friends over or I'm just hanging out with my roommate, I'll put music on.",0.6808,positive,0.272,0.728,0.0
X8MNUK,Music Sharing,2,But most of the time I would say I listen to music by myself with my Airpods or something like that.,0.5023,positive,0.153,0.847,0.0
X8MNUK,Music Sharing,3,I feel like it kind of depends on who I'm with.,0.3612,positive,0.217,0.783,0.0
X8MNUK,Music Sharing,4,"A lot of the time whoever is connected to the speaker, or whoever is driving, or whatever will pick the music and then it kind of just goes on what they're listening to.",0.0,neutral,0.0,1.0,0.0
X8MNUK,Music Sharing,5,And I'm always happy to hear what my friends want to listen to.,0.7964,positive,0.448,0.552,0.0
X8MNUK,Music Sharing,6,"Sometimes if it fits in the right genre and it's the vibe of what we're doing, I guess I'll be like, “oh, you should add this song to the queue.”",0.3612,positive,0.082,0.918,0.0
X8MNUK,Music Sharing,7,"But yeah, mostly it's whoever’s phone it is, basically.",0.4215,positive,0.259,0.741,0.0
X8MNUK,Music Sharing,8,I think with a lot fewer of my friends I feel comfortable sharing that.,0.8481,positive,0.535,0.465,0.0
X8MNUK,Music Sharing,9,"But one of my best friends that we've known each other forever, I'll always be like “oh, this song is super relevant.”",0.9664,positive,0.508,0.492,0.0
X8MNUK,Music Sharing,10,"Or sometimes I'll kind of do it in reverse, where one of my friends will be telling me about something that's going on in their life, and then I'll be listening to a song and I'm like, “oh, like, this relates to you right now.”",0.7964,positive,0.165,0.835,0.0
X8MNUK,Music Sharing,11,"Usually, it kind of depends on the person, but sometimes they're like, “Oh my gosh, that's crazy.”",0.5023,positive,0.169,0.831,0.0
X8MNUK,Music Sharing,12,"Like, “that's exactly what I was thinking.”",0.3612,positive,0.333,0.667,0.0
X8MNUK,Music Sharing,13,"Or they're like, “oh haha... thank you.”",0.6124,positive,0.5,0.5,0.0
X8MNUK,Music Sharing,14,"And it's a little awkward, and I'm like, “oh, never mind.”",0.2944,positive,0.212,0.678,0.111
XRONEG,Music Sharing,0,"So mostly being here at school, the only time I listen to music with others is like if I'm driving people places, since I like have a car here, since I'm from here.",0.6124,positive,0.152,0.848,0.0
XRONEG,Music Sharing,1,"But usually I typically just listen to music by myself, which is hard, but I listen to a lot of different types of music so that when I am around other people, depending on what kind of music they like, I can tailor my music tastes with their music tastes and we can all just like listen to music collectively.",0.7096,positive,0.108,0.865,0.027
XRONEG,Music Sharing,2,I have a very like established group of friends.,0.7089,positive,0.541,0.459,0.0
XRONEG,Music Sharing,3,And so we like hang out a lot.,0.4173,positive,0.317,0.683,0.0
XRONEG,Music Sharing,4,I've met them like freshman year.,0.3612,positive,0.333,0.667,0.0
XRONEG,Music Sharing,5,And so I got to know them and their personalities.,0.0,neutral,0.0,1.0,0.0
XRONEG,Music Sharing,6,"And especially if we are taking a long drive to go like skiing or something, like I'll take song suggestions, but we pretty much all like listen to like the same music.",0.9231,positive,0.355,0.645,0.0
XRONEG,Music Sharing,7,So that like works out just because we all have similar interests.,0.5829,positive,0.323,0.677,0.0
XRONEG,Music Sharing,8,And so like listening to music that way just like keeps us like connected.,0.8115,positive,0.432,0.568,0.0
XRONEG,Music Sharing,9,"Or if like an artist like comes out with like a new song, like we are all already know it or listen to albums that they put out.",0.8402,positive,0.303,0.697,0.0
XRONEG,Music Sharing,10,"So a lot of my friends, like even though we have very similar music tastes, there are still like some outliers of like artists and songs.",0.8625,positive,0.335,0.665,0.0
XRONEG,Music Sharing,11,And like one of my friends in particular like wanted to go to this concert of this artist I've never heard of.,0.7964,positive,0.299,0.701,0.0
XRONEG,Music Sharing,12,So she like wanted to like introduce me to this artist and their songs.,0.6764,positive,0.317,0.683,0.0
XRONEG,Music Sharing,13,"And so that was like really meaningful to me just because she's trying to like make another connection with me, like beyond the connection we already have with our music.",0.8715,positive,0.295,0.705,0.0
XRONEG,Music Sharing,14,"And again, it's just a concert.",0.0,neutral,0.0,1.0,0.0
XRONEG,Music Sharing,15,So it's going to be like another experience.,0.3612,positive,0.263,0.737,0.0
XRONEG,Music Sharing,16,So that just is like growing our friendship.,0.7269,positive,0.587,0.413,0.0
XRONEG,Music Sharing,17,"And so with that, I really do think that I do like connect with others in that way.",0.3612,positive,0.143,0.857,0.0
XRONEG,Music Sharing,18,"Even if like it is not my music taste, like I want to try because that's again, like very vulnerable to be like, oh, I want you to like listen to the song or like I really like the song.",0.9314,positive,0.408,0.548,0.044
XV0S8C,Music Sharing,0,usually the songs that you play in the car is like the ones that you're gonna like talk over and like have conversations over.,0.836,positive,0.331,0.669,0.0
XV0S8C,Music Sharing,1,So it's like pretty much like background noise.,0.841,positive,0.643,0.357,0.0
XV0S8C,Music Sharing,2,"You just kind of want something you can play and like sing along to or like talk over to, but not necessarily like listen to the lyrics and be like, oh, this is I resonate, so.",0.8659,positive,0.305,0.695,0.0
XV0S8C,Music Sharing,3,"We listen to mostly the same stuff, so.",0.0,neutral,0.0,1.0,0.0
XV0S8C,Music Sharing,4,I think that we like have stuff that like overlaps and that's what we listen to in the car.,0.6124,positive,0.238,0.762,0.0
XWM6DC,Music Sharing,0,Probably not recommendations from friends so much.,-0.3724,negative,0.0,0.701,0.299
XWM6DC,Music Sharing,1,"Depends on the person probably, but sometimes I'd say.",0.0,neutral,0.0,1.0,0.0
XWM6DC,Music Sharing,2,"Definitely my siblings, I'd say.",0.4019,positive,0.403,0.597,0.0
XWM6DC,Music Sharing,3,"I'll find a cool song, be like, hey, check this out.",0.5859,positive,0.375,0.625,0.0
XWM6DC,Music Sharing,4,"But beyond that, I don't really know.",0.0,neutral,0.0,1.0,0.0
XWM6DC,Music Sharing,5,I might be inclined to send a song to someone if it's something we've like discussed in the past.,0.3612,positive,0.135,0.865,0.0
XWM6DC,Music Sharing,6,"Like we got to talking about, whatever artist and then I see they put out a new song.",0.3612,positive,0.143,0.857,0.0
XWM6DC,Music Sharing,7,"I'm like, hey, check this out.",0.3612,positive,0.333,0.667,0.0
XWM6DC,Music Sharing,8,You mentioned liking them.,0.4019,positive,0.474,0.526,0.0
XWM6DC,Music Sharing,9,"But other than that, or as I said, you know, occasionally sharing things with siblings, I don't know how much music sharing I really do.",0.7594,positive,0.246,0.754,0.0
XWM6DC,Music Sharing,10,Not at present very much,0.0,neutral,0.0,1.0,0.0
Y1I6D6,Music Sharing,1,"I mean, like when I'm in the car with my friends, I'll play a song and I'll be like, yeah, I've heard that before.",0.8934,positive,0.428,0.572,0.0
Y1I6D6,Music Sharing,2,And that'll be about the end of the conversation.,0.0,neutral,0.0,1.0,0.0
Y1I6D6,Music Sharing,3,"Very rarely is like, oh, like the song I had to have a list.",-0.5786,negative,0.0,0.678,0.322
Y1I6D6,Music Sharing,4,"But like, they have pretty similar music tastes.",0.8201,positive,0.557,0.443,0.0
Y1I6D6,Music Sharing,5,"So it's like, we all know the same songs.",0.4173,positive,0.258,0.742,0.0
Y1I6D6,Music Sharing,6,I think the most that we talk about music is when we're playing like Fortnite and like the Fortnite Festival.,0.8402,positive,0.4,0.6,0.0
Y1I6D6,Music Sharing,7,"I'll talk about like, oh, the song sucks.",0.0,neutral,0.227,0.545,0.227
Y1I6D6,Music Sharing,8,"Oh, the song's good.",0.4404,positive,0.492,0.508,0.0
Y1I6D6,Music Sharing,10,"But like, I won't add those songs to my playlist.",0.5023,positive,0.289,0.711,0.0
Y1I6D6,Music Sharing,11,"I'll just, it's like kind of like the game.",0.6124,positive,0.417,0.583,0.0
Y1I6D6,Music Sharing,12,Because you're playing like Guitar Hero and it's like that kind of thing.,0.8555,positive,0.536,0.464,0.0
Y1I6D6,Music Sharing,13,It depends on the environment I'm in and like the mental state.,0.3612,positive,0.185,0.815,0.0
Y1I6D6,Music Sharing,14,"if we're inebriated or not, that definitely makes a big factor, like how many people are there.",0.0624,positive,0.133,0.746,0.12
Y1I6D6,Music Sharing,15,"So I would say generally, I try to bring up like play songs people know that are like, we're popular, like Home by Edward Sharp, or like kind of like sounds like you could sing along to even if you haven't heard the song for a long time.",0.9531,positive,0.353,0.647,0.0
Y1I6D6,Music Sharing,16,"So like those type of songs, or I'll just play the worst possible song you've ever heard, like the most annoying song.",-0.0276,neutral,0.249,0.53,0.221
Y1I6D6,Music Sharing,17,"just to mess with Mike, if I'm just hanging out with my close, close friends, and I know that they can't change the acts, I'm gonna like mess with them for that.",0.1531,positive,0.149,0.718,0.133
Y1I6D6,Music Sharing,18,"Normally just like upbeat songs are like, if I really like a new song, I'll play that maybe.",0.836,positive,0.452,0.548,0.0
Y9N2G1,Music Sharing,0,"And yeah, friends do send a few suggestions.",0.6486,positive,0.515,0.485,0.0
Y9N2G1,Music Sharing,1,So that does expose me to new songs.,-0.2177,negative,0.0,0.79,0.21
Y9N2G1,Music Sharing,3,"So me and my roommates share a lot of songs and there are days where we, all of us listen together.",0.296,positive,0.104,0.896,0.0
Y9N2G1,Music Sharing,4,"And again, I feel that at least like we are four people and three of our taste in music is kind of same.",0.3612,positive,0.106,0.894,0.0
Y9N2G1,Music Sharing,5,"So yeah, it's We do share a lot of music together.",0.5709,positive,0.37,0.63,0.0
Y9N2G1,Music Sharing,6,It does make that bond strong.,0.5106,positive,0.398,0.602,0.0
Y9N2G1,Music Sharing,7,"It's like that, it brings in that feeling of, you know, connectedness.",0.4588,positive,0.286,0.714,0.0
Y9N2G1,Music Sharing,8,"Like I said earlier, if someone else also likes the same song as you do, then you tend to gel together.",0.6486,positive,0.227,0.773,0.0
Y9N2G1,Music Sharing,9,"You tend to, know their interests more.",0.25,positive,0.25,0.75,0.0
Y9N2G1,Music Sharing,10,"So yeah, you feel connected.",0.3597,positive,0.384,0.616,0.0
YP35AR,Music Sharing,0,"I feel like a lot of time if you listen to music with other people that you're friends with, it's like you play songs the other person is gonna like.",0.9001,positive,0.361,0.639,0.0
YP35AR,Music Sharing,1,"It's like with really close friends that you listen to, like, you know, it's their favorite song.",0.8854,positive,0.467,0.533,0.0
YP35AR,Music Sharing,2,"Yeah, I think it's not fake, obviously, when you're listening to other people like with music that's not their totally favorite songs.",0.551,positive,0.269,0.631,0.1
YP35AR,Music Sharing,3,But music is such a large part of who people are and what music they like says a lot about like the things that they've gone through and like their personal experience with the world.,0.8674,positive,0.245,0.755,0.0
YP35AR,Music Sharing,4,And some music that they like or their favorite song is really like you're connecting with the person on a deeper level.,0.7906,positive,0.308,0.692,0.0
YP35AR,Music Sharing,5,"And a lot of people like don't want to share their favorite songs with people, especially if you don't know them really well, just because it is that kind of insecurity.",0.3999,positive,0.207,0.63,0.163
YP35AR,Music Sharing,6,"Like you don't want them to hate the song because if they don't like the song, then it feels like they don't like you.",-0.7752,negative,0.079,0.567,0.354
YP35AR,Music Sharing,7,"I mean, not everyone like really loves music, but a lot of people do.",0.2362,positive,0.178,0.712,0.111
YP35AR,Music Sharing,8,"And the music that people like, it just like, it says a lot about like who they are as a person, especially if they like the lyrics of a song versus like the beat of a song.",0.8885,positive,0.309,0.691,0.0
YP35AR,Music Sharing,9,"If you connect them with like what the artist is saying, then that means that they feel the same about their life.",0.3612,positive,0.106,0.894,0.0
YP35AR,Music Sharing,10,And that articulates to you that they feel something they may not be able to express with their own words.,0.0,neutral,0.0,1.0,0.0
YP35AR,Music Sharing,11,"I'm a person who's very bad with words, especially when it comes to feelings and stuff.",-0.5849,negative,0.0,0.787,0.213
YP35AR,Music Sharing,12,"So a lot of music that has really powerful lyrics, I'm like, that feels like what I'm feeling.",0.8221,positive,0.425,0.575,0.0
YP35AR,Music Sharing,13,"And hearing someone else's song that's like, this is how they're feeling or how they feel a lot or something they really resonate with, it's like you're touching with them.",0.6705,positive,0.2,0.8,0.0
YP35AR,Music Sharing,14,"if I'm with some people that I just met, I probably wouldn't play like my all-time favorite, like powerful songs to me, just because it doesn't fit the vibe all the time.",-0.1446,negative,0.152,0.629,0.219
YP35AR,Music Sharing,15,"And just like, you want to pick something you think the other person would like and maybe sing to, and it's more fun, I think.",0.8357,positive,0.331,0.669,0.0
YP35AR,Music Sharing,16,I do band and stuff like that.,0.3612,positive,0.333,0.667,0.0
YP35AR,Music Sharing,17,So I feel like that's a very like big community thing.,0.6764,positive,0.443,0.557,0.0
YP35AR,Music Sharing,18,I'm a big like community family oriented person.,0.3612,positive,0.294,0.706,0.0
YP35AR,Music Sharing,19,So I love that kind of like play music with other people and make a piece together.,0.8442,positive,0.431,0.569,0.0
YP35AR,Music Sharing,20,"But like, yeah, also like you'd have a bonfire with your friends and you make a playlist together and you kind of like play that while you're hanging out.",0.9628,positive,0.485,0.515,0.0
YP35AR,Music Sharing,21,There's that aspect of it too.,0.0,neutral,0.0,1.0,0.0
Z01ABO,Music Sharing,0,"I don't always actively do it, but like sometimes I will.",0.4155,positive,0.277,0.597,0.126
Z01ABO,Music Sharing,1,"And I had like, there was this one time where I had this group of friends and we all made this like combined playlist of like a bunch of songs.",0.8625,positive,0.315,0.685,0.0
Z01ABO,Music Sharing,3,It was like 40 hours long.,0.3612,positive,0.333,0.667,0.0
Z01ABO,Music Sharing,4,But it was fun to like listen to the music.,0.8271,positive,0.49,0.51,0.0
Z01ABO,Music Sharing,5,And it was kind of interesting because I was driving one of them once.,0.3415,positive,0.167,0.833,0.0
Z01ABO,Music Sharing,6,"And they were like, I realized that when I listen to them with you enjoying them, it's like I like the song more than just like when I listen to it on my own time.",0.9081,positive,0.34,0.66,0.0
Z01ABO,Music Sharing,7,"I feel like you can pick and choose what parts, because I feel like a lot of the time music taste is very vast.",0.6124,positive,0.208,0.792,0.0
Z01ABO,Music Sharing,8,"So it's like, obviously you're not going to like everything they like, but there's definitely like shared interest.",0.9583,positive,0.645,0.355,0.0
Z01ABO,Music Sharing,9,"my friends and I, sometimes we made this thing where we would cook food and then we would always like listen to music while we're cooking.",0.6808,positive,0.189,0.811,0.0
Z01ABO,Music Sharing,10,But most of the time I would say it's like people that I have a relationship with.,0.5023,positive,0.2,0.8,0.0
06ECDB,Peer Music,0,"A little bit, kind of hearing some of the songs that are playing, kind of saying the regions that they're from and I don't say the music I would expect from that region, but kind of playing into it a little bit.",0.3818,positive,0.091,0.909,0.0
06ECDB,Peer Music,1,"For the most part, I don't think there was a single one that I didn't enjoy.",-0.3875,negative,0.0,0.82,0.18
06ECDB,Peer Music,2,"Not all of them are necessarily songs that I may have heard or have listened to before, but interesting to kind of hear what people's preferences are.",0.5499,positive,0.124,0.876,0.0
06ECDB,Peer Music,3,"I know I put in country music, but wasn't kind of expecting everyone to have kind of the same genre.",0.0,neutral,0.0,1.0,0.0
06ECDB,Peer Music,4,"I was maybe expecting a mix of different genres or hearing different types of music, but I like the genre of country and hearing that.",0.5023,positive,0.134,0.866,0.0
0M3LDX,Peer Music,0,I thought it was alright.,0.25,positive,0.4,0.6,0.0
0M3LDX,Peer Music,1,Like it sounded good.,0.6597,positive,0.73,0.27,0.0
0M3LDX,Peer Music,2,"And like I can see how someone would be interested in that, be connected to it.",0.6369,positive,0.286,0.714,0.0
0M3LDX,Peer Music,3,"It's, it wasn't something I was personally interested in, but I could see the appeal and I was like, it's kind of cool.",0.7657,positive,0.309,0.691,0.0
0M3LDX,Peer Music,4,"Just not my vibe, I guess.",0.0,neutral,0.0,1.0,0.0
0M3LDX,Peer Music,5,"My thoughts were kind of different because when I was listening to the someone else's favorite song, it was like, okay, someone likes this.",0.8481,positive,0.349,0.651,0.0
0M3LDX,Peer Music,6,"They put, they took the time to write it out on the survey on the list.",0.0,neutral,0.0,1.0,0.0
0M3LDX,Peer Music,7,"Like, it's someone's personal favorite for some reason.",0.6705,positive,0.478,0.522,0.0
0M3LDX,Peer Music,8,"And, you know, there's like that human connection to it.",0.3612,positive,0.217,0.783,0.0
0M3LDX,Peer Music,9,"For the human selected ones, a human actually went through that, has some sort of connection to it.",0.0,neutral,0.0,1.0,0.0
1JVZTM,Peer Music,0,"They weren't like a genre that I would like pick to listen to, but I like probably wouldn't skip them if they were like in a playlist.",-0.7536,negative,0.0,0.692,0.308
1ZWUFF,Peer Music,0,There were some good ones and there were also some that I didn't really like.,0.1464,positive,0.168,0.697,0.135
1ZWUFF,Peer Music,1,"Well, for other people's songs, I wanted to hear good lyrics.",0.6124,positive,0.385,0.615,0.0
1ZWUFF,Peer Music,2,"I feel like, at least for me, like most of my favorite songs, I like them.",0.8678,positive,0.518,0.482,0.0
1ZWUFF,Peer Music,3,"I mean, not all of them, but a lot of them, I like them because of the lyrics.",0.5023,positive,0.188,0.812,0.0
2IR3MC,Peer Music,0,It was like interesting.,0.6369,positive,0.722,0.278,0.0
2IR3MC,Peer Music,1,"I was like, so because there was a couple times where it was like my music, but it was only me in.",0.3612,positive,0.163,0.837,0.0
2IR3MC,Peer Music,2,the sort of breakout room thing.,0.0,neutral,0.0,1.0,0.0
2IR3MC,Peer Music,3,And then there was like certain situations where it was my music and it was other people.,0.5574,positive,0.235,0.765,0.0
2IR3MC,Peer Music,4,"And so when it was other people, I was sort of like, part of it was like, I wonder if they also know what this song is because some of the songs on my list were like not like super like underground songs.",0.7086,positive,0.224,0.712,0.064
2IR3MC,Peer Music,5,They were like popular enough.,0.6486,positive,0.639,0.361,0.0
2IR3MC,Peer Music,6,"But it was also sort of a situation, especially because this like last song, it was someone else's song, but I did not resonate with it at all.",0.6493,positive,0.147,0.853,0.0
2IR3MC,Peer Music,7,"And so part of me like thinking retroactively, I'm like, I wonder if anyone else in listening to songs kind of had that same response where it's like, it sounds cool, but like I'm not like really resonating with it.",0.886,positive,0.289,0.711,0.0
2IR3MC,Peer Music,8,And then there was like another song from one of the participants.,0.3612,positive,0.185,0.815,0.0
2IR3MC,Peer Music,9,I think it might have just been I'm trying to think.,0.0,neutral,0.0,1.0,0.0
2IR3MC,Peer Music,10,I think it was just one of their songs that makes them want to move or something like that.,0.4215,positive,0.192,0.808,0.0
2IR3MC,Peer Music,12,"And I was like, oh, like, but what was interesting about both of those songs is like, I could vaguely hear and make like guesses on the artist, even if I didn't know the song, which was like really interesting.",0.9604,positive,0.404,0.596,0.0
2KDZ22,Peer Music,1,"Because the ones that were… I think I only got one that was like from another person, like their favorite song, but I was in a room with just that other person.",0.5423,positive,0.18,0.82,0.0
2KDZ22,Peer Music,2,"So it definitely felt like, you know, even though it wasn't really a song I would listen to, I didn't really super enjoy, you know, I still felt like giving it a fair shot because it was like, I know for a fact that at least this one person in Michigan really enjoys the song.",0.8904,positive,0.293,0.61,0.097
2KDZ22,Peer Music,3,"So, you know, I gave it a kind of more… I enjoyed it a little more than I think I would have, or, at least tried to enjoy it.",0.7579,positive,0.236,0.764,0.0
2KDZ22,Peer Music,4,"Whereas the computer songs, it was like, I didn't hate any of them… But, you know, it's like if I didn't really connect with it, I was not too worried about saying that I didn't.",0.809,positive,0.257,0.743,0.0
2KDZ22,Peer Music,5,"I think for the other people, while I was listening to it, I enjoyed it more and then that was in the ratings.",0.5106,positive,0.148,0.852,0.0
2MDJD4,Peer Music,0,especially the part where it was like you were listening to other people's like chosen songs and stuff that like meant something to them.,0.7579,positive,0.263,0.737,0.0
2MDJD4,Peer Music,1,I thought that was kind of cool.,0.2516,positive,0.286,0.714,0.0
2MDJD4,Peer Music,2,"It was kind of like, it was kind of cool.",0.4963,positive,0.345,0.655,0.0
2MDJD4,Peer Music,3,knowing that you were listening to other people.,0.0,neutral,0.0,1.0,0.0
2MDJD4,Peer Music,4,"It's also kind of cool too, because you can't help but wonder, especially when it's like a personal song or whatever, it's just like, oh, they're like a personal connection song or whatever it was or their favorite song.",0.9414,positive,0.335,0.632,0.033
35A4QY,Peer Music,0,"It was really, I thought it would have been cool to hear more people's other like favorite songs because the last one was someone else's and that was like an incredible song.",0.8698,positive,0.286,0.714,0.0
35A4QY,Peer Music,1,And it was cool to see that.,0.3182,positive,0.277,0.723,0.0
35A4QY,Peer Music,2,"I was like, oh, like it's cool that they put that in because I can see why it was like their favorite song kind of.",0.8957,positive,0.416,0.584,0.0
35A4QY,Peer Music,3,Like cool how I could like imagine the way that they like would have it as their favorite song and like experience that.,0.9231,positive,0.489,0.511,0.0
35A4QY,Peer Music,4,"And that was just cool and also cool to share like one of our own too, basically.",0.8074,positive,0.417,0.583,0.0
35A4QY,Peer Music,5,I think I heard one that like makes you move from the other person and one that was like their personal favorite song basically.,0.7906,positive,0.296,0.704,0.0
35A4QY,Peer Music,6,She's like it's more connected.,0.3612,positive,0.385,0.615,0.0
35A4QY,Peer Music,7,And like the one that makes you move song is like that was still a cool song obviously.,0.743,positive,0.343,0.657,0.0
35A4QY,Peer Music,8,"It's just this less, has less emotional depth of just like, they enjoy it, but it's less like, I can really see how the other one's more connected to them, basically.",0.7287,positive,0.238,0.762,0.0
382LOS,Peer Music,0,"From the ones that I heard, they weren't my, I wouldn't say they weren't my kind of taste.",0.0,neutral,0.0,1.0,0.0
382LOS,Peer Music,1,"I did, find myself trying to enjoy the music.",0.4939,positive,0.314,0.686,0.0
382LOS,Peer Music,2,"I didn't find myself, trying to judge the other person for it.",0.0,neutral,0.0,1.0,0.0
382LOS,Peer Music,3,"More of like, okay, this is one of your favorite songs.",0.7871,positive,0.498,0.502,0.0
382LOS,Peer Music,4,I'll try to understand why.,0.0,neutral,0.0,1.0,0.0
382LOS,Peer Music,5,"And, you know, there was like 1 Taylor Swift song that I reckoned.",0.5106,positive,0.323,0.677,0.0
382LOS,Peer Music,6,that I didn't recognize.,0.0,neutral,0.0,1.0,0.0
382LOS,Peer Music,7,I just knew her voice.,0.0,neutral,0.0,1.0,0.0
382LOS,Peer Music,8,"Like, okay, I don't like Taylor Swift personally, but I saw myself trying to understand why this person would like this song.",-0.3217,negative,0.135,0.632,0.233
382LOS,Peer Music,9,And the same goes for other songs that I heard that weren't mine.,0.0,neutral,0.0,1.0,0.0
382LOS,Peer Music,10,"I think I was just trying to listen to the beauty of it, I guess.",0.5859,positive,0.257,0.743,0.0
382LOS,Peer Music,11,"Trying to recognize, okay, this is objectively, this is a good song.",0.5859,positive,0.348,0.652,0.0
382LOS,Peer Music,12,I kind of understand this is why somebody would listen to it.,0.0,neutral,0.0,1.0,0.0
382LOS,Peer Music,13,And I did lack a little bit in paying attention to the lyrics and the meaning out of it.,-0.3182,negative,0.0,0.874,0.126
382LOS,Peer Music,14,But I definitely found myself a lot more just trying to find the feeling that the song might give somebody.,0.6486,positive,0.249,0.751,0.0
382LOS,Peer Music,15,And hopefully that would be like the reason why they like that song so much.,0.7717,positive,0.391,0.609,0.0
382LOS,Peer Music,16,"Yeah, it was more about just like the feeling and I guess the aesthetic of the song rather than the actual meaning behind it that I focused more on.",0.7943,positive,0.283,0.717,0.0
4TPXHQ,Peer Music,0,But I also found it kind of interesting in terms of what other people played.,0.736,positive,0.341,0.659,0.0
4TPXHQ,Peer Music,1,"Like I tried to pick one from a couple types of genres, just because I like listening across genres.",0.6124,positive,0.263,0.737,0.0
4TPXHQ,Peer Music,2,"But it seemed like there was one or two genres from everyone else's picks, and that was kind of interesting.",0.7477,positive,0.261,0.739,0.0
4TPXHQ,Peer Music,3,"From the other people's favorite songs, one of them I adored, the third one, had cool piano in the background.",0.7964,positive,0.336,0.664,0.0
4TPXHQ,Peer Music,4,"And then the other one was, I think I only heard two from other people.",0.0,neutral,0.0,1.0,0.0
4TPXHQ,Peer Music,5,"And those were just, the other one was just kind of there.",0.0,neutral,0.0,1.0,0.0
4TPXHQ,Peer Music,6,"Like I could understand why someone else enjoyed it, but it just wasn't something that I feel particularly strong about.",0.8312,positive,0.369,0.631,0.0
4TPXHQ,Peer Music,7,"It was like a pop punk, but more poppy than punky.",0.1901,positive,0.163,0.837,0.0
4TPXHQ,Peer Music,8,And I like my pop punk more punky than poppy.,0.3612,positive,0.238,0.762,0.0
4TPXHQ,Peer Music,9,"So it was, but you recognize the chords and the cliches within the sub-genre.",0.0,neutral,0.0,1.0,0.0
4TPXHQ,Peer Music,10,So that was kind of entertaining of that.,0.3832,positive,0.271,0.729,0.0
4TPXHQ,Peer Music,11,I didn't recognize the band.,0.0,neutral,0.0,1.0,0.0
5F2WAZ,Peer Music,0,I think like most of the other participant songs I didn't really like.,0.6124,positive,0.357,0.643,0.0
5F2WAZ,Peer Music,1,Except for a few of them.,0.0,neutral,0.0,1.0,0.0
5F2WAZ,Peer Music,2,"And then the ones that the other people were playing, I guess too, was just like, no real emotions and stuff behind it.",0.2732,positive,0.169,0.745,0.086
5F2WAZ,Peer Music,3,"Just kind of like radio, like oversaturated, like music, I feel.",0.6829,positive,0.486,0.514,0.0
5F2WAZ,Peer Music,4,"So when I was saying like I didn't like the other people's songs, it's not because it's not my genre.",0.6124,positive,0.238,0.762,0.0
5F2WAZ,Peer Music,5,"I just don't think they, I don't think they sound sounded good to me.",0.4404,positive,0.209,0.791,0.0
5F2WAZ,Peer Music,6,"But for the other people's songs, it's more so like, I don't understand like why you would like this song.",0.9489,positive,0.478,0.522,0.0
5F2WAZ,Peer Music,7,"That was like what I was thinking in my head is like, I don't understand like why someone would listen to this.",0.7579,positive,0.306,0.694,0.0
62U759,Peer Music,0,I think that it's... kind of a big honor to listen to somebody else's favorite song or something like that.,0.8271,positive,0.367,0.633,0.0
62U759,Peer Music,1,So I definitely felt like a certain level of responsibility to pay attention.,0.7548,positive,0.483,0.431,0.086
62U759,Peer Music,2,"And that's sort of the, like when you mentioned talking about like thinking about connection, like that's what I was thinking about, like the respect of like giving somebody's favorite thing the attention that it deserves.",0.948,positive,0.42,0.58,0.0
62U759,Peer Music,3,"I think especially with songs, they're is a lot of meaning behind it and who showed you that song for the first time.",0.0,neutral,0.0,1.0,0.0
62U759,Peer Music,4,Like you'll always have certain memories associated with a song and like who you have shared it with.,0.8176,positive,0.422,0.578,0.0
62U759,Peer Music,5,So I think that it sort of gives you a view of a person and their experience without them necessarily telling you.,0.0,neutral,0.0,1.0,0.0
62U759,Peer Music,6,"And like with these being complete strangers where I couldn't see their faces, like I was like, oh, maybe they have some sort of connection to this in their personal life and that deserves a certain level of empathy and respect.",0.8934,positive,0.278,0.722,0.0
62U759,Peer Music,7,"I mean, sharing anything, like sharing your favorite food with somebody.",0.8779,positive,0.649,0.351,0.0
62U759,Peer Music,8,Like it's something that means something to you.,0.3612,positive,0.263,0.737,0.0
62U759,Peer Music,9,And so you want it to mean things to other people.,0.1477,positive,0.136,0.864,0.0
62U759,Peer Music,10,"And that's just heightened with songs and music, I feel like.",0.3612,positive,0.217,0.783,0.0
62U759,Peer Music,11,"I think that even though the songs that played that they were saying were their favorite, I had no idea.",0.4939,positive,0.239,0.664,0.097
62U759,Peer Music,12,I had never heard them before.,0.0,neutral,0.0,1.0,0.0
62U759,Peer Music,13,Like listening to the lyrics and not having any distractions sort of made me focus on the lyrics and that definitely made me feel a certain level of connection.,0.7929,positive,0.274,0.726,0.0
62U759,Peer Music,14,to the people and made me kind of curious to learn more about them.,0.2516,positive,0.134,0.866,0.0
62U759,Peer Music,15,"Like, why is this your favorite?",0.6705,positive,0.579,0.421,0.0
62U759,Peer Music,16,It made me want to ask them questions.,0.0772,positive,0.157,0.843,0.0
6759KU,Peer Music,0,"I think, yeah, I was definitely more focused when it came to like other people's suggestions versus the computers, just because... I enjoy learning about other people's music tastes and stuff and really want to try to see if I would enjoy like listening to it as well.",0.9632,positive,0.395,0.605,0.0
6R5ITB,Peer Music,0,I thought that was kind of fun.,0.4601,positive,0.376,0.624,0.0
6R5ITB,Peer Music,1,It was kind of fun to just like listen to other people's music and my music.,0.6712,positive,0.282,0.718,0.0
6R5ITB,Peer Music,2,I thought they were good.,0.4404,positive,0.492,0.508,0.0
6R5ITB,Peer Music,3,"I hadn't heard any of them before, which I was a little bit surprised, but also not surprised by.",0.3057,positive,0.188,0.812,0.0
6R5ITB,Peer Music,4,I feel like there's just so much music out there.,0.3612,positive,0.238,0.762,0.0
6R5ITB,Peer Music,5,I didn't really expect to know them.,0.0,neutral,0.0,1.0,0.0
6R5ITB,Peer Music,7,But I thought they were good.,0.5927,positive,0.49,0.51,0.0
6R5ITB,Peer Music,8,"I feel like they were just maybe a little bit different than the music that I listened to, but it was still fun.",0.7351,positive,0.256,0.744,0.0
6R5ITB,Peer Music,9,"Like I could kind of see where, like why someone would have this as their favorite song or like why they would have it as their, like a upbeat song.",0.9001,positive,0.361,0.639,0.0
6R5ITB,Peer Music,10,"And then for other people's, music.",0.0,neutral,0.0,1.0,0.0
6R5ITB,Peer Music,11,I don't know if I had any expectations.,0.0,neutral,0.0,1.0,0.0
6R5ITB,Peer Music,12,I was kind of just excited to see what other people put.,0.34,positive,0.194,0.806,0.0
6R5ITB,Peer Music,13,I was kind of cool to see like where they were from.,0.5434,positive,0.334,0.666,0.0
6R5ITB,Peer Music,14,There was this one song that was a little bit more country-esque.,0.0,neutral,0.0,1.0,0.0
6R5ITB,Peer Music,15,"And I was like, yeah, this checks out.",0.5719,positive,0.485,0.515,0.0
6R5ITB,Peer Music,16,"I liked when, this is gonna sound silly, but I feel like I could like kind of like make up their personality, even though I couldn't like see them based on the song.",0.9319,positive,0.409,0.591,0.0
6R5ITB,Peer Music,17,"Just because I feel like certain types of music kind of have certain personalities of not always, but so I was kind of like imagining like, what that person is like in my head.",0.9118,positive,0.36,0.64,0.0
79TSTS,Peer Music,0,I think I liked the songs that were selected by people more.,0.4215,positive,0.237,0.763,0.0
79TSTS,Peer Music,1,"but the ones that were selected for participants that were, that was a little more interesting, I guess.",0.5532,positive,0.192,0.808,0.0
79TSTS,Peer Music,2,The music itself was really good.,0.4927,positive,0.39,0.61,0.0
79TSTS,Peer Music,3,"I mean, it was more engaging.",0.4005,positive,0.402,0.598,0.0
79TSTS,Peer Music,4,And I felt it was a bit more good to listen to compared to the songs that were selected by the other participants.,0.4927,positive,0.138,0.862,0.0
7D8BPD,Peer Music,0,"Yeah, I felt like there was one that I enjoyed more than the other.",0.7906,positive,0.471,0.529,0.0
7D8BPD,Peer Music,1,"They very much seemed to be more like, in my opinion, what's popular right now.",0.6801,positive,0.301,0.699,0.0
7D8BPD,Peer Music,2,"Like I could identify the genres and I was like, oh yeah, like that makes sense.",0.8271,positive,0.492,0.508,0.0
7D8BPD,Peer Music,3,"I, you know, like a different person would enjoy this.",0.6908,positive,0.449,0.551,0.0
9772KI,Peer Music,0,I didn't know either of the like other people's like answers that they had submitted that were played.,0.7506,positive,0.346,0.654,0.0
9772KI,Peer Music,1,So I liked those too.,0.4754,positive,0.508,0.492,0.0
9772KI,Peer Music,2,"And for the other peoples, I kind of like wondered if they would be like songs that I knew and both of them weren't.",0.529,positive,0.181,0.819,0.0
9772KI,Peer Music,3,So that was interesting to like open up to.,0.6666,positive,0.438,0.562,0.0
IAFS52,Peer Music,0,They were a lot more similar to my music tastes than they thought they would be.,0.0,neutral,0.0,1.0,0.0
IAFS52,Peer Music,1,That kind of like shocked me.,-0.024,neutral,0.259,0.47,0.27
IAFS52,Peer Music,2,"the other people's songs that they had, that you heard, you felt like you were able to relate to those a little bit more.",0.3612,positive,0.102,0.898,0.0
IAFS52,Peer Music,3,or at least it felt like I'm connecting to someone even though I do not know them.,0.3612,positive,0.143,0.857,0.0
IF5UTV,Peer Music,0,"when I was there, it was like, the person was also from a place that's meaningful to me.",0.5859,positive,0.255,0.745,0.0
IF5UTV,Peer Music,1,"And it was a song I hadn't heard before, but that I really connected with.",0.0,neutral,0.0,1.0,0.0
IF5UTV,Peer Music,2,"And I feel like I was able to like, it was a really sad song.",0.1548,positive,0.287,0.517,0.195
IF5UTV,Peer Music,3,So I feel like I connected to it more.,0.4173,positive,0.317,0.683,0.0
IF5UTV,Peer Music,4,And it almost felt like more meaningful.,0.5879,positive,0.491,0.509,0.0
IF5UTV,Peer Music,5,"But otherwise, I didn't experience a lot of connection.",0.0,neutral,0.0,1.0,0.0
IF5UTV,Peer Music,6,"When my favorite song was playing one time, and there were like four different people from four different states, I was like, I wonder what the person from Texas is thinking of this song versus like the person from New Jersey.",0.8834,positive,0.266,0.734,0.0
IF5UTV,Peer Music,7,Like I hope they both like it.,0.7845,positive,0.725,0.275,0.0
IF5UTV,Peer Music,8,"Like I wish I could see if they liked it, but that's really it.",0.5423,positive,0.379,0.621,0.0
IF5UTV,Peer Music,9,"The one song that I heard when the other person was in the room, I really liked.",0.4754,positive,0.181,0.819,0.0
IF5UTV,Peer Music,10,The other one was like completely out of my normal listening habits.,0.3612,positive,0.185,0.815,0.0
IF5UTV,Peer Music,11,And I found it like abrasive.,0.3612,positive,0.385,0.615,0.0
IF5UTV,Peer Music,12,So I wasn't a big fan of it.,-0.3017,negative,0.0,0.692,0.308
IF5UTV,Peer Music,13,"For other people's songs, I went in like very open-minded and pretty excited.",0.8107,positive,0.482,0.518,0.0
IF5UTV,Peer Music,14,"Like, I like hearing songs that are meaningful to people and trying to figure out why they are meaningful.",0.8225,positive,0.407,0.593,0.0
IF5UTV,Peer Music,15,So I was excited about those,0.3976,positive,0.401,0.599,0.0
IOEYMP,Peer Music,0,"I think it was, I think it's a cool concept, but since we don't actually get to interact, then it's, it like doesn't really feel like there are other people.",0.7992,positive,0.253,0.747,0.0
IOEYMP,Peer Music,1,"It's just like, there could be people that are listening to the same music at the same time as me.",0.3612,positive,0.116,0.884,0.0
IOEYMP,Peer Music,2,"But it's just, there's like a disconnect.",0.5023,positive,0.394,0.606,0.0
IOEYMP,Peer Music,3,"at the same time in like the rooms that I was in with people, I was also like, if we were listening to my music, then I was like, oh, I hope this isn't, I hope this doesn't like suck.",0.9451,positive,0.394,0.606,0.0
IOEYMP,Peer Music,4,I hope it's not like a bad song choice or something.,0.5632,positive,0.415,0.433,0.152
IOEYMP,Peer Music,5,"Like I was like kind of more critical of like my music taste, I guess.",0.6003,positive,0.393,0.471,0.136
IOEYMP,Peer Music,6,"I think I only listened to like a couple of other people's songs, but the first one I heard I like really liked.",0.8458,positive,0.379,0.621,0.0
IOEYMP,Peer Music,7,It was like something that I would listen to.,0.3612,positive,0.263,0.737,0.0
IOEYMP,Peer Music,8,"And I was like, oh, I would listen to something like this.",0.6124,positive,0.385,0.615,0.0
IOEYMP,Peer Music,9,So I was like kind of excited about that.,0.6344,positive,0.463,0.537,0.0
IQLWA6,Peer Music,0,People had really good songs.,0.4927,positive,0.444,0.556,0.0
IQLWA6,Peer Music,1,I liked the participants' songs more than the computer suggestions.,0.4215,positive,0.259,0.741,0.0
IQLWA6,Peer Music,2,"But when it was like someone else's like, I don't know, it's just something to it.",0.7579,positive,0.333,0.667,0.0
IQLWA6,Peer Music,3,"But I was like, oh, I want to know this song like outside of here.",0.7876,positive,0.443,0.557,0.0
IQLWA6,Peer Music,4,"the other participants' songs were like actually, you felt differently about those.",0.3612,positive,0.185,0.815,0.0
IQLWA6,Peer Music,5,"when I listen to like, the ones that like, this is another participant song.",0.6124,positive,0.312,0.688,0.0
IQLWA6,Peer Music,6,I try to like picture what they're like.,0.6124,positive,0.5,0.5,0.0
IQLWA6,Peer Music,7,"And especially if I did like the song, I'd be like, you sound like a really chill person.",0.8069,positive,0.389,0.611,0.0
IQLWA6,Peer Music,8,"I was like, I want to be friends.",0.7096,positive,0.697,0.303,0.0
IQLWA6,Peer Music,9,"Because I think when even like with the participant song, like in the beginning, like I was like really focused on like, oh, like what is this?",0.9422,positive,0.499,0.501,0.0
IQLWA6,Peer Music,10,"And then like they keep me engaged until the end and then I'd be like, oh, that's a good song.",0.8625,positive,0.414,0.586,0.0
J0QRGC,Peer Music,3,"kind of didn't like some of the other songs that like the other participants liked, but yeah.",0.3798,positive,0.226,0.625,0.149
J0QRGC,Peer Music,4,"I kind of thought that there would be a wider range of genres, like from other people.",0.3612,positive,0.152,0.848,0.0
J0QRGC,Peer Music,5,"I think for like listening to other people's songs, I kind of just like listening to it, I kind of just tried to like enjoy it and see if I recognized the song and if I liked it and thought it was like relatable.",0.9325,positive,0.327,0.673,0.0
J0QRGC,Peer Music,6,And most of the time it wasn't.,0.0,neutral,0.0,1.0,0.0
J0QRGC,Peer Music,7,"And I was also kind of just thinking like how similar they are to other songs that I like I feel like some of the songs that I listen to or that I like, I know that most other people probably won't like them or it just sounds weird to them.",0.8689,positive,0.235,0.733,0.032
J0QRGC,Peer Music,8,But I still liked listening to those songs.,0.5719,positive,0.381,0.619,0.0
J4J4VY,Peer Music,0,"I thought it was cool seeing like where other people were from Honestly, I heard mostly my songs, I thought, but one of the other person's songs I thought felt very like music theater type of vibe in a way that I don't really enjoy.",0.4372,positive,0.186,0.732,0.081
J4J4VY,Peer Music,1,But I still thought it was like more enjoyable compared to the first computer generate or the algorithm song.,0.8196,positive,0.32,0.68,0.0
J4J4VY,Peer Music,2,"Yeah, the real person's song, I was more of like, this is someone's favorite song.",0.7893,positive,0.42,0.58,0.0
J4J4VY,Peer Music,3,"Like, they must like something about it.",0.6124,positive,0.5,0.5,0.0
J4J4VY,Peer Music,4,And I was kind of curious like what they like about it.,0.719,positive,0.467,0.533,0.0
J4J4VY,Peer Music,5,"It was more interesting, I would say, just because I don't know anything about them.",0.4576,positive,0.2,0.8,0.0
J4J4VY,Peer Music,6,"That I found myself kind of being like, oh, what type of person do I think would like this?",0.6124,positive,0.25,0.75,0.0
J4J4VY,Peer Music,7,"Or based on the map that I saw, like, which school do I think they might be from?",0.3612,positive,0.143,0.857,0.0
J4J4VY,Peer Music,8,So I thought that part was interesting.,0.4019,positive,0.351,0.649,0.0
J4J4VY,Peer Music,9,"It also felt like less pressure to be like, I really like this.",0.6801,positive,0.431,0.46,0.11
J4J4VY,Peer Music,10,"So normally when my friends recommend me music, I'm more inclined to say I like it.",0.7964,positive,0.403,0.597,0.0
J4J4VY,Peer Music,11,"If I actually don't, then I was with the anonymous people.",0.0,neutral,0.0,1.0,0.0
JAC6MU,Peer Music,0,I don't think I heard enough of it.,0.0,neutral,0.0,1.0,0.0
JAC6MU,Peer Music,1,I guess the study should have just been longer.,0.0,neutral,0.0,1.0,0.0
JAC6MU,Peer Music,2,That's what I thought.,0.0,neutral,0.0,1.0,0.0
JAC6MU,Peer Music,3,Because I only heard two other people's songs.,0.0,neutral,0.0,1.0,0.0
JAC6MU,Peer Music,8,I didn't have a strong reaction to either of them.,-0.4023,negative,0.0,0.722,0.278
JAC6MU,Peer Music,9,"But the two, like from other people, actually one of them I really liked.",0.8121,positive,0.402,0.598,0.0
JAC6MU,Peer Music,10,One of them I was a big fan of.,0.3182,positive,0.277,0.723,0.0
JAC6MU,Peer Music,11,"But with the other people, it's like, okay, I'll hear you out.",0.6808,positive,0.359,0.641,0.0
JBNB4U,Peer Music,0,t's like sharing music with someone that you don't know or like don't even know like who they are.,0.8519,positive,0.407,0.593,0.0
JBNB4U,Peer Music,1,It's kind of like kind of intimidating.,-0.1761,negative,0.218,0.495,0.287
JBNB4U,Peer Music,2,"But it's also nice, like, they don't know who I am.",0.7876,positive,0.465,0.535,0.0
JBNB4U,Peer Music,3,"So it's kind of like, we're just sharing songs that we really like together and never gonna meet them.",0.7363,positive,0.311,0.689,0.0
JBNB4U,Peer Music,4,"Like, I don't know what they think about it, which is also like another factor of like what makes me nervous.",0.6597,positive,0.293,0.625,0.082
JBNB4U,Peer Music,5,"I mean, I like some of them.",0.3612,positive,0.385,0.615,0.0
JBNB4U,Peer Music,6,It just makes me more curious about who they are.,0.3804,positive,0.224,0.776,0.0
JBNB4U,Peer Music,7,"But it's definitely fun because, like, you know, like there's like Spotify who does like the daily discover or weekly discover.",0.9682,positive,0.583,0.417,0.0
JBNB4U,Peer Music,8,Kind of feels like that.,0.3612,positive,0.385,0.615,0.0
JBNB4U,Peer Music,9,"Like just like kind of put in the background, but this time I was like listening to it more.",0.6956,positive,0.31,0.69,0.0
JBNB4U,Peer Music,10,Kind of see like where they're coming from.,0.3612,positive,0.263,0.737,0.0
JBNB4U,Peer Music,11,Like why'd you choose this song?,0.3612,positive,0.333,0.667,0.0
JBNB4U,Peer Music,12,"The ones that the other people chose, it was more personal that I was thinking",0.0,neutral,0.0,1.0,0.0
KI6KAH,Peer Music,0,"I mean, it's definitely more interesting with other people.",0.6901,positive,0.487,0.513,0.0
KI6KAH,Peer Music,1,"But when it was just me, I could just kind of like enjoy my music.",0.797,positive,0.372,0.628,0.0
KI6KAH,Peer Music,2,Because a lot of it was like my own music when it was individual.,0.3612,positive,0.172,0.828,0.0
KI6KAH,Peer Music,3,"And then in groups sometimes, like if it was my music and I was in a group with other people, I was like, oh, I wonder how how they're reacting to it.",0.6124,positive,0.161,0.839,0.0
KI6KAH,Peer Music,4,"And then if it was like someone else's music when we were in a group, I was like, oh, I wonder who it's from and like how they're reacting.",0.7579,positive,0.246,0.754,0.0
KI6KAH,Peer Music,5,"But then if it was like just me listening to music, I was just listening to music.",0.5023,positive,0.178,0.822,0.0
KI6KAH,Peer Music,6,I think it was mainly curiosity.,0.0,neutral,0.0,1.0,0.0
KI6KAH,Peer Music,7,"Whereas my music, I was definitely a little bit like, one of those songs was like, oh, this is kind of silly.",0.7141,positive,0.294,0.657,0.049
KI6KAH,Peer Music,8,"I wonder like, you know, just like a little bit of like, not necessarily embarrassment, but like, I wonder what they think of me from this song, but it was mainly just curiosity.",0.8022,positive,0.29,0.71,0.0
KI6KAH,Peer Music,9,"I don't know, like there are some songs that seem, excuse me, to reference, like California.",-0.4442,negative,0.074,0.685,0.241
KI6KAH,Peer Music,10,"And there was one where it was like, I had a California person, a New York person.",0.3612,positive,0.161,0.839,0.0
KI6KAH,Peer Music,11,"I was like, I wonder if this is a California person.",0.3612,positive,0.263,0.737,0.0
KI6KAH,Peer Music,12,But it was also kind of a sad song.,-0.6798,negative,0.0,0.604,0.396
KI6KAH,Peer Music,13,"So I was like, oh, I wonder, I don't know.",0.4173,positive,0.317,0.683,0.0
KI6KAH,Peer Music,14,I just feel like New York is like a more sad place.,0.1548,positive,0.325,0.455,0.22
KI6KAH,Peer Music,15,"So I was like, oh, maybe it's like them.",0.6764,positive,0.481,0.519,0.0
KI6KAH,Peer Music,16,"And so it was just kind of like, I wonder which one of these.",0.2975,positive,0.155,0.845,0.0
KI6KAH,Peer Music,17,"I think if there was, there was one person from Texas, but none of the songs, I think I would have assumed like country music or Western music with Texas or Georgia.",0.5023,positive,0.104,0.896,0.0
KI6KAH,Peer Music,18,So I'm from North Carolina.,0.0,neutral,0.0,1.0,0.0
KI6KAH,Peer Music,19,So I know country music.,0.0,neutral,0.0,1.0,0.0
KI6KAH,Peer Music,21,"So like if that had played, I think I would have assumed it was one of them.",0.6361,positive,0.285,0.715,0.0
KI6KAH,Peer Music,22,"But then some of the happier songs are the ones that like, they just felt like California to me.",0.9022,positive,0.41,0.59,0.0
KI6KAH,Peer Music,23,"And I was like, I feel like these are for people who live in California.",0.6124,positive,0.312,0.688,0.0
L0CULX,Peer Music,1,"I was like, I guess I was kind of eager to like maybe think what another participant thought of what my music was.",0.7357,positive,0.298,0.702,0.0
L0CULX,Peer Music,2,"There were some, I don't know, like there were two very, like one computer selected one was very electronic.",-0.4973,negative,0.0,0.791,0.209
L0CULX,Peer Music,3,"And then some, one other, the last one I heard was like that.",0.3612,positive,0.185,0.815,0.0
L0CULX,Peer Music,4,"And then the one other one was more indie, I would think.",0.0,neutral,0.0,1.0,0.0
L0CULX,Peer Music,5,But I kind of enjoyed them all.,0.6137,positive,0.445,0.555,0.0
L0CULX,Peer Music,6,"The one that the person suggested one was, more, it was like unique, I guess.",0.4144,positive,0.175,0.825,0.0
L0CULX,Peer Music,7,Like the sounded like the guy had a lisp in the song and the way I felt like the song was written was more unique than like the computer one.,0.8402,positive,0.294,0.706,0.0
L0CULX,Peer Music,8,"guess I connected more because I was thinking about lyrics and thinking about, like that was another thing for other people's things as well.",0.5574,positive,0.187,0.813,0.0
L0CULX,Peer Music,9,"I was thinking about their, like what their lyrics were and like maybe if they chose it off that.",0.6124,positive,0.238,0.762,0.0
OA8J4N,Peer Music,0,"I think I was definitely more open-minded to the ones from other participants because I'm like, they're other people.",0.6369,positive,0.257,0.743,0.0
OA8J4N,Peer Music,1,So they have like a reason why this is their favorite song or this is a song that makes them want to dance or whatever.,0.7239,positive,0.261,0.739,0.0
OSF8B7,Peer Music,0,I really liked the one.,0.4754,positive,0.508,0.492,0.0
OSF8B7,Peer Music,1,I think I've heard it like once before.,0.3612,positive,0.294,0.706,0.0
OSF8B7,Peer Music,2,It kind of sounded like a Lovejoy song.,0.3612,positive,0.294,0.706,0.0
OSF8B7,Peer Music,3,It might have been a Lovejoy song.,0.0,neutral,0.0,1.0,0.0
OSF8B7,Peer Music,4,It sounded like them.,0.3612,positive,0.455,0.545,0.0
OSF8B7,Peer Music,5,But my friend really likes that band and it sounds like a song she would like.,0.9427,positive,0.576,0.424,0.0
OSF8B7,Peer Music,6,And I think I've heard it from her.,0.0,neutral,0.0,1.0,0.0
P7WEZC,Peer Music,0,"But then when I saw this is a computer [suggested] song that's recommended for you, I was just like, “OK, cool.”",0.6652,positive,0.254,0.746,0.0
P7WEZC,Peer Music,1,"I like this too, but it's not the same because it's not somebody else recommending this for you.",0.1901,positive,0.099,0.901,0.0
PF65TG,Peer Music,0,"I think I was more excited to hear like someone else's like music tours, even if I like didn't like it.",0.8932,positive,0.494,0.506,0.0
PF65TG,Peer Music,1,"Like I was still like, oh, like it's a new song and then I've never heard it before.",0.7579,positive,0.366,0.634,0.0
PF65TG,Peer Music,2,Like I'll listen to it.,0.3612,positive,0.385,0.615,0.0
PUN5JW,Peer Music,1,I really liked one person's song that was like somebody's in the session.,0.6801,positive,0.359,0.641,0.0
QNJQ2F,Peer Music,1,It wasn't like my thing really.,-0.2755,negative,0.0,0.703,0.297
QNJQ2F,Peer Music,2,"But I mean, some of it was similar to what I would listen to.",0.0,neutral,0.0,1.0,0.0
TU93WC,Peer Music,0,"I thought it was fun just like knowing other people are listening as well, but there was also that like slight vulnerability of like, I know other people are hearing a song that I really like.",0.8968,positive,0.357,0.588,0.055
TU93WC,Peer Music,1,So And it's hard when you don't get to know what they think.,-0.1689,negative,0.0,0.878,0.122
TU93WC,Peer Music,2,"So it's just like, oh, hopefully they liked it, For sure.",0.8612,positive,0.601,0.399,0.0
TU93WC,Peer Music,3,I felt pretty neutral about it for the most part.,0.4939,positive,0.286,0.714,0.0
TU93WC,Peer Music,4,"I think there were some where I was like, oh yeah, I'm kind of like tapping along to this or whatever.",0.7351,positive,0.31,0.69,0.0
TU93WC,Peer Music,5,"The beat was kind of nice, but it never extended beyond that.",0.191,positive,0.137,0.863,0.0
TU93WC,Peer Music,6,I think the lyrics is probably the biggest thing.,0.0,neutral,0.0,1.0,0.0
TU93WC,Peer Music,7,"Like if somebody, I was listening to a song that they liked, I was thinking about the lyrics like, oh, what about this might have resonated with them.",0.7783,positive,0.262,0.738,0.0
V1B21E,Peer Music,0,"But I did like the songs from the other participants, like the very varying genres.",0.7579,positive,0.351,0.649,0.0
V1B21E,Peer Music,1,"The first one I heard was exactly the genres that I listened to, but the last one I heard was very much not.",0.0,neutral,0.0,1.0,0.0
V1B21E,Peer Music,2,"It was more like Wrap in production and whatnot, but it had a bunch of orchestral elements in it, which was really cool.",0.647,positive,0.209,0.791,0.0
V1B21E,Peer Music,3,"Yeah, there's always at least like one part in every song from another participant that I'm like, oh yeah, that was actually a really good part and it'd be worth listening to the song again to hear it again.",0.9099,positive,0.312,0.688,0.0
V1B21E,Peer Music,4,"I wish I could like provide context to them because two of them, it was like your personal favorite song.",0.8658,positive,0.433,0.567,0.0
V1B21E,Peer Music,5,"And I was like, under very certain circumstances, Are those like my very personal favorite songs?",0.8648,positive,0.492,0.508,0.0
V1B21E,Peer Music,6,"Because they're from like olden times, is like how I describe them.",0.6124,positive,0.357,0.643,0.0
V1B21E,Peer Music,7,Because I just listen to music through like weekly obsessions.,0.1531,positive,0.219,0.614,0.167
V1B21E,Peer Music,8,"So like my personal favorite song is not the ones that were up there, but obviously that's why I picked those because like they last kind of through the obsessions.",0.6412,positive,0.217,0.716,0.067
V1B21E,Peer Music,9,"But yeah, I wish I could like explain why or how I ended up with them.",0.8625,positive,0.49,0.51,0.0
V47GRV,Peer Music,0,"I mean, obviously less engaging because I don't know them, but I mean, they weren't bad.",0.6518,positive,0.326,0.674,0.0
V47GRV,Peer Music,1,I expected the other people's favorite songs to be a more diverse set of genres.,0.4588,positive,0.2,0.8,0.0
V47GRV,Peer Music,2,It's kind of cool because in a way you kind of feel like you're sharing.,0.7436,positive,0.399,0.601,0.0
V47GRV,Peer Music,3,"Like when it's my song and it's other people, you kind of feel like you're sharing it and you're kind of glad that the other people get to hear it.",0.8593,positive,0.288,0.712,0.0
V4HSKU,Peer Music,0,I don't really care about what other people are thinking about during in that room just because it's my favorite and I enjoy it.,0.5196,positive,0.221,0.677,0.101
V4HSKU,Peer Music,1,"And then along with the other people, or I guess I'll just stick with that for now, but with the other people in the room with their favorite song, I feel like I was more prone to like wanting to enjoy it for their purposes because it's someone else's favorite song in the room.",0.9628,positive,0.29,0.71,0.0
V4HSKU,Peer Music,2,then there's other people in the room.,0.0,neutral,0.0,1.0,0.0
V4HSKU,Peer Music,3,I would say I was kind of doing the same thing.,0.0,neutral,0.0,1.0,0.0
V4HSKU,Peer Music,4,"Like I wanted other people to enjoy it, but also like it's my favorite song.",0.8779,positive,0.526,0.474,0.0
V6UZPS,Peer Music,0,"Yeah, I could definitely tell what kind of emotions they were feeling, what made them choose it.",0.6597,positive,0.33,0.67,0.0
V6UZPS,Peer Music,1,"I like that it felt really real, because I also had a song that basically gave the same kind of vibes and was saying the same thing as their song.",0.3612,positive,0.088,0.912,0.0
V6UZPS,Peer Music,2,"So I was wondering if they heard my song, and if they resonated with that one as well.",0.2732,positive,0.116,0.884,0.0
V6UZPS,Peer Music,3,"If they chose it because they liked the tune, then I can't really resonate, but if they actually listened to the lyrics and felt emotion when listening to that song, like I've been through similar situations and I totally know how it feels.",0.631,positive,0.117,0.883,0.0
VD1PLG,Peer Music,0,"Some, like I think like a lot of like the personal songs, like not the like fun ones, are just different.",0.8315,positive,0.443,0.461,0.096
VD1PLG,Peer Music,1,Like they're not for me.,0.3612,positive,0.385,0.615,0.0
VD1PLG,Peer Music,2,I just don't think like I relate to it.,-0.2755,negative,0.0,0.74,0.26
VD1PLG,Peer Music,3,"One of the songs, I only see like, remember when it was like moonlight themed?",0.6124,positive,0.294,0.706,0.0
VD1PLG,Peer Music,4,It was like by a guy.,0.3612,positive,0.385,0.615,0.0
VD1PLG,Peer Music,5,"But I was like, this means something to someone.",0.5023,positive,0.317,0.683,0.0
VD1PLG,Peer Music,6,"So I'm like, I was like, for a second I was like, I wonder how they think of my songs.",0.8092,positive,0.391,0.609,0.0
VD1PLG,Peer Music,7,I don't think I count like songs like that as my favorite because I don't emotionally relate to them.,-0.0567,negative,0.148,0.643,0.209
VD1PLG,Peer Music,8,"I'm like, I feel like a lot of them are like from the perspective of a man to begin with.",0.7579,positive,0.349,0.651,0.0
W5T7LB,Peer Music,0,"It was fun when like there was other people in the room and it said that it was someone else's favorite song and then I could kind of like I was kind of like guessing like where they were maybe, or when it was my favorite song and being like, do they think it's like me?",0.9694,positive,0.351,0.649,0.0
W5T7LB,Peer Music,1,"it was definitely more enjoyable when it was like, when I could see other people were listening as well And then like the other participants, a couple of them I liked, and some of them I didn't, I wouldn't like gravitate towards.",0.9459,positive,0.379,0.621,0.0
W5T7LB,Peer Music,2,"But like I could recognize like artists in some of them, which was cool, but I didn't recognize like, I don't think any of the songs I, other than my own were ones that I like actually recognized.",0.9428,positive,0.355,0.645,0.0
WOGMXV,Peer Music,0,I thought it was kind of cool when I was in a room with multiple people and I was listening to someone else's song.,0.2516,positive,0.096,0.904,0.0
WOGMXV,Peer Music,1,I feel like because with the participants songs I was trying to figure out like how the song would connect to them and kind of like I guess understand it on a more personal level and a human level.,0.7579,positive,0.195,0.805,0.0
WOGMXV,Peer Music,2,"It's like comforting to know that when someone listened to a song, they thought, oh, I think that Gianna would like this song, or I think that this person would like this song.",0.8481,positive,0.282,0.718,0.0
WOGMXV,Peer Music,3,"I, in listening to the other, I think it was once I like listened to someone else's favorite song and I had literally no idea like why that song meant something to them.",0.7003,positive,0.221,0.718,0.061
WOGMXV,Peer Music,4,I listened to two songs that were like other people's favorites and I had never heard of either of them.,0.6486,positive,0.249,0.751,0.0
WOGMXV,Peer Music,5,So it was just kind of like a completely new song.,0.2975,positive,0.197,0.803,0.0
WOGMXV,Peer Music,6,"I was like, oh, cool.",0.5859,positive,0.706,0.294,0.0
WOGMXV,Peer Music,8,"Just taking in the song itself and just, yeah.",0.296,positive,0.216,0.784,0.0
WXA3LM,Peer Music,0,"I felt like it was like a lot of, I think when I was listening to other people, it was a lot of like other people's music.",0.7579,positive,0.283,0.717,0.0
WXA3LM,Peer Music,1,"So I don't know how much I fully connected them I don't like, there's the whole connection bit where you don't quite feel connected because I feel like connections spawn from like maybe how you find the music.",-0.652,negative,0.0,0.83,0.17
WXA3LM,Peer Music,2,"So I don't think I felt connected to their songs, but I did generally enjoy them.",0.6486,positive,0.264,0.736,0.0
X1QQ4F,Peer Music,0,"or some of the songs that other people picked, it just wasn't my style and I was like, “oh, I wonder why this is their favorite.”",0.3612,positive,0.098,0.902,0.0
X1QQ4F,Peer Music,1,"there was one with guitar that actually I thought it was nice and it was fun, but that one also felt long, so I don't know if it was just because it was.",0.4678,positive,0.123,0.877,0.0
X1QQ4F,Peer Music,2,If it's stagnant or it was just kind of the same thing for a while.,0.0,neutral,0.0,1.0,0.0
X1QQ4F,Peer Music,4,It was definitely interesting.,0.6597,positive,0.73,0.27,0.0
X1QQ4F,Peer Music,5,"But yeah, not my cup of tea usually.",0.4215,positive,0.286,0.714,0.0
X1QQ4F,Peer Music,6,"there's a chance that maybe it was like when I listened to one of the other person's songs where it was, like, maybe they were thinking the same thing.",0.7184,positive,0.226,0.774,0.0
X6YZK0,Peer Music,0,"I don't know if like this makes sense, but I almost like gave it more attention because I felt like, it's like respectful to actually like listen to it before I pass judgment to it.",-0.7364,negative,0.097,0.607,0.296
X8MNUK,Peer Music,0,"If it was someone else’s song, I would wonder who had picked it.",0.0,neutral,0.0,1.0,0.0
X8MNUK,Peer Music,1,I definitely thought it was interesting to kind of picture why that person liked that song.,0.802,positive,0.406,0.594,0.0
X8MNUK,Peer Music,2,"Or like, what about it made that their favorite song.",0.6705,positive,0.407,0.593,0.0
X8MNUK,Peer Music,3,I was wondering why they connected so much to the song and like what it was about the song that made them like it so much.,0.6124,positive,0.179,0.821,0.0
X8MNUK,Peer Music,4,"Because when we were listening to the songs, some of them I didn't really relate to at all and I had no emotional connection to, but someone else obviously connected to it a lot.",-0.0772,negative,0.041,0.909,0.05
X8MNUK,Peer Music,5,So I guess I would want to see what it was about.,0.144,positive,0.148,0.852,0.0
X8MNUK,Peer Music,6,"I just think it's interesting learning about different people, what it is about them that connects them to that song.",0.4019,positive,0.13,0.87,0.0
X8MNUK,Peer Music,7,"I think that'd be cool, yeah.",0.5423,positive,0.6,0.4,0.0
XRONEG,Peer Music,0,I really liked how I could see like the other participants like on the map and how we all were listening to like the same song.,0.8622,positive,0.346,0.654,0.0
XRONEG,Peer Music,1,"It felt like we were connected, but like obviously I don't know them.",0.6124,positive,0.333,0.667,0.0
XRONEG,Peer Music,2,"And then just seeing like, oh, this is another person's favorite song.",0.6705,positive,0.355,0.645,0.0
XRONEG,Peer Music,3,And we were like enjoying it at the same time.,0.7096,positive,0.424,0.576,0.0
XRONEG,Peer Music,4,So the music from the other participants was actually similar to the ones that I chose or the ones that were played.,0.34,positive,0.107,0.893,0.0
XRONEG,Peer Music,5,"It was like kind of country, like folklore.",0.6124,positive,0.455,0.545,0.0
XRONEG,Peer Music,6,"The 2 that I heard, like I have never heard of them before, but I was like interested in them since I guess it was like similar to my own.",0.8957,positive,0.36,0.64,0.0
XRONEG,Peer Music,7,"Whereas compared to the other people's favorite songs or songs that make them happy or move, that just resonated with me more, even if I didn't like the song, just because I was like, this person's like vulnerable and they're sharing like a song that like means something to them.",0.0129,neutral,0.158,0.634,0.208
XRONEG,Peer Music,8,Like maybe I could find something that connects to me like within the song or like if it is similar to like my music taste.,0.8402,positive,0.333,0.667,0.0
XRONEG,Peer Music,9,So that was a lot better than just the computer.,0.4404,positive,0.266,0.734,0.0
XV0S8C,Peer Music,0,It was really interesting.,0.4576,positive,0.499,0.501,0.0
XV0S8C,Peer Music,1,I feel like it all had like the same themes.,0.6124,positive,0.417,0.583,0.0
XV0S8C,Peer Music,2,Like a lot of it was about like activism.,0.6124,positive,0.455,0.545,0.0
XV0S8C,Peer Music,3,"And the other people's was like super like money, like political environment.",0.886,positive,0.588,0.412,0.0
XV0S8C,Peer Music,4,So that was really interesting.,0.4576,positive,0.428,0.572,0.0
XV0S8C,Peer Music,5,"Like literally I think every other person's, you know, songs had like one of those themes.",0.6124,positive,0.278,0.722,0.0
XV0S8C,Peer Music,7,So that was really interesting.,0.4576,positive,0.428,0.572,0.0
XV0S8C,Peer Music,8,"For me, I tried really hard to listen to the lyrics more than I did like the actual music.",0.2665,positive,0.142,0.771,0.087
XV0S8C,Peer Music,9,"Because I think it's easier for me to like understand, you know, why it would be someone's favorite when I listen to the lyrics more than just like the, beats, because that's how it was for me.",0.8689,positive,0.258,0.742,0.0
XV0S8C,Peer Music,10,"Like, a lot of my favorite music isn't necessarily because of like, it's listening value, but more of like, it's like subject matter.",0.8968,positive,0.497,0.503,0.0
XV0S8C,Peer Music,11,I prefer the people's favorite songs rather than the computer.,0.4588,positive,0.273,0.727,0.0
XWM6DC,Peer Music,0,I've already forgotten half of them.,-0.2263,negative,0.0,0.725,0.275
XWM6DC,Peer Music,1,"Fine to good in general, I suppose.",0.5719,positive,0.54,0.46,0.0
XWM6DC,Peer Music,2,"Like, I mean, they were songs.",0.3612,positive,0.385,0.615,0.0
XWM6DC,Peer Music,3,I hadn't heard any of them before.,0.0,neutral,0.0,1.0,0.0
Y1I6D6,Peer Music,0,"They're all just kind of like not very great songs, I don't think.",-0.3191,negative,0.14,0.636,0.223
Y1I6D6,Peer Music,1,One sounded like it was from a musical and I didn't really like that.,0.6124,positive,0.333,0.667,0.0
Y1I6D6,Peer Music,2,Another one was very repetitive.,-0.3167,negative,0.0,0.636,0.364
Y1I6D6,Peer Music,3,And then they were just all kind of sad.,-0.5256,negative,0.0,0.702,0.298
Y1I6D6,Peer Music,4,"And I was like, I don't know.",0.3612,positive,0.385,0.615,0.0
Y1I6D6,Peer Music,5,I don't like this music right now.,-0.2755,negative,0.0,0.703,0.297
Y1I6D6,Peer Music,6,But the rest of them I was kind of like... this is garbage.,0.0,neutral,0.0,1.0,0.0
Y1I6D6,Peer Music,7,This is hot garbage.,0.0,neutral,0.0,1.0,0.0
Y1I6D6,Peer Music,9,A whole bunch of hot garbage.,0.0,neutral,0.0,1.0,0.0
Y9N2G1,Peer Music,0,"It was nice, you know, listening to other folks' interests, which I was not sure about.",0.4287,positive,0.256,0.64,0.105
Y9N2G1,Peer Music,1,"So, like, now I get to know that people do have different kind of tastes.",0.4201,positive,0.177,0.823,0.0
Y9N2G1,Peer Music,2,They were very varied.,0.0,neutral,0.0,1.0,0.0
Y9N2G1,Peer Music,3,"A few were kind of, I mean, on the valence scale, like few were, like, I mean, there were songs which made me feel happy.",0.8271,positive,0.314,0.686,0.0
Y9N2G1,Peer Music,4,"There were also like kind of slow songs, mellow songs, which were kind of made me feel sad.",-0.1531,negative,0.116,0.741,0.144
Y9N2G1,Peer Music,5,"So yeah, there were on a huge scale, I would say.",0.5849,positive,0.406,0.594,0.0
YP35AR,Peer Music,0,I was in the room with a person from Georgia and I was listening to their favorite song.,0.4588,positive,0.176,0.824,0.0
YP35AR,Peer Music,1,"And then I was like, I know they're listening to it.",0.3612,positive,0.238,0.762,0.0
YP35AR,Peer Music,2,"And I don't want them, like I don't want them to feel insecure that I'm listening to it, but I really enjoyed like their song.",0.14,positive,0.167,0.547,0.285
YP35AR,Peer Music,3,"And I, and I thought it was really like nice to hear someone else's favorite song with them like also listening to it.",0.8925,positive,0.393,0.607,0.0
YP35AR,Peer Music,4,"I think I recognized the artist of that song too, which I think was kind of funny, but it's just like, you feel like, why they like it and why it's so powerful to them.",0.9475,positive,0.379,0.621,0.0
YP35AR,Peer Music,5,"Like you can kind of, I feel like I can kind of get that.",0.6124,positive,0.333,0.667,0.0
YP35AR,Peer Music,6,"And so like, even with someone that I don't really know, like, you know, I feel like I do know them a little bit.",0.8115,positive,0.33,0.67,0.0
YP35AR,Peer Music,7,I enjoyed those songs more than the computer generated ones.,0.5106,positive,0.292,0.708,0.0
Z01ABO,Peer Music,0,there was just something so like personal about somebody like me imagining somebody like totally like jamming out through a song.,0.918,positive,0.448,0.552,0.0
Z01ABO,Peer Music,1,just something about knowing that it's like somebody was like sharing it was fun.,0.8779,positive,0.526,0.474,0.0
Z01ABO,Peer Music,2,"I know of the ones that I received, they were generally like fairly like happy kind of like romance songs.",0.93,positive,0.532,0.468,0.0
Z01ABO,Peer Music,3,"And they're kind of like I don't know, like any artist, because it was actually kind of funny, because I was listening to it, and I was like, these songs remind me of my friend Katie, who listens to songs like these.",0.9124,positive,0.307,0.693,0.0
